NUMERO_REGISTRO;PRODUTO_TECNICO_MARCA_COMERCIAL;INGREDIENTE_ATIVO(GRUPO_QUIMICI)(CONCENTRACAO);CLASSE;TITULAR_REGISTRO;EMPRESA_<PAIS>_TIPO;CLASSIFICACAO_TOXICOLOGICA;CLASSIFICACAO_AMBIENTAL
4215;2,4 D Técnico Mol;2,4-D (ácido ariloxialcanóico) (973 g/kg);Herbicida;Meghmani Organics Biodefensivos e Agrícolas do Brasil Ltda - Campinas/SP; (Meghmani Organics Ltd. - Unit II - Panoli<ÍNDIA>FABRICANTE);I;III
10116;2,4-D Acid Tecnico;2,4-D (ácido ariloxialcanóico) (980 g/kg);Herbicida;Sharda do Brasil Comércio de Produtos Químicos e Agroquímicos LTDA; (Swati Chemical Industries - Baroda<ÍNDIA>FABRICANTE) +  (Jiangsu Good Harvest - Weien Agrochemical Co. Ltd.<CHINA, REPUBLICA POPULAR>FABRICANTE);I;III
TC07521;2,4-D Acid Técnico Agrolead ;2,4-D (ácido ariloxialcanóico) (980 g/kg);Herbicida;Agro-Lead Brasil Assessoria em Produtos Agrícolas Ltda - EPP;;PT;III
16012;2,4-D Acido Tecnico Milenia Br;2,4-D (ácido ariloxialcanóico) (970 g/kg);Herbicida;Adama Brasil S.A.- Londrina/PR;;I;III
14012;2,4-D TC Tecnico Prentiss;2,4-D (ácido ariloxialcanóico) (970 g/kg);Herbicida;Prentiss Química Ltda. - Campo Largo/PR;;I;III
TC00523;2,4-D TC Técnico Prentiss II;2,4-D (ácido ariloxialcanóico) (980 g/kg);Herbicida;Prentiss Química Ltda. - Campo Largo/PR; (Adama Huifeng (Jiangsu) Ltd.<CHINA, REPUBLICA POPULAR>FABRICANTE);PT;III
15612;2,4-D Tecnico Atanor II;2,4-D (ácido ariloxialcanóico) (960 g/kg);Herbicida;Albaugh Agro Brasil Ltda.- São Paulo; (Shandong Weifang Rainbow Chemical Co., Ltd. - Unidade Fabril 01<CHINA, REPUBLICA POPULAR>FABRICANTE) +  (Jiangxi Tianyu Chemical Co., Ltd.<CHINA, REPUBLICA POPULAR>FABRICANTE);I;III
114;2,4-D Tecnico OF;2,4-D (ácido ariloxialcanóico) (960 g/kg);Herbicida;Ouro Fino Química S.A. - Uberaba; (Shandong Weifang Rainbow Chemical Co., Ltd. - Unidade Fabril 01<CHINA, REPUBLICA POPULAR>FABRICANTE);I;III
0314;2,4-D Tecnico SWR Agroimport;2,4-D (ácido ariloxialcanóico) (960 g/kg);Herbicida;Agro Import do Brasil Ltda. - Porto Alegre/RS; (Shandong Weifang Rainbow Chemical Co., Ltd. - Unidade Fabril 01<CHINA, REPUBLICA POPULAR>FABRICANTE);I;III
007607;2,4-D Técnico;2,4-D (ácido ariloxialcanóico) (960 g/kg);Herbicida;Globachem Proteção de Cultivos do Brasil Ltda. - Campinas/SP; (Jingjiang Wintafone Chemical Co, Ltd.<CHINA, REPUBLICA POPULAR>FABRICANTE);I;III
7314;2,4-D Técnico AL;2,4-D (ácido ariloxialcanóico) (960 g/kg);Herbicida;AllierBrasil Agro Ltda.;;I;III
20418;2,4-D Técnico Agrisor;2,4-D (ácido ariloxialcanóico) (980 g/kg);Herbicida;CAC Quimica do Brasil Ltda;;I;III
10618;2,4-D Técnico AgroImport;2,4-D (ácido ariloxialcanóico) (970 g/kg);Herbicida;Agro Import do Brasil Ltda. - Porto Alegre/RS;;I;III
26419;2,4-D Técnico Albaugh;2,4-D (ácido ariloxialcanóico) (980 g/kg);Herbicida;Albaugh Agro Brasil Ltda.- São Paulo; (CAC Nantong Chemical Co. Ltd. - Jiangsu<CHINA, REPUBLICA POPULAR>FABRICANTE);I;III
15512;2,4-D Técnico Alta;2,4-D (ácido ariloxialcanóico) (960 g/kg);Herbicida;ALTA - America Latina Tecnologia Agrícola Ltda.- Curitiba; (Jiangsu Lionchem Co. Ltd.<CHINA, REPUBLICA POPULAR>FABRICANTE);I;III
03619;2,4-D Técnico Alta II;2,4-D (ácido ariloxialcanóico) (980 g/kg);Herbicida;ALTA - America Latina Tecnologia Agrícola Ltda.- Curitiba; (Jiangsu Good Harvest - Weien Agrochemical Co. Ltd.<CHINA, REPUBLICA POPULAR>FABRICANTE);I;III
16312;2,4-D Técnico Crotect;2,4-D (ácido ariloxialcanóico) (960 g/kg);Herbicida;Crotect Crop Science Ltda - São Paulo/SP; (Shandong Weifang Rainbow Chemical Co., Ltd. - Unidade Fabril 01<CHINA, REPUBLICA POPULAR>FABRICANTE);I;III
TC07621;2,4-D Técnico DT;2,4-D (ácido ariloxialcanóico) (980 g/kg);Herbicida;Yonon Brasil Defensivos Agricolas Ltda; (Shandong Keyuan Chemical Co. Ltd.<CHINA, REPUBLICA POPULAR>FABRICANTE);PT;III
TC03124;2,4-D Técnico EA;2,4-D (ácido ariloxialcanóico) (980 g/kg);Herbicida;Eastchem do Brasil Ltda - Mogi das Cruzes/SP; (Jiangsu Lionchem Co. Ltd.<CHINA, REPUBLICA POPULAR>FABRICANTE);PT;III
2316;2,4-D Técnico GH;2,4-D (ácido ariloxialcanóico) (980 g/kg);Herbicida;Suno Agrotech Ltda.;;I;III
2216;2,4-D Técnico GHA;2,4-D (ácido ariloxialcanóico) (980 g/kg);Herbicida;AllierBrasil Agro Ltda.;;I;III
06318;2,4-D Técnico GLB;2,4-D (ácido ariloxialcanóico) (980 g/kg);Herbicida;Globachem Proteção de Cultivos do Brasil Ltda. - Campinas/SP; (CAC Nantong Chemical Co. Ltd. - Jiangsu<CHINA, REPUBLICA POPULAR>FABRICANTE);I;III
TC09823;2,4-D Técnico Hanfu;2,4-D (ácido ariloxialcanóico) (980 g/kg);Herbicida;Biorisk - Assessoria e Comércio de Produtos Agrícolas Ltda.;;PT;III
15212;2,4-D Técnico IHARA;2,4-D (ácido ariloxialcanóico) (960 g/kg);Herbicida;Iharabras S.A. Indústria Químicas - Sorocaba; (Jiangsu Good Harvest - Weien Agrochemical Co. Ltd.<CHINA, REPUBLICA POPULAR>FABRICANTE) +  (Jiangsu Wintafone Cropscience Co. Ltd<CHINA, REPUBLICA POPULAR>FABRICANTE) +  (Jiangsu Lionchem Co. Ltd.<CHINA, REPUBLICA POPULAR>FABRICANTE) +  (Hubei Sunshine Technology Co. Ltd<CHINA, REPUBLICA POPULAR>FABRICANTE);I;III
3316;2,4-D Técnico MCR;2,4-D (ácido ariloxialcanóico) (980 g/kg);Herbicida;CHDS do Brasil Comércio de Insumos Agrícolas Ltda - São Miguel do Iguaçu/PR   ;;I;III
17417;2,4-D Técnico Milenia;2,4-D (ácido ariloxialcanóico) (980 g/kg);Herbicida;Adama Brasil S.A.- Londrina/PR; (Adama Ltd. (Planta 1)  <CHINA, REPUBLICA POPULAR>FABRICANTE);I;III
3216;2,4-D Técnico ND;2,4-D (ácido ariloxialcanóico) (980 g/kg);Herbicida;Dinagro Agropecuária Ltda.;;I;III
TC02426;2,4-D Técnico NGC;2,4-D (ácido ariloxialcanóico) (980 g/kg);Herbicida;Syncrom Assessoria e Comércio de Produtos Agropecuários  Ltda.; (Capital Industry Construction Technology Co., Ltd.<CHINA, REPUBLICA POPULAR>FABRICANTE);PT;III
03208;2,4-D Técnico Nortox;2,4-D (ácido ariloxialcanóico) (960 g/kg);Herbicida;Nortox S.A. - Arapongas; (Jiamusi Heilong Agricultural and Industrial Chemical Co., Ltd.<CHINA, REPUBLICA POPULAR>FABRICANTE) +  (Adama Ltd. (Planta 1)  <CHINA, REPUBLICA POPULAR>FABRICANTE) +  (Changzhou Wintafone Chemical Co. Ltd.<CHINA, REPUBLICA POPULAR>FABRICANTE);I;III
03719;2,4-D Técnico Nortox CH;2,4-D (ácido ariloxialcanóico) (980 g/kg);Herbicida;Nortox S.A. - Arapongas; (Jiangsu Good Harvest - Weien Agrochemical Co. Ltd.<CHINA, REPUBLICA POPULAR>FABRICANTE) +  (CAC Nantong Chemical Co. Ltd. - Jiangsu<CHINA, REPUBLICA POPULAR>FABRICANTE);I;III
TC09923;2,4-D Técnico Nortox IV;2,4-D (ácido ariloxialcanóico) (980 g/kg);Herbicida;Nortox S.A. - Arapongas; (Weihai Hanfu Biochemical Medicine Co. Ltd.<CHINA, REPUBLICA POPULAR>FABRICANTE);PT;III
TC00623;2,4-D Técnico Nortox V;2,4-D (ácido ariloxialcanóico) (980 g/kg);Herbicida;Nortox S.A. - Arapongas; (Adama Huifeng (Jiangsu) Ltd.<CHINA, REPUBLICA POPULAR>FABRICANTE);PT;III
37017;2,4-D Técnico Ouro Fino;2,4-D (ácido ariloxialcanóico) (980 g/kg);Herbicida;Ouro Fino Química S.A. - Uberaba; (CAC Nantong Chemical Co. Ltd. - Jiangsu<CHINA, REPUBLICA POPULAR>FABRICANTE) +  (Jiangxi Tianyu Chemical Co., Ltd.<CHINA, REPUBLICA POPULAR>FABRICANTE);I;III
16707;2,4-D Técnico Prentiss;2,4-D (ácido ariloxialcanóico) (980 g/kg);Herbicida;Prentiss Química Ltda. - Campo Largo/PR;;I;III
15912;2,4-D Técnico Rainbow;2,4-D (ácido ariloxialcanóico) (960 g/kg);Herbicida;Rainbow Defensivos Agrícolas Ltda.- Porto Alegre /RS ; (Shandong Weifang Rainbow Chemical Co., Ltd. - Unidade Fabril 01<CHINA, REPUBLICA POPULAR>FABRICANTE);I;III
1414;2,4-D Técnico Red Surcos;2,4-D (ácido ariloxialcanóico) (960 g/kg);Herbicida;Red Surcos do Brasil Comércio Agropecuário Ltda;;I;III
TC20826;2,4-D Técnico SCH;2,4-D (ácido ariloxialcanóico) (980 g/kg);Herbicida;Biorisk - Assessoria e Comércio de Produtos Agrícolas Ltda.; (Hubei Sunshine Technology Co. Ltd<CHINA, REPUBLICA POPULAR>FABRICANTE);PT;III
17217;2,4-D Técnico SD BRA;2,4-D (ácido ariloxialcanóico) (980 g/kg);Herbicida;BRA Defensivos Agrícolas Ltda - Piracicaba/SP; (Adama Ltd. (Planta 1)  <CHINA, REPUBLICA POPULAR>FABRICANTE) +  (Jiangxi Tianyu Chemical Co., Ltd.<CHINA, REPUBLICA POPULAR>FABRICANTE) +  (Agrow Allied Ventures Pvt.Ltd.<ÍNDIA>FABRICANTE);I;III
514;2,4-D Técnico SWT;2,4-D (ácido ariloxialcanóico) (960 g/kg);Herbicida;Rainbow Defensivos Agrícolas Ltda.- Porto Alegre /RS ; (Shandong Weifang Rainbow Chemical Co., Ltd. - Unidade Fabril 01<CHINA, REPUBLICA POPULAR>FABRICANTE);I;III
39719;2,4-D Técnico Solus;2,4-D (ácido ariloxialcanóico) (980 g/kg);Herbicida;Solus do Brasil Ltda. - Apucarana/PR- Parque Industrial ; (Jiangsu Good Harvest - Weien Agrochemical Co. Ltd.<CHINA, REPUBLICA POPULAR>FABRICANTE);I;III
TC10221;2,4-D Técnico TJX;2,4-D (ácido ariloxialcanóico) (980 g/kg);Herbicida;CAC Quimica do Brasil Ltda; (Jiangxi Tianyu Chemical Co., Ltd.<CHINA, REPUBLICA POPULAR>FABRICANTE);PT;III
11208;2,4-D Técnico UPL Brasil;2,4-D (ácido ariloxialcanóico) (980 g/kg);Herbicida;UPL do Brasil Indústria e Comércio de Insumos Agropecuários S.A. - Matriz Ituverava/SP ; (Jiamusi Heilong Agricultural and Industrial Chemical Co., Ltd.<CHINA, REPUBLICA POPULAR>FABRICANTE);I;III
19619;2,4-D Técnico WI-Cropchem;2,4-D (ácido ariloxialcanóico) (970 g/kg);Herbicida;Cropchem Ltda - Porto Alegre; (Ningxia Wynca Technology Co., Ltd.<CHINA, REPUBLICA POPULAR>FABRICANTE);I;III
TC10023;2,4-D Técnico Xinlong;2,4-D (ácido ariloxialcanóico) (980 g/kg);Herbicida;Biorisk - Assessoria e Comércio de Produtos Agrícolas Ltda.; (Weihai Hanfu Biochemical Medicine Co. Ltd.<CHINA, REPUBLICA POPULAR>FABRICANTE);PT;III
2416;2,4-D Técnico ZHC;2,4-D (ácido ariloxialcanóico) (980 g/kg);Herbicida;AllierBrasil Agro Ltda.; (Jiangsu Good Harvest - Weien Agrochemical Co. Ltd.<CHINA, REPUBLICA POPULAR>FABRICANTE);I;III
TC10321;2,4-D Técnico ZS;2,4-D (ácido ariloxialcanóico) (980 g/kg);Herbicida;Zhongshan Química do Brasil - Sorocaba/SP; (Jiangxi Tianyu Chemical Co., Ltd.<CHINA, REPUBLICA POPULAR>FABRICANTE);PT;III
TC13825;2,4-D Técnico ZS II;2,4-D (ácido ariloxialcanóico) (980 g/kg);Herbicida;Zhongshan Química do Brasil - Sorocaba/SP; (Anhui Zhongshan Chemical Industry Co. Ltd.<CHINA, REPUBLICA POPULAR>FABRICANTE);PT;III
1638803;2,4-D Ácido Seco Técnico;2,4-D (ácido ariloxialcanóico) (970 g/kg);Herbicida;CTVA Proteção de Cultivos Ltda - Barueri (Tamboré);;I;III
06201;2,4-D Ácido Técnico BR;2,4-D (ácido ariloxialcanóico) (940 g/kg);Herbicida;Adama Brasil S.A.- Londrina/PR; (Nufarm GmbH & CO KG - Linz<ÁUSTRIA>FABRICANTE) +  (Nufarm Australia Limited - Pipe<AUSTRÁLIA>FABRICANTE) +  (Nufarm Inc. - Glenwood<ESTADOS UNIDOS>FABRICANTE) +  (Adama Brasil S.A.- Londrina/PR<BRASIL>FABRICANTE);II;III
13914;2,4-D Ácido Técnico CCAB;2,4-D (ácido ariloxialcanóico) (970 g/kg);Herbicida;CCAB Agro S.A.   São Paulo; (Jiangsu Good Harvest - Weien Agrochemical Co. Ltd.<CHINA, REPUBLICA POPULAR>FABRICANTE) +  (Adama Huifeng (Jiangsu) Ltd.<CHINA, REPUBLICA POPULAR>FABRICANTE);I;III
10708;2,4-D Ácido Técnico MIl;2,4-D (ácido ariloxialcanóico) (940 g/kg);Herbicida;Adama Brasil S.A.- Londrina/PR; (Adama Brasil S.A. - Taquari<BRASIL>FABRICANTE) +  (Adama Brasil S.A.- Londrina/PR<BRASIL>FABRICANTE);I;III
02703;2,4-D Ácido Técnico Milenia;2,4-D (ácido ariloxialcanóico) (940 g/kg);Herbicida;Adama Brasil S.A.- Londrina/PR; (Atanor S.C.A - Córdoba<ARGENTINA>FABRICANTE) +  (Adama Brasil S.A.- Londrina/PR<BRASIL>FABRICANTE);IV;III
04901;2,4-D Ácido Técnico Sumitomo;2,4-D (ácido ariloxialcanóico) (940 g/kg);Herbicida;Sumitomo Chemical Brasil Indústria Química S.A. - Maracanaú/CE; (Nufarm GmbH & CO KG - Linz<ÁUSTRIA>FABRICANTE) +  (Jiangxi Tianyu Chemical Co., Ltd.<CHINA, REPUBLICA POPULAR>FABRICANTE);II;III
13214;2,4-D Ácido Técnico Tecnomyl;2,4-D (ácido ariloxialcanóico) (960 g/kg);Herbicida;Tecnomyl Brasil Distribuidora de Produtos Agrícolas Ltda - Foz do Iguaçu; (Jiangsu Huangma Agrochemicals Co., Ltd.<CHINA, REPUBLICA POPULAR>FABRICANTE) +  (Jiangsu Good Harvest - Weien Agrochemical Co. Ltd.<CHINA, REPUBLICA POPULAR>FABRICANTE);I;III
TC15326;2,4-D Ácido Técnico Tecnomyl II;2,4-D (ácido ariloxialcanóico) (980 g/kg);Herbicida;Tecnomyl Brasil Distribuidora de Produtos Agrícolas Ltda - Foz do Iguaçu; (Agrow Allied Ventures Pvt.Ltd.<ÍNDIA>FABRICANTE);PT;III
TC08623;2,4D Técnico Albaugh 02 HF;2,4-D (ácido ariloxialcanóico) (980 g/kg);Herbicida;Albaugh Agro Brasil Ltda.- São Paulo; (Weihai Hanfu Biochemical Medicine Co. Ltd.<CHINA, REPUBLICA POPULAR>FABRICANTE);PT;III
TC12524;A-Star Técnico;cletodim (oxima ciclohexanodiona) (950 g/kg);Herbicida;Biorisk - Assessoria e Comércio de Produtos Agrícolas Ltda.; (Hebei Lansheng Biotech Co., Ltd<CHINA, REPUBLICA POPULAR>FABRICANTE);PT;III
9514;Abamectin Tecnico CCAB II;Abamectina (avermectina) (910.4 g/kg);Acaricida/Inseticida/Nematicida;CCAB Agro S.A.   São Paulo; (North China Pharmaceutical Group Aino Co., Ltd<CHINA, REPUBLICA POPULAR>FABRICANTE);I;III
10014;Abamectin Técnico CCAB III;Abamectina (avermectina) (900 g/kg);Inseticida;CCAB Agro S.A.   São Paulo; (Inner Mongolia New Veyong Bio-Chemical CO.<CHINA, REPUBLICA POPULAR>FABRICANTE);I;III
02419;Abamectin Técnico Jubaili;Abamectina (avermectina) (900 g/kg);Acaricida/Inseticida/Nematicida;Jubailireg Brasil Ltda - São Paulo/SP; (Inner Mongolia New Veyong Bio-Chemical CO.<CHINA, REPUBLICA POPULAR>FABRICANTE);I;III
01001;Abamectin Técnico Nortox;Abamectina (avermectina) (930 g/kg);Acaricida/Inseticida;Nortox S.A. - Arapongas; (Zhejiang Hisun Pharmaceutical Company Ltd<CHINA, REPUBLICA POPULAR>FABRICANTE);I;III
10514;Abamectin Técnico Nortox BR;Abamectina (avermectina) (976 g/kg);Inseticida;Nortox S.A. - Arapongas; (Inner Mongolia New Veyong Bio-Chemical CO.<CHINA, REPUBLICA POPULAR>FABRICANTE);I;III
606;Abamectin Técnico Prentiss ;Abamectina (avermectina) (950 g/kg);Acaricida/Inseticida;Prentiss Química Ltda. - Campo Largo/PR; (Sinon Corporation - Taiwan<TAIWAN (ILHA FORMOSA)>FABRICANTE);I;III
2305;Abamectin Técnico Sinon;Abamectina (avermectina) (950 g/kg);Acaricida/Inseticida;Sinon do Brasil Ltda. - Porto Alegre /RS.; (Sinon Corporation - Taiwan<TAIWAN (ILHA FORMOSA)>FABRICANTE);I;III
9114;Abamectin Técnico Syn;Abamectina (avermectina) (900 g/kg);Acaricida/Inseticida;Syngenta Proteção de Cultivos Ltda.  São Paulo/SP; (Qilu Pharmaceutical (Inner Mongolia) Co., Ltd.<CHINA, REPUBLICA POPULAR>FABRICANTE);I;III
10214;Abamectin Técnico Syngenta HV;Abamectina (avermectina) (976 g/kg);Inseticida;Syngenta Proteção de Cultivos Ltda.  São Paulo/SP; (Inner Mongolia New Veyong Bio-Chemical CO.<CHINA, REPUBLICA POPULAR>FABRICANTE);I;III
11314;Abamectin Técnico Tecnomyl;Abamectina (avermectina) (900 g/kg);Acaricida/Inseticida/Nematicida;Tecnomyl Brasil Distribuidora de Produtos Agrícolas Ltda - Foz do Iguaçu; (Inner Mongolia New Veyong Bio-Chemical CO.<CHINA, REPUBLICA POPULAR>FABRICANTE);I;III
12714;Abamectin Técnico UPL;Abamectina (avermectina) (900 g/kg);Acaricida/Inseticida/Nematicida;UPL do Brasil Indústria e Comércio de Insumos Agropecuários S.A. - Matriz Ituverava/SP ; (Inner Mongolia New Veyong Bio-Chemical CO.<CHINA, REPUBLICA POPULAR>FABRICANTE);I;I
16808;Abamectin Técnico UPL BR;Abamectina (avermectina) (950 g/kg);Inseticida;UPL do Brasil Indústria e Comércio de Insumos Agropecuários S.A. - Matriz Ituverava/SP ; (Inner Mongolia New Veyong Bio-Chemical CO.<CHINA, REPUBLICA POPULAR>FABRICANTE) +  (North China Pharmaceutical Group Aino Co., Ltd<CHINA, REPUBLICA POPULAR>FABRICANTE);I;III
13215;Abamectina Tradecorp Técnico;Abamectina (avermectina) (960 g/kg);Inseticida;Agroallianz S.A; (Huashu New Chemic Co., Ltd.<CHINA, REPUBLICA POPULAR>FABRICANTE);I;III
9914;Abamectina Técnico Cropchem ;Abamectina (avermectina) (900 g/kg);Acaricida/Inseticida/Nematicida;Cropchem Ltda - Porto Alegre;;I;III
10314;Abamectina Técnico OF;Abamectina (avermectina) (900 g/kg);Inseticida;Ouro Fino Química S.A. - Uberaba; (Inner Mongolia New Veyong Bio-Chemical CO.<CHINA, REPUBLICA POPULAR>FABRICANTE);I;III
9614;Abamectina Técnico Ouro Fino;Abamectina (avermectina) (900 g/kg);Inseticida;Ouro Fino Química S.A. - Uberaba; (North China Pharmaceutical Group Aino Co., Ltd<CHINA, REPUBLICA POPULAR>FABRICANTE);I;III
11614;Abamectina Técnico Sumitomo ;Abamectina (avermectina) (900 g/kg);Acaricida/Inseticida/Nematicida;Sumitomo Chemical Brasil Indústria Química S.A. - Maracanaú/CE;;I;III
03903;Abamex Técnico ;Abamectina (avermectina) (950 g/kg);Acaricida/Inseticida;Sumitomo Chemical Brasil Indústria Química S.A. - Maracanaú/CE;;I;III
13314;Acefato Tecnico CCAB;acefato (organofosforado) (970 g/kg);Inseticida;CCAB Agro S.A.   São Paulo; (Coromandel International Limited. - Unit I - Sarigam<ÍNDIA>FABRICANTE) +  (GSP Crop Science Limited - Ahmedabad 2<ÍNDIA>FABRICANTE);III;II
15718;Acefato Tecnico Rainbow;acefato (organofosforado) (980 g/kg);Inseticida;Rainbow Defensivos Agrícolas Ltda.- Porto Alegre /RS ; (Shandong Weifang Rainbow Chemical Co., Ltd. - Unidade Fabril 01<CHINA, REPUBLICA POPULAR>FABRICANTE);III;II
15618;Acefato Tecnico SUP;acefato (organofosforado) (980 g/kg);Inseticida;Sipcam Nichino Brasil S.A. - Uberaba/MG; (Jiangsu Lanfeng Biochemical Co. Ltd - Planta 2 Suhua<CHINA, REPUBLICA POPULAR>FABRICANTE);III;II
7610;Acefato Tecnico Sabero;acefato (organofosforado) (980 g/kg);Inseticida;Coromandel América S.A;;III;II
01418;Acefato Técnico Adama BR;acefato (organofosforado) (980 g/kg);Inseticida;Adama Brasil S.A.- Londrina/PR; (Hubei Sanonda Co., Ltd. <CHINA, REPUBLICA POPULAR>FABRICANTE) +  (Adama Ltd. (Planta 2)<CHINA, REPUBLICA POPULAR>FABRICANTE);III;II
15818;Acefato Técnico Agrogill;acefato (organofosforado) (980 g/kg);Inseticida;Agrogill Chemicals Ltda; (Jiangsu Lanfeng Biochemical Co. Ltd - Planta 2 Suhua<CHINA, REPUBLICA POPULAR>FABRICANTE);III;II
16118;Acefato Técnico Agroimport;acefato (organofosforado) (980 g/kg);Acaricida/Inseticida;Agro Import do Brasil Ltda. - Porto Alegre/RS; (Jiangsu Lanfeng Biochemical Co. Ltd - Planta 2 Suhua<CHINA, REPUBLICA POPULAR>FABRICANTE);III;II
05419;Acefato Técnico CCAB II;acefato (organofosforado) (980 g/kg);Acaricida/Inseticida;CCAB Agro S.A.   São Paulo; (Jiangsu Lanfeng Biochemical Co. Ltd - Planta 2 Suhua<CHINA, REPUBLICA POPULAR>FABRICANTE) +  (GSP Crop Science Limited - Navrangpura<ÍNDIA>FABRICANTE);III;II
TC13922;Acefato Técnico Crystal;acefato (organofosforado) (980 g/kg);Inseticida;Crystal Agro Ltda; (Nantong Weilike Chemical Co., Ltd.<CHINA, REPUBLICA POPULAR>FABRICANTE);PT;II
TC08820;Acefato Técnico FB;acefato (organofosforado) (980 g/kg);Inseticida;Agroallianz S.A; (GSP Crop Science Limited - Ahmedabad 2<ÍNDIA>FABRICANTE);PT;II
40219;Acefato Técnico FI;acefato (organofosforado) (980 g/kg);Inseticida;Agroallianz S.A; (Jiangsu Lanfeng Biochemical Co. Ltd - Planta 2 Suhua<CHINA, REPUBLICA POPULAR>FABRICANTE);III;II
14189;Acefato Técnico Fersol;acefato (organofosforado) (950 g/kg);Acaricida/Inseticida;Ameribrás Indústria e Comércio Ltda.; (Nantong Weilike Chemical Co., Ltd.<CHINA, REPUBLICA POPULAR>FABRICANTE);III;III
09819;Acefato Técnico GSP ;acefato (organofosforado) (980 g/kg);Acaricida/Inseticida;GSP Agroquímica do Brasil Ltda - Porto Alegra/RS;;III;II
4807;Acefato Técnico Nortox;acefato (organofosforado) (970 g/kg);Acaricida/Inseticida;Nortox S.A. - Arapongas; (UPL Limited - Unit 2 - Akleshwar<ÍNDIA>FABRICANTE) +  (Jiangsu Lanfeng Biochemical Co. Ltd - Planta 2 Suhua<CHINA, REPUBLICA POPULAR>FABRICANTE);III;II
TC12222;Acefato Técnico Nortox II;acefato (organofosforado) (980 g/kg);Inseticida;Nortox S.A. - Arapongas; (Nantong Weilike Chemical Co., Ltd.<CHINA, REPUBLICA POPULAR>FABRICANTE);PT;II
9113;Acefato Técnico Ouro Fino;acefato (organofosforado) (970 g/kg);Inseticida;Ouro Fino Química S.A. - Uberaba; (Ningbo Sunjoy Agroscience Co., Ltd.<CHINA, REPUBLICA POPULAR>FABRICANTE) +  (Jiangsu Lanfeng Biochemical Co. Ltd - Planta 2 Suhua<CHINA, REPUBLICA POPULAR>FABRICANTE);III;II
TC00920;Acefato Técnico RL;acefato (organofosforado) (980 g/kg);Inseticida;AllierBrasil Agro Ltda.; (Rallis Índia Limited - Maharashtra<ÍNDIA>FABRICANTE);PT;II
7310;Acefato Técnico SB;acefato (organofosforado) (975 g/kg);Inseticida;UPL do Brasil Indústria e Comércio de Insumos Agropecuários S.A. - Matriz Ituverava/SP ;;III;II
4014;Acefato Técnico SD;acefato (organofosforado) (970 g/kg);Acaricida/Inseticida;Sharda do Brasil Comércio de Produtos Químicos e Agroquímicos LTDA; (Sharda Cropchem Limited - Gujarat<ÍNDIA>FABRICANTE);III;II
3706;Acefato Técnico Sinon;acefato (organofosforado) (980 g/kg);Acaricida/Inseticida;Sinon do Brasil Ltda. - Porto Alegre /RS.; (Sinon Corporation - Taiwan<TAIWAN (ILHA FORMOSA)>FABRICANTE) +  (Sinon Chemical CO. Ltd - Hubei/Shanghai<CHINA, REPUBLICA POPULAR>FABRICANTE);III;III
TC13822;Acefato Técnico Solus;acefato (organofosforado) (980 g/kg);Inseticida;Solus do Brasil Ltda. - Apucarana/PR- Parque Industrial ; (Nantong Weilike Chemical Co., Ltd.<CHINA, REPUBLICA POPULAR>FABRICANTE);PT;II
3609;Acefato Técnico Sumitomo;acefato (organofosforado) (980 g/kg);Acaricida/Inseticida;Sumitomo Chemical Brasil Indústria Química S.A. - Maracanaú/CE; (UPL Limited - Uniphos House - Mumbai (Escritório)<ÍNDIA>FABRICANTE);III;II
14614;Acefato Técnico Sumitomo BR;acefato (organofosforado) (980 g/kg);Acaricida/Inseticida;Sumitomo Chemical Brasil Indústria Química S.A. - Maracanaú/CE; (Coromandel International Limited. - Unit I - Sarigam<ÍNDIA>FABRICANTE);III;II
TC12122;Acefato Técnico Syncrom;acefato (organofosforado) (980 g/kg);Inseticida;Eastchem do Brasil Ltda - Mogi das Cruzes/SP;;PT;II
25019;Acefato Técnico Tide;acefato (organofosforado) (980 g/kg);Inseticida;Tide do Brasil Ltda - Porto Alegre/RS; (Jiangsu Lanfeng Biochemical Co. Ltd - Planta 2 Suhua<CHINA, REPUBLICA POPULAR>FABRICANTE);III;II
3709;Acefato Técnico UPL;acefato (organofosforado) (985 g/kg);Acaricida/Inseticida;UPL do Brasil Indústria e Comércio de Insumos Agropecuários S.A. - Matriz Ituverava/SP ; (UPL Limited - Jhagadia<ÍNDIA>FABRICANTE);III;II
TC04926;Acefato Técnico ZS;acefato (organofosforado) (980 g/kg);Inseticida;Zhongshan Química do Brasil - Sorocaba/SP; (Jiangsu Lanfeng Biochemical Co., Ltd. - Planta 1<CHINA, REPUBLICA POPULAR>FABRICANTE);PT;II
01500;Acephate Técnico;acefato (organofosforado) (980 g/kg);Acaricida/Inseticida;Sipcam Nichino Brasil S.A. - Uberaba/MG; (Coromandel International Limited. - Unit I - Sarigam<ÍNDIA>FABRICANTE) +  (Jiangsu Lanfeng Biochemical Co. Ltd - Planta 2 Suhua<CHINA, REPUBLICA POPULAR>FABRICANTE) +  (Nichino Chemical India Private Limited (Medak - Unit 1)<ÍNDIA>FABRICANTE);III;III
10917;Acetamiprid Ascenza Técnico;acetamiprido (neonicotinóide) (990 g/kg);Inseticida;Ascenza Brasil Ltda - Hortolândia/SP; (Jiangsu Yangnong Chemical Co. Ltd<CHINA, REPUBLICA POPULAR>FABRICANTE) +  (Huaian Glory Chemical Co., Ltd.<CHINA, REPUBLICA POPULAR>FABRICANTE) +  (Shandong United Pesticide Industry Co., Ltd.<CHINA, REPUBLICA POPULAR>FABRICANTE);III;II
TC11326;Acetamiprid CQ Técnico Perterra;acetamiprido (neonicotinóide) (990 g/kg);Inseticida;Perterra Insumos Agropecuários S.A.  São Paulo/SP; (Jiangsu Changqing Agrochemical Nantong Co., Ltd.<CHINA, REPUBLICA POPULAR>FABRICANTE);PT;II
08618;Acetamiprid SHCC Técnico ;acetamiprido (neonicotinóide) (990.3 g/kg);Inseticida;Globachem Proteção de Cultivos do Brasil Ltda. - Campinas/SP; (Shaanxi Hengtian Chemical Co. Ltd -  Weinan<CHINA, REPUBLICA POPULAR>FABRICANTE);III;II
9811;Acetamiprid Tecnico CCAB;acetamiprido (neonicotinóide) (980 g/kg);Inseticida;CCAB Agro S.A.   São Paulo;;III;II
TC16620;Acetamiprid Tecnico SJ;acetamiprido (neonicotinóide) (980 g/kg);Inseticida;Biorisk - Assessoria e Comércio de Produtos Agrícolas Ltda.; (Ningbo Sunjoy Agroscience Co., Ltd.<CHINA, REPUBLICA POPULAR>FABRICANTE);PT;II
4817;Acetamiprid Técnico 980 AGCN;acetamiprido (neonicotinóide) (980 g/kg);Inseticida;Agriconnection Importadora e Exportadora de Insumos Agrícolas - Barueri/SP; (Ningbo Sunjoy Agroscience Co., Ltd.<CHINA, REPUBLICA POPULAR>FABRICANTE);III;II
TC03125;Acetamiprid Técnico ABT;acetamiprido (neonicotinóide) (980 g/kg);Inseticida;Agrobeats Defensivos Agrícolas Ltda ; (Hebei Yetian Agrochemicals CO. Ltd.<CHINA, REPUBLICA POPULAR>FABRICANTE);PT;II
27319;Acetamiprid Técnico Adama BR;acetamiprido (neonicotinóide) (980 g/kg);Inseticida;Adama Brasil S.A.- Londrina/PR; (Hebei Yetian Agrochemicals CO. Ltd.<CHINA, REPUBLICA POPULAR>FABRICANTE) +  (Ningxia Ruitai Technology Co. Ltd.<CHINA, REPUBLICA POPULAR>FABRICANTE);III;II
TC03025;Acetamiprid Técnico Bestar;acetamiprido (neonicotinóide) (980 g/kg);Inseticida;Solagro Soluções Agrícolas Ltda - São Paulo/SP; (Hebei Yetian Agrochemicals CO. Ltd.<CHINA, REPUBLICA POPULAR>FABRICANTE);PT;II
3017;Acetamiprid Técnico CCAB II;acetamiprido (neonicotinóide) (980 g/kg);Inseticida;CCAB Agro S.A.   São Paulo; (Jiangsu Fengshang Group Co. Ltd<CHINA, REPUBLICA POPULAR>FABRICANTE) +  (Ningbo Sunjoy Agroscience Co., Ltd.<CHINA, REPUBLICA POPULAR>FABRICANTE) +  (Shandong Hailir Chemical Co., Ltd.<CHINA, REPUBLICA POPULAR>FABRICANTE);III;II
TC16920;Acetamiprid Técnico D'Verde;acetamiprido (neonicotinóide) (980 g/kg);Inseticida;DVerde Comércio, Importação e Exportação Ltda.; (Hebei Yetian Agrochemicals CO. Ltd.<CHINA, REPUBLICA POPULAR>FABRICANTE);PT;II
TC10322;Acetamiprid Técnico Helm;acetamiprido (neonicotinóide) (990 g/kg);Inseticida;Helm do Brasil Mercantil - São Paulo/SP; (Shandong United Pesticide Industry Co., Ltd.<CHINA, REPUBLICA POPULAR>FABRICANTE);PT;II
TC18324;Acetamiprid Técnico Hy-Green;acetamiprido (neonicotinóide) (990 g/kg);Inseticida;Changqing do Brasil Produtos Agrícolas Ltda; (Jiangsu Changqing Agrochemical Nantong Co., Ltd.<CHINA, REPUBLICA POPULAR>FABRICANTE);PT;II
TC22126;Acetamiprid Técnico Lead;acetamiprido (neonicotinóide) (990 g/kg);Inseticida;Solagro Soluções Agrícolas Ltda - São Paulo/SP; (Lead Chemical Co., Ltd <CHINA, REPUBLICA POPULAR>FABRICANTE);PT;II
10713;Acetamiprid Técnico Milenia;acetamiprido (neonicotinóide) (990 g/kg);Inseticida;Adama Brasil S.A.- Londrina/PR; (Proficol SA<COLÔMBIA>FABRICANTE) +  (Jiangsu Yangnong Chemical Co. Ltd<CHINA, REPUBLICA POPULAR>FABRICANTE) +  (Adama Agricultural Solutions Ltd. - Beer Sheva<ISRAEL>FABRICANTE) +  (Shandong Hailir Chemical Co., Ltd.<CHINA, REPUBLICA POPULAR>FABRICANTE) +  (Jiangsu Fengshang Group Co. Ltd<CHINA, REPUBLICA POPULAR>FABRICANTE) +  (Crimsun Organics Private Ltd.<ÍNDIA>FABRICANTE) +  (Ningxia Ruitai Technology Co. Ltd.<CHINA, REPUBLICA POPULAR>FABRICANTE) +  (Hebei Yetian Agrochemicals CO. Ltd.<CHINA, REPUBLICA POPULAR>FABRICANTE);III;II
3417;Acetamiprid Técnico Nortox;acetamiprido (neonicotinóide) (980 g/kg);Inseticida;Nortox S.A. - Arapongas; (Hebei Yetian Agrochemicals CO. Ltd.<CHINA, REPUBLICA POPULAR>FABRICANTE) +  (Shandong Hailir Chemical Co., Ltd.<CHINA, REPUBLICA POPULAR>FABRICANTE) +  (Ningxia Ruitai Technology Co. Ltd.<CHINA, REPUBLICA POPULAR>FABRICANTE) +  (Insecticides (India) Limited - Rajasthan<ÍNDIA>FABRICANTE) +  (Crimsun Organics Private Ltd.<ÍNDIA>FABRICANTE);III;II
TC05822;Acetamiprid Técnico SAU;acetamiprido (neonicotinóide) (990 g/kg);Inseticida;Biorisk - Assessoria e Comércio de Produtos Agrícolas Ltda.; (Shandong United Pesticide Industry Co., Ltd.<CHINA, REPUBLICA POPULAR>FABRICANTE);PT;II
TC11824;Acetamiprid Técnico SYN;acetamiprido (neonicotinóide) (990 g/kg);Inseticida;Syngenta Proteção de Cultivos Ltda.  São Paulo/SP; (Jiangsu Changqing Agrochemical Nantong Co., Ltd.<CHINA, REPUBLICA POPULAR>FABRICANTE);PT;II
27219;Acetamiprid Técnico Tecnomyl II;acetamiprido (neonicotinóide) (990 g/kg);Inseticida;Tecnomyl Brasil Distribuidora de Produtos Agrícolas Ltda - Foz do Iguaçu; (Shandong Hailir Chemical Co., Ltd.<CHINA, REPUBLICA POPULAR>FABRICANTE);III;II
10211;Acetamiprid Técnico UPL;acetamiprido (neonicotinóide) (980 g/kg);Inseticida;UPL do Brasil Indústria e Comércio de Insumos Agropecuários S.A. - Matriz Ituverava/SP ; (GSP Crop Science Limited - Navrangpura<ÍNDIA>FABRICANTE) +  (Shandong Hailir Chemical Co., Ltd.<CHINA, REPUBLICA POPULAR>FABRICANTE);III;II
TC06424;Acetamiprid Técnico Wynca ;acetamiprido (neonicotinóide) (990 g/kg);Inseticida;Wynca do Brasil Ltda  São Paulo ; (Ningxia Ruitai Technology Co. Ltd.<CHINA, REPUBLICA POPULAR>FABRICANTE);PT;II
TC05226;Acetamiprid Técnico Yangnong;acetamiprido (neonicotinóide) (990 g/kg);Inseticida;Biorisk - Assessoria e Comércio de Produtos Agrícolas Ltda.; (Ningxia Ruitai Technology Co. Ltd.<CHINA, REPUBLICA POPULAR>FABRICANTE);PT;II
08118;Acetamipride Técnico Tecnomyl;acetamiprido (neonicotinóide) (980 g/kg);Inseticida;Tecnomyl Brasil Distribuidora de Produtos Agrícolas Ltda - Foz do Iguaçu; (Jiangsu Fengshang Group Co. Ltd<CHINA, REPUBLICA POPULAR>FABRICANTE) +  (Hebei Veyong Bio-Chemical CO., Ltd<CHINA, REPUBLICA POPULAR>FABRICANTE) +  (Ningbo Sunjoy Agroscience Co., Ltd.<CHINA, REPUBLICA POPULAR>FABRICANTE) +  (Jiangsu Yangnong Chemical Group Co. Ltd<CHINA, REPUBLICA POPULAR>FABRICANTE);I;II
6212;Acetamiprido Tecnico Consagro;acetamiprido (neonicotinóide) (980 g/kg);Inseticida;Albaugh Agro Brasil Ltda.- São Paulo; (Jiangsu Changlong Chemicals Co., Ltd<CHINA, REPUBLICA POPULAR>FABRICANTE) +  (Shandong Hailir Chemical Co., Ltd.<CHINA, REPUBLICA POPULAR>FABRICANTE) +  (Hebei Yetian Agrochemicals CO. Ltd.<CHINA, REPUBLICA POPULAR>FABRICANTE);III;II
3917;Acetamiprido Tecnico OF;acetamiprido (neonicotinóide) (980 g/kg);Inseticida;Ouro Fino Química S.A. - Uberaba; (Ningbo Sunjoy Agroscience Co., Ltd.<CHINA, REPUBLICA POPULAR>FABRICANTE);III;II
42418;Acetamiprido Tecnico Sulphur Mills;acetamiprido (neonicotinóide) (980 g/kg);Inseticida;SM Agrocare Brasil Importação Comércio e Serviços Agrícolas Ltda; (Hebei Yetian Agrochemicals CO. Ltd.<CHINA, REPUBLICA POPULAR>FABRICANTE);III;II
TC11924;Acetamiprido Técnico Adama;acetamiprido (neonicotinóide) (990 g/kg);Inseticida;Adama Brasil S.A.- Londrina/PR; (Jiangsu Changqing Agrochemical Nantong Co., Ltd.<CHINA, REPUBLICA POPULAR>FABRICANTE);PT;II
4617;Acetamiprido Técnico Agristar;acetamiprido (neonicotinóide) (990 g/kg);Inseticida;Albaugh Agro Brasil Ltda.- São Paulo; (Jiangsu Fengshang Group Co. Ltd<CHINA, REPUBLICA POPULAR>FABRICANTE);III;II
TC02925;Acetamiprido Técnico Alta;acetamiprido (neonicotinóide) (980 g/kg);Inseticida;ALTA - America Latina Tecnologia Agrícola Ltda.- Curitiba; (Hebei Yetian Agrochemicals CO. Ltd.<CHINA, REPUBLICA POPULAR>FABRICANTE) +  (Ningbo Sunjoy Agroscience Co., Ltd.<CHINA, REPUBLICA POPULAR>FABRICANTE) +  (Shandong Hailir Chemical Co., Ltd.<CHINA, REPUBLICA POPULAR>FABRICANTE);PT;II
7717;Acetamiprido Técnico CH;acetamiprido (neonicotinóide) (980 g/kg);Inseticida;AllierBrasil Agro Ltda.; (Ningbo Sunjoy Agroscience Co., Ltd.<CHINA, REPUBLICA POPULAR>FABRICANTE) +  (Shandong Hailir Chemical Co., Ltd.<CHINA, REPUBLICA POPULAR>FABRICANTE);III;II
2117;Acetamiprido Técnico Dinagro;acetamiprido (neonicotinóide) (980 g/kg);Inseticida;Dinagro Agropecuária Ltda.; (Hebei Yetian Agrochemicals CO. Ltd.<CHINA, REPUBLICA POPULAR>FABRICANTE) +  (Ningbo Sunjoy Agroscience Co., Ltd.<CHINA, REPUBLICA POPULAR>FABRICANTE);III;II
38517;Acetamiprido Técnico Gilmore;acetamiprido (neonicotinóide) (980 g/kg);Inseticida;Gilmore Agro do Brasil Ltda - ME ; (Hebei Yetian Agrochemicals CO. Ltd.<CHINA, REPUBLICA POPULAR>FABRICANTE);III;II
1716;Acetamiprido Técnico HS;acetamiprido (neonicotinóide) (970 g/kg);Inseticida;AllierBrasil Agro Ltda.; (Hisun Chemical (Nantong) Co., Ltd<CHINA, REPUBLICA POPULAR>FABRICANTE);III;II
2817;Acetamiprido Técnico HY - Cropchem;acetamiprido (neonicotinóide) (980 g/kg);Inseticida;Cropchem Ltda - Porto Alegre; (Insecticides (India) Limited - Dahej<CHINA, REPUBLICA POPULAR>FABRICANTE) +  (Crimsun Organics Private Ltd.<ÍNDIA>FABRICANTE);III;II
TC00624;Acetamiprido Técnico Hailir;acetamiprido (neonicotinóide) (990 g/kg);Inseticida;Hailir Brasil Defensivos Agricolas Ltda - São Paulo/SP;;PT;II
4517;Acetamiprido Técnico Macroseeds;acetamiprido (neonicotinóide) (980 g/kg);Inseticida;CHDS do Brasil Comércio de Insumos Agrícolas Ltda - São Miguel do Iguaçu/PR   ; (Ningbo Sunjoy Agroscience Co., Ltd.<CHINA, REPUBLICA POPULAR>FABRICANTE);I;II
3517;Acetamiprido Técnico Ouro Fino;acetamiprido (neonicotinóide) (980 g/kg);Inseticida;Ouro Fino Química S.A. - Uberaba; (Hebei Yetian Agrochemicals CO. Ltd.<CHINA, REPUBLICA POPULAR>FABRICANTE) +  (Shandong Hailir Chemical Co., Ltd.<CHINA, REPUBLICA POPULAR>FABRICANTE);III;II
3717;Acetamiprido Técnico Proventis;acetamiprido (neonicotinóide) (990 g/kg);Inseticida;Proventis Lifescience Defensivos Agrícolas Ltda; (Jiangsu Fengshang Group Co. Ltd<CHINA, REPUBLICA POPULAR>FABRICANTE) +  (Jiangsu Yangnong Chemical Group Co. Ltd<CHINA, REPUBLICA POPULAR>FABRICANTE);III;II
TC03123;Acetamiprido Técnico Rainbow;acetamiprido (neonicotinóide) (980 g/kg);Inseticida;Rainbow Defensivos Agrícolas Ltda.- Porto Alegre /RS ; (Shandong Weifang Rainbow Chemical Co., Ltd. - Unidade Fabril 01<CHINA, REPUBLICA POPULAR>FABRICANTE);PT;II
4917;Acetamiprido Técnico SD;acetamiprido (neonicotinóide) (980 g/kg);Inseticida;Sharda do Brasil Comércio de Produtos Químicos e Agroquímicos LTDA; (Hebei Yetian Agrochemicals CO. Ltd.<CHINA, REPUBLICA POPULAR>FABRICANTE) +  (Ningbo Sunjoy Agroscience Co., Ltd.<CHINA, REPUBLICA POPULAR>FABRICANTE);III;II
3617;Acetamiprido Técnico Sumitomo;acetamiprido (neonicotinóide) (990 g/kg);Inseticida;Sumitomo Chemical Brasil Indústria Química S.A. - Maracanaú/CE; (Jiangsu Fengshang Group Co. Ltd<CHINA, REPUBLICA POPULAR>FABRICANTE);III;II
TC10021;Acetamiprido Técnico Tide;acetamiprido (neonicotinóide) (990 g/kg);Inseticida;Tide do Brasil Ltda - Porto Alegre/RS; (Jiangsu Fengshang Group Co. Ltd<CHINA, REPUBLICA POPULAR>FABRICANTE);PT;II
TC23822;Acetamol Técnico;acetamiprido (neonicotinóide) (990 g/kg);Inseticida;Meghmani Organics Biodefensivos e Agrícolas do Brasil Ltda - Campinas/SP; (Shandong United Pesticide Industry Co., Ltd.<CHINA, REPUBLICA POPULAR>FABRICANTE);PT;II
8696;Acetochlor Técnico;Acetocloro (cloroacetanilida) (900 g/L);Herbicida;CTVA Proteção de Cultivos Ltda - Barueri (Tamboré); (Bayer CropScience LP - Missouri<ESTADOS UNIDOS>FABRICANTE);III;I
2595;Acetochlor Técnico Monsanto;Acetocloro (cloroacetanilida) (915 g/kg);Herbicida;Monsanto do Brasil Ltda - São Paulo; (Bayer CropScience LLC - Muscatine Plant <ESTADOS UNIDOS>FABRICANTE);III;I
05901;Acibenzolar-S-Methyl Técnico;acibenzolar-S-metílico (benzotiadiazol) (960 g/kg);Ativador de planta;Syngenta Proteção de Cultivos Ltda.  São Paulo/SP; (Syngenta Crop Protection Münchwilen AG - Münchwilen<SUÍCA>FABRICANTE) +  (W. R. Grace & Co-Conn<ESTADOS UNIDOS>FABRICANTE) +  (Deccan Fine Chemicals (Índia) Pvt Ltd - Ankleshwar<ÍNDIA>FABRICANTE);IV;III
568193;Acifluorfen Técnico ;acifluorfem-sódico (éter difenílico) (300 g/kg);Herbicida;UPL do Brasil Indústria e Comércio de Insumos Agropecuários S.A. - Matriz Ituverava/SP ; (UPL Limited - Unit 1 - Ankleshwar<ÍNDIA>FABRICANTE);I;III
4010;Acrinathrin Tecnico Cheminova;acrinatrina (piretróide) (970 g/kg);Inseticida;FMC Química do Brasil Ltda. - Campinas/SP; (Bayer Vapi Private Limited - Gujarat<ÍNDIA>FABRICANTE);II;I
1994;Acrinathrin Técnico CHAB;acrinatrina (piretróide) (950 g/kg);Acaricida;FMC Química do Brasil Ltda. - Campinas/SP; (Bayer CropScience SAS - Site Elbeuf<FRANÇA>FABRICANTE);II;I
TC19224;Adavelt Técnico;Florylpicoxamida (picolinamida ) (930 g/kg);Fungicida;CTVA Proteção de Cultivos Ltda - Barueri (Tamboré); (Corteva Agriscience LLC - Midland - Michigan<ESTADOS UNIDOS>FABRICANTE) +  (Corteva Agriscience Italia S.r.l. - Mozzanica(Bergamo)<ITÁLIA>FABRICANTE) +  (Deccan Fine Chemicals (India) Limited - Andhra Pradesh<ÍNDIA>FABRICANTE) +  (Saltigo GmbH- Leverkusen<ALEMANHA>FABRICANTE);5;III
358394;Afalon Técnico;linurom (uréia) (950 g/kg);Herbicida;Adama Brasil S.A.- Londrina/PR; (Weylchen Frankfurt GmbH<ALEMANHA>FABRICANTE);III;II
TC11125;Agrothiazox Técnico;hexitiazoxi (tiazolidinacarboxamida) (980 g/kg);Acaricida;Sharda do Brasil Comércio de Produtos Químicos e Agroquímicos LTDA; (Hangzhou Dakang Chemicals Co. Ltd.<CHINA, REPUBLICA POPULAR>FABRICANTE);PT;II
TC06124;Aimco Bykill Técnico ;bifentrina (piretróide) (980 g/kg);Inseticida;Biorisk - Assessoria e Comércio de Produtos Agrícolas Ltda.;;PT;II
TC00626;Aimco Ervatox Técnico;Triclopir-butotílico (ácido piridiniloxialcanóico) (970 g/kg);Herbicida;Biorisk - Assessoria e Comércio de Produtos Agrícolas Ltda.; (Aimco Pesticides Ltd.  <ÍNDIA>FABRICANTE);PT;II
1028601;Alaclor Técnico Nortox;Alacloro (cloroacetanilida) (900 g/kg);Herbicida;Nortox S.A. - Arapongas; (Nortox S.A. - Arapongas<BRASIL>FABRICANTE);III;III
TC18724;Alfa Cipermetrina Técnico Cropchem;alfa-cipermetrina (piretróide) (970 g/kg);Inseticida;Cropchem Ltda - Porto Alegre; (Bharat Rasayan Limited - Unit I - Rohtak <ÍNDIA>FABRICANTE) +  (Hemani Industries Limited - Mumbai<ÍNDIA>FABRICANTE);PT;II
TC18222;Alfa-Cipermetrina Técnico Hemani;alfa-cipermetrina (piretróide) (970 g/kg);Inseticida;Hemani Agro do Brasil Ltda; (Hemani Industries Limited - Unit III - Dahej<ÍNDIA>FABRICANTE);PT;II
TC08124;Alfa-Cipermetrina Técnico Rainbow;alfa-cipermetrina (piretróide) (970 g/kg);Inseticida;Rainbow Defensivos Agrícolas Ltda.- Porto Alegre /RS ; (Hemani Industries Limited - Unit III - Dahej<ÍNDIA>FABRICANTE);PT;II
TC15823;Alfa-Cipermetrina Técnico SD;alfa-cipermetrina (piretróide) (980 g/kg);Inseticida;Sharda do Brasil Comércio de Produtos Químicos e Agroquímicos LTDA; (Heranba Industries Limited - Unidade II - Vapi<ÍNDIA>FABRICANTE);PT;II
1107;Alfacipermetrina Técnica ;alfa-cipermetrina (piretróide) (930 g/kg);Inseticida;Basf Agricultural Solutions Brasil Ltda  São Paulo/SP; (Tagros Chemicals India Private Limited - Tamil Nadu <ÍNDIA>FABRICANTE) +  (Tagros Chemicals India Private Limited - Bharuch<ÍNDIA>FABRICANTE) +  (Bayer Vapi Private Limited - Gujarat<ÍNDIA>FABRICANTE);II;II
TC01825;Alpha-Cypermethrin Técnico Bharat;alfa-cipermetrina (piretróide) (970 g/kg);Inseticida;Biorisk - Assessoria e Comércio de Produtos Agrícolas Ltda.; (Bharat Rasayan Limited - Unit I - Rohtak <ÍNDIA>FABRICANTE);PT;II
89097;Alsystin Técnico;triflumurom (benzoiluréia) (950 g/kg);Inseticida;Bayer S.A. - São Paulo/ SP; (Bayer AG - Dormagen<ALEMANHA>FABRICANTE);IV;II
TC09821;Ametoctradin Técnico;ametoctradina (pyridylamine) (980 g/kg);Fungicida;Basf Agricultural Solutions Brasil Ltda  São Paulo/SP; (Hikal Limited<ÍNDIA>FABRICANTE) +  (Basf S.A.  São Paulo<BRASIL>FABRICANTE);Não;III
1778701;Ametrex Agricur Técnico;Ametrina (triazina) (950 g/kg);Herbicida;Adama Brasil S.A.- Londrina/PR; (Shandong Weifang Rainbow Chemical Co., Ltd. - Unidade Fabril 01<CHINA, REPUBLICA POPULAR>FABRICANTE);III;II
1568601;Ametrin Gan Técnico Milenia;Ametrina (triazina) (950 g/kg);Herbicida;Adama Brasil S.A.- Londrina/PR; (Adama Agricultural Solutions Ltd. - Ashdod <ISRAEL>FABRICANTE);III;II
0213;Ametrin Técnico CCAB;Ametrina (triazina) (960 g/kg);Herbicida;CCAB Agro S.A.   São Paulo; (Shandong Weifang Rainbow Chemical Co., Ltd. - Unidade Fabril 01<CHINA, REPUBLICA POPULAR>FABRICANTE);III;II
29318;Ametrina Tecnica Nortox II;Ametrina (triazina) (965 g/kg);Herbicida;Nortox S.A. - Arapongas; (Zhejiang Zhongshan Chemical Industry Group Co., Ltd.<CHINA, REPUBLICA POPULAR>FABRICANTE) +  (Hebei Shanli Chemical Co., Ltd.<CHINA, REPUBLICA POPULAR>FABRICANTE);III;II
0313;Ametrina Tecnico ALTA;Ametrina (triazina) (960 g/kg);Herbicida;ALTA - America Latina Tecnologia Agrícola Ltda.- Curitiba; (Shandong Weifang Rainbow Chemical Co., Ltd. - Unidade Fabril 01<CHINA, REPUBLICA POPULAR>FABRICANTE) +  (Hebei Shanli Chemical Co., Ltd.<CHINA, REPUBLICA POPULAR>FABRICANTE);III;II
6717;Ametrina Tecnico Oxon;Ametrina (triazina) (960 g/kg);Herbicida;Oxon Brasil Defensivos Agrícolas Ltda.; (Hebei Shanli Chemical Co., Ltd.<CHINA, REPUBLICA POPULAR>FABRICANTE) +  (Shandong Weifang Rainbow Chemical Co., Ltd. - Unidade Fabril 01<CHINA, REPUBLICA POPULAR>FABRICANTE);III;II
5112;Ametrina Tecnico Rainbow;Ametrina (triazina) (960 g/kg);Herbicida;Rainbow Defensivos Agrícolas Ltda.- Porto Alegre /RS ;;III;II
6817;Ametrina Tecnico ZS_Cropchem;Ametrina (triazina) (960 g/kg);Herbicida;Cropchem Ltda - Porto Alegre; (Hebei Shanli Chemical Co., Ltd.<CHINA, REPUBLICA POPULAR>FABRICANTE);III;II
2805;Ametrina Técnica AG;Ametrina (triazina) (960 g/kg);Herbicida;Syngenta Proteção de Cultivos Ltda.  São Paulo/SP; (Omnium - Divisão de Fabricação de Produtos para Proteção da Agricultura da Agriliance<ESTADOS UNIDOS>FABRICANTE) +  (Anhui Zhongshan Chemical Industry Co. Ltd.<CHINA, REPUBLICA POPULAR>FABRICANTE);III;II
298597;Ametrina Técnica BR;Ametrina (triazina) (960 g/kg);Herbicida;Syngenta Proteção de Cultivos Ltda.  São Paulo/SP; (Anhui Zhongshan Chemical Industry Co. Ltd.<CHINA, REPUBLICA POPULAR>FABRICANTE);III;II
TC15521;Ametrina Técnica Nortox;Ametrina (triazina) (970 g/kg);Herbicida;Nortox S.A. - Arapongas; (Shandong Binnong Technology CO., LTD<CHINA, REPUBLICA POPULAR>FABRICANTE);PT;II
TC15821;Ametrina Técnico Adama;Ametrina (triazina) (970 g/kg);Herbicida;Adama Brasil S.A.- Londrina/PR; (Shandong Binnong Technology CO., LTD<CHINA, REPUBLICA POPULAR>FABRICANTE);PT;II
TC06624;Ametrina Técnico Adama BR;Ametrina (triazina) (973 g/kg);Herbicida;Adama Brasil S.A.- Londrina/PR; (Hebei Shanli Chemical Co., Ltd.<CHINA, REPUBLICA POPULAR>FABRICANTE);PT;II
TC15721;Ametrina Técnico Alta II;Ametrina (triazina) (970 g/kg);Herbicida;ALTA - America Latina Tecnologia Agrícola Ltda.- Curitiba; (Shandong Binnong Technology CO., LTD<CHINA, REPUBLICA POPULAR>FABRICANTE);PT;II
TC15421;Ametrina Técnico Binnong;Ametrina (triazina) (970 g/kg);Herbicida;Biorisk - Assessoria e Comércio de Produtos Agrícolas Ltda.; (Shandong Binnong Technology CO., LTD<CHINA, REPUBLICA POPULAR>FABRICANTE);PT;II
TC05520;Ametrina Técnico Mil;Ametrina (triazina) (968 g/kg);Herbicida;Meghmani Organics Biodefensivos e Agrícolas do Brasil Ltda - Campinas/SP;;PT;II
14619;Ametrina Técnico Milênia BR;Ametrina (triazina) (960 g/kg);Herbicida;Adama Brasil S.A.- Londrina/PR;;III;II
TC15321;Ametrina Técnico OF;Ametrina (triazina) (970 g/kg);Herbicida;Ouro Fino Química S.A. - Uberaba; (Shandong Binnong Technology CO., LTD<CHINA, REPUBLICA POPULAR>FABRICANTE);PT;II
14219;Ametrina Técnico Of I;Ametrina (triazina) (960 g/kg);Herbicida;Ouro Fino Química S.A. - Uberaba; (Zhejiang Zhongshan Chemical Industry Group Co., Ltd.<CHINA, REPUBLICA POPULAR>FABRICANTE);III;II
5012;Ametrina Técnico Ouro Fino;Ametrina (triazina) (960 g/kg);Herbicida;Ouro Fino Química S.A. - Uberaba; (Shandong Weifang Rainbow Chemical Co., Ltd. - Unidade Fabril 01<CHINA, REPUBLICA POPULAR>FABRICANTE) +  (Hebei Shanli Chemical Co., Ltd.<CHINA, REPUBLICA POPULAR>FABRICANTE);III;III
7117;Ametrina Técnico SD;Ametrina (triazina) (960 g/kg);Formicida/Herbicida;Sharda do Brasil Comércio de Produtos Químicos e Agroquímicos LTDA; (Zhejiang Zhongshan Chemical Industry Group Co., Ltd.<CHINA, REPUBLICA POPULAR>FABRICANTE);III;II
36917;Ametrina Técnico SWR Agroimport;Ametrina (triazina) (960 g/kg);Herbicida;Agro Import do Brasil Ltda. - Porto Alegre/RS; (Shandong Weifang Rainbow Chemical Co., Ltd. - Unidade Fabril 01<CHINA, REPUBLICA POPULAR>FABRICANTE);III;II
7017;Ametrina Técnico ZS;Ametrina (triazina) (960 g/kg);Herbicida;Zhongshan Química do Brasil - Sorocaba/SP; (Zhejiang Zhongshan Chemical Industry Group Co., Ltd.<CHINA, REPUBLICA POPULAR>FABRICANTE) +  (Xiangshui Zhongshan Bioscience Co. Ltd<CHINA, REPUBLICA POPULAR>FABRICANTE);III;II
1413;Ametryn Technical;Ametrina (triazina) (960 g/kg);Herbicida;Albaugh Agro Brasil Ltda.- São Paulo; (Shandong Weifang Rainbow Chemical Co., Ltd. - Unidade Fabril 02<CHINA, REPUBLICA POPULAR>FABRICANTE) +  (Hebei Shanli Chemical Co., Ltd.<CHINA, REPUBLICA POPULAR>FABRICANTE);III;II
6917;Ametryn Técnico 960 AGCN;Ametrina (triazina) (960 g/kg);Herbicida;Agriconnection Importadora e Exportadora de Insumos Agrícolas - Barueri/SP; (Zhejiang Zhongshan Chemical Industry Group Co., Ltd.<CHINA, REPUBLICA POPULAR>FABRICANTE);III;II
TC11622;Ametryn Técnico Sino-Agri;Ametrina (triazina) (970 g/kg);Herbicida;Lemma Agronegócios Importação e Exportação Ltda.; (Shandong Binnong Technology CO., LTD<CHINA, REPUBLICA POPULAR>FABRICANTE);PT;II
01488804;Ametryne Técnico Oxon;Ametrina (triazina) (950 g/kg);Herbicida;Oxon Brasil Defensivos Agrícolas Ltda.; (Sipcam Oxon S.P.A. - Mezzana Bigli <ITÁLIA>FABRICANTE);III;II
TC19324;Amicarb Técnico Max;amicarbazona (triazolinona) (980 g/kg);Herbicida;Maxunitech do Brasil Ltda; (Max (Rudong) Chemicals Co., Ltd.<CHINA, REPUBLICA POPULAR>FABRICANTE);PT;II
32918;Amicarbazona Ascenza Técnico;amicarbazona (triazolinona) (970 g/kg);Herbicida;Ascenza Brasil Ltda - Hortolândia/SP; (Jiangsu Flag Chemical Industry Co., Ltd.<CHINA, REPUBLICA POPULAR>FABRICANTE);III;II
35918;Amicarbazona Técnico Adama;amicarbazona (triazolinona) (970 g/kg);Herbicida;Adama Brasil S.A.- Londrina/PR; (Jiangsu Flag Chemical Industry Co., Ltd.<CHINA, REPUBLICA POPULAR>FABRICANTE) +  (Max (Rudong) Chemicals Co., Ltd.<CHINA, REPUBLICA POPULAR>FABRICANTE);III;II
TC06922;Amicarbazona Técnico Adama BR;amicarbazona (triazolinona) (960 g/kg);Herbicida;Adama Brasil S.A.- Londrina/PR; (Jiangxi Heyi Chemical Co., Ltd.<CHINA, REPUBLICA POPULAR>FABRICANTE);PT;II
TC00725;Amicarbazona Técnico Good Harvest;amicarbazona (triazolinona) (980 g/kg);Herbicida;AllierBrasil Agro Ltda.; (Jiangsu Good Harvest - Weien Agrochemical Co. Ltd.<CHINA, REPUBLICA POPULAR>FABRICANTE);PT;II
37518;Amicarbazona Técnico Nortox;amicarbazona (triazolinona) (970 g/L);Herbicida;Nortox S.A. - Arapongas; (Jiangsu Flag Chemical Industry Co., Ltd.<CHINA, REPUBLICA POPULAR>FABRICANTE);III;II
TC04024;Amicarbazona Técnico Nortox II;amicarbazona (triazolinona) (970 g/kg);Herbicida;Nortox S.A. - Arapongas; (Jiangsu Agrochem Laboratory Co., Ltd - Changzhou <CHINA, REPUBLICA POPULAR>FABRICANTE);PT;II
TC02725;Amicarbazona Técnico Nortox III;amicarbazona (triazolinona) (980 g/kg);Herbicida;Nortox S.A. - Arapongas; (Jiangsu Good Harvest - Weien Agrochemical Co. Ltd.<CHINA, REPUBLICA POPULAR>FABRICANTE);PT;II
TC03323;Amicarbazona Técnico Rainbow;amicarbazona (triazolinona) (980 g/kg);Herbicida;Rainbow Defensivos Agrícolas Ltda.- Porto Alegre /RS ; (Shandong Weifang Rainbow Chemical Co., Ltd. - Unidade Fabril 01<CHINA, REPUBLICA POPULAR>FABRICANTE);PT;II
TC02625;Amicarbazona Técnico Solus;amicarbazona (triazolinona) (980 g/kg);Herbicida;Solus do Brasil Ltda. - Apucarana/PR- Parque Industrial ; (Jiangsu Good Harvest - Weien Agrochemical Co. Ltd.<CHINA, REPUBLICA POPULAR>FABRICANTE);PT;II
TC00526;Amicarbazona Técnico Tecnomyl;amicarbazona (triazolinona) (970 g/kg);Herbicida;Tecnomyl Brasil Distribuidora de Produtos Agrícolas Ltda - Foz do Iguaçu; (Xiangshui Zhongshan Bioscience Co. Ltd<CHINA, REPUBLICA POPULAR>FABRICANTE);PT;II
TC02825;Amicarbazona Técnico Tecnomyl II ;amicarbazona (triazolinona) (980 g/kg);Herbicida;Tecnomyl Brasil Distribuidora de Produtos Agrícolas Ltda - Foz do Iguaçu; (Jiangsu Good Harvest - Weien Agrochemical Co. Ltd.<CHINA, REPUBLICA POPULAR>FABRICANTE);PT;II
TC09622;Amicarbazone Tecnico Albaugh;amicarbazona (triazolinona) (960 g/kg);Herbicida;Albaugh Agro Brasil Ltda.- São Paulo; (Jiangxi Heyi Chemical Co., Ltd.<CHINA, REPUBLICA POPULAR>FABRICANTE);PT;II
TC05324;Amicarbazone Técnico Albaugh JAL 02;amicarbazona (triazolinona) (970 g/kg);Herbicida;Albaugh Agro Brasil Ltda.- São Paulo; (Jiangsu Agrochem Laboratory Co., Ltd - Changzhou <CHINA, REPUBLICA POPULAR>FABRICANTE);PT;II
TC03724;Amicarbazone Técnico Avgust;amicarbazona (triazolinona) (970 g/kg);Herbicida;Avgust Crop Protection Importação e Exportação Ltda.; (Jiangsu Agrochem Laboratory Co., Ltd - Changzhou <CHINA, REPUBLICA POPULAR>FABRICANTE);PT;II
TC05422;Amicarbazone Técnico Proventis;amicarbazona (triazolinona) (960 g/kg);Herbicida;Proventis Lifescience Defensivos Agrícolas Ltda; (Jiangxi Heyi Chemical Co., Ltd.<CHINA, REPUBLICA POPULAR>FABRICANTE);PT;II
TC23622;Amicarbazone Técnico Rotam;amicarbazona (triazolinona) (980 g/kg);Herbicida;Albaugh Agro Brasil Ltda.- São Paulo; (Wuxi Jiabao Pesticide & Pharmaceutical Co., Ltd.<CHINA, REPUBLICA POPULAR>FABRICANTE);PT;II
TC18822;Aminociclopiraclor Técnico;Aminociclopiraclor (ácido piridinocarboxílico) (852 g/kg);Herbicida;CTVA Proteção de Cultivos Ltda - Barueri (Tamboré); (Jiangsu Lianhe Chemical Technology Co., Ltd<CHINA, REPUBLICA POPULAR>FABRICANTE) +  (Viakem S.A. de C.V. - Unidade de San Nicolás de Los Garza<MÉXICO>FABRICANTE);Não;IV
TC03725;Aminopiralide Técnico Adama;Aminopiralide (ácido piridiniloxialcanóico) (955 g/kg);Herbicida;Adama Brasil S.A.- Londrina/PR; (Zhejiang Avilive Chemical Co., Ltd<CHINA, REPUBLICA POPULAR>FABRICANTE) +  (Lianyungang Avilive Chemical Co, Ltd. - Jiangsu <CHINA, REPUBLICA POPULAR>FABRICANTE);PT;III
TC05325;Aminopiralide Técnico CHDS;Aminopiralide (ácido piridiniloxialcanóico) (955 g/kg);Herbicida;CHDS do Brasil Comércio de Insumos Agrícolas Ltda - São Miguel do Iguaçu/PR   ; (Zhejiang Avilive Chemical Co., Ltd<CHINA, REPUBLICA POPULAR>FABRICANTE);PT;III
TC31025;Aminopiralide Técnico Cropchem;Aminopiralide (ácido piridiniloxialcanóico) (955 g/kg);Herbicida;Cropchem Ltda - Porto Alegre; (Zhejiang Avilive Chemical Co., Ltd<CHINA, REPUBLICA POPULAR>FABRICANTE);PT;III
TC07724;Aminopiralide Técnico Ihara;Aminopiralide (ácido piridiniloxialcanóico) (980 g/kg);Herbicida;Iharabras S.A. Indústria Químicas - Sorocaba; (Yongnong Biosciences Co., Ltd.<CHINA, REPUBLICA POPULAR>FABRICANTE);PT;III
TC24525;Aminopiralide Técnico Nortox;Aminopiralide (ácido piridiniloxialcanóico) (955 g/kg);Herbicida;Nortox S.A. - Arapongas; (Lianyungang Avilive Chemical Co, Ltd. - Jiangsu <CHINA, REPUBLICA POPULAR>FABRICANTE);PT;III
TC07424;Aminopiralide Técnico Nortox II;Aminopiralide (ácido piridiniloxialcanóico) (960 g/kg);Herbicida;Nortox S.A. - Arapongas; (Yongnong Biosciences Co., Ltd.<CHINA, REPUBLICA POPULAR>FABRICANTE);PT;III
TC24425;Aminopiralide Técnico Nortox III;Aminopiralide (ácido piridiniloxialcanóico) (955 g/kg);Herbicida;Nortox S.A. - Arapongas; (Zhejiang Avilive Chemical Co., Ltd<CHINA, REPUBLICA POPULAR>FABRICANTE);PT;III
TC15023;Aminopiralide Técnico Rainbow;Aminopiralide (ácido piridiniloxialcanóico) (980 g/kg);Herbicida;Rainbow Defensivos Agrícolas Ltda.- Porto Alegre /RS ; (Shandong Weifang Rainbow Chemical Co., Ltd. - Unidade Fabril 01<CHINA, REPUBLICA POPULAR>FABRICANTE);PT;III
TC09124;Aminopiralide Técnico Sumitomo;Aminopiralide (ácido piridiniloxialcanóico) (960 g/kg);Herbicida;Sumitomo Chemical Brasil Indústria Química S.A. - Maracanaú/CE; (Yongnong Biosciences Co., Ltd.<CHINA, REPUBLICA POPULAR>FABRICANTE);PT;III
TC04625;Aminopiralide Técnico Tecnomyl;Aminopiralide (ácido piridiniloxialcanóico) (955 g/kg);Herbicida;Tecnomyl Brasil Distribuidora de Produtos Agrícolas Ltda - Foz do Iguaçu; (Zhejiang Avilive Chemical Co., Ltd<CHINA, REPUBLICA POPULAR>FABRICANTE);PT;III
TC07225;Aminopiralide Técnico Tide;Aminopiralide (ácido piridiniloxialcanóico) (955 g/kg);Herbicida;Tide do Brasil Ltda - Porto Alegre/RS; (Zhejiang Avilive Chemical Co., Ltd<CHINA, REPUBLICA POPULAR>FABRICANTE);PT;III
7006;Aminopiralide Ácido Técnico;Aminopiralide (ácido piridiniloxialcanóico) (920 g/kg);Herbicida;CTVA Proteção de Cultivos Ltda - Barueri (Tamboré); (Lier Chemical Co. Ltd.<CHINA, REPUBLICA POPULAR>FABRICANTE);I;III
TC07524;Aminopyralid Técnico AT;Aminopiralide (ácido piridiniloxialcanóico) (960 g/kg);Herbicida;Yonon Brasil Defensivos Agricolas Ltda; (Yongnong Biosciences Co., Ltd.<CHINA, REPUBLICA POPULAR>FABRICANTE);PT;III
TC01925;Aminopyralid Técnico Avilive;Aminopiralide (ácido piridiniloxialcanóico) (955 g/kg);Herbicida;Syncrom Assessoria e Comércio de Produtos Agropecuários  Ltda.; (Zhejiang Avilive Chemical Co., Ltd<CHINA, REPUBLICA POPULAR>FABRICANTE);PT;III
TC13024;Aminopyralid Técnico CCAB;Aminopiralide (ácido piridiniloxialcanóico) (960 g/kg);Herbicida;CCAB Agro S.A.   São Paulo; (Yongnong Biosciences Co., Ltd.<CHINA, REPUBLICA POPULAR>FABRICANTE);PT;III
TC09825;Aminopyralid Técnico Ihara III;Aminopiralide (ácido piridiniloxialcanóico) (955 g/kg);Herbicida;Iharabras S.A. Indústria Químicas - Sorocaba; (Zhejiang Avilive Chemical Co., Ltd<CHINA, REPUBLICA POPULAR>FABRICANTE);PT;III
TC01625;Aminopyralid Técnico NGC;Aminopiralide (ácido piridiniloxialcanóico) (955 g/kg);Herbicida;NGC Agrosciences Brasil Ltda - Botucatu/SP; (Zhejiang Avilive Chemical Co., Ltd<CHINA, REPUBLICA POPULAR>FABRICANTE);PT;III
TC05225;Aminopyralid Técnico SML;Aminopiralide (ácido piridiniloxialcanóico) (955 g/kg);Herbicida;SM Agrocare Brasil Importação Comércio e Serviços Agrícolas Ltda; (Zhejiang Avilive Chemical Co., Ltd<CHINA, REPUBLICA POPULAR>FABRICANTE);PT;III
4694;Amitraz Técnico Milenia;amitraz (bis(arilformamidina)) (970 g/kg);Acaricida;Adama Brasil S.A.- Londrina/PR; (Adama Brasil S.A.- Londrina/PR<BRASIL>FABRICANTE) +  (Adama Brasil S.A. - Taquari<BRASIL>FABRICANTE);III;II
06503;Ancosar Técnico;MSMA (organoarsênico) (960 g/L);Herbicida;Ancom do Brasil Ltda.; (Ancom Crop Care Sdn. Bhd.<MALÁSIA>FABRICANTE) +  (Sipcam Nichino Brasil S.A. - Uberaba/MG<BRASIL>FABRICANTE);I;III
47519;Ankara Técnico;tiodicarbe (metilcarbamato de oxima) (980 g/kg);Inseticida;ANASAC Brasil Comercio e Locação de Máquinas Ltda.; (Shandong Libiang Chemical Industry Co., Ltd<CHINA, REPUBLICA POPULAR>FABRICANTE);PT;I
06200;Antracol Técnico;propinebe (alquilenobis(ditiocarbamato)) (800 g/kg);Fungicida;Bayer S.A. - São Paulo/ SP; (Bayer AG - Dormagen<ALEMANHA>FABRICANTE) +  (UPL Limited - Jhagadia<ÍNDIA>FABRICANTE);III;IV
12808;Appalus Técnico;imidacloprido (neonicotinóide) (950 g/kg);Inseticida;Albaugh Agro Brasil Ltda.- São Paulo; (Hebei Yetian Agrochemicals CO. Ltd.<CHINA, REPUBLICA POPULAR>FABRICANTE);III;III
1297;Applaud Técnico 980;buprofezina (tiadiazinona) (980 g/kg);Inseticida/Regulador de Crescimento;Nichino do Brasil Agroquimicos Ltda. ; (Nichino Service Co. Ltd. - Kashima Plant<JAPÃO>FABRICANTE) +  (Jiangsu Changlong Agrochemical Co., Ltd.<CHINA, REPUBLICA POPULAR>FABRICANTE) +  (Nichino Chemical India Private Limited (Medak - Unit 1)<ÍNDIA>FABRICANTE);IV;III
14608;Ardent Técnico Milenia;cresoxim-metílico (estrobilurina) (957 g/kg);Fungicida;Adama Brasil S.A.- Londrina/PR; (Adama Brasil S.A. - Taquari<BRASIL>FABRICANTE) +  (Jingbo Agrochemicals Technology Co Ltd<CHINA, REPUBLICA POPULAR>FABRICANTE);III;II
6305;Arrivo Técnico;cipermetrina (piretróide) (880 g/kg);Inseticida;FMC Química do Brasil Ltda. - Campinas/SP;;II;II
348895;Arsenal Técnico;imazapir (imidazolinona) (950 g/kg);Herbicida;Basf Agricultural Solutions Brasil Ltda  São Paulo/SP; (Basf Corporation - Hannibal Plant - Missouri<ESTADOS UNIDOS>FABRICANTE) +  (Basf Corporation - Beumont Texas<ESTADOS UNIDOS>FABRICANTE);I;III
TC16624;Artabin Técnico;Azoxistrobina (estrobilurina) (980 g/kg);Fungicida;Gilmore Agro do Brasil Ltda - ME ; (Xiangshui Zhongshan Bioscience Co. Ltd<CHINA, REPUBLICA POPULAR>FABRICANTE);PT;II
1208703;Asulam Técnico;Asulam (sulfanililcarbamato) (810 g/kg);Herbicida;UPL do Brasil Indústria e Comércio de Insumos Agropecuários S.A. - Matriz Ituverava/SP ; (Bayer  CropScience Ltd - Norwich (Vendida)<REINO UNIDO>FABRICANTE);III;III
00968903;Asulam Técnico BCS;Asulam (sulfanililcarbamato) (441.8 g/kg);Herbicida;UPL do Brasil Indústria e Comércio de Insumos Agropecuários S.A. - Matriz Ituverava/SP ; (UPL Limited - Hadia<ÍNDIA>FABRICANTE);III;III
06994;Atabron Técnico ISK;clorfluazurom (benzoiluréia) (970 g/kg);Inseticida;ISK Biosciences do Brasil Defensivos Agricolas Ltda; (Ishihara Sangyo Kaisha  LTD (Sede)<JAPÃO>FABRICANTE) +  (Ishihara Sangyo Kaisha Ltd. (Fábrica)<JAPÃO>FABRICANTE) +  (UPL Limited - Halol<ÍNDIA>FABRICANTE);IV;II
4994;Atranex Agricur Técnico;Atrazina (triazina) (950 g/kg);Herbicida;Adama Brasil S.A.- Londrina/PR; (Shandong Weifang Rainbow Chemical Co., Ltd. - Unidade Fabril 01<CHINA, REPUBLICA POPULAR>FABRICANTE) +  (Adama Agricultural Solutions Ltd. - Ashdod <ISRAEL>FABRICANTE);III;III
0998388;Atrazin Técnico;Atrazina (triazina) (960 g/kg);Herbicida;Syngenta Proteção de Cultivos Ltda.  São Paulo/SP; (Hebei Shanli Chemical Co., Ltd.<CHINA, REPUBLICA POPULAR>FABRICANTE);III;II
1713;Atrazin Técnico CCAB;Atrazina (triazina) (970 g/kg);Herbicida;CCAB Agro S.A.   São Paulo;;III;II
5294;Atrazin Técnico Milenia;Atrazina (triazina) (970 g/kg);Herbicida;Adama Brasil S.A.- Londrina/PR; (Adama Brasil S.A.- Londrina/PR<BRASIL>FABRICANTE) +  (Shandong Weifang Rainbow Chemical Co., Ltd. - Unidade Fabril 02<CHINA, REPUBLICA POPULAR>FABRICANTE);III;II
1813;Atrazina Tecnica Alamos ;Atrazina (triazina) (970 g/kg);Herbicida;Crotect Crop Science Ltda - São Paulo/SP;;III;II
1913;Atrazina Tecnica Atanor II;Atrazina (triazina) (970 g/kg);Herbicida;Albaugh Agro Brasil Ltda.- São Paulo;;III;II
6612;Atrazina Tecnico ALTA;Atrazina (triazina) (970 g/kg);Herbicida;ALTA - America Latina Tecnologia Agrícola Ltda.- Curitiba; (Shandong Weifang Rainbow Chemical Co., Ltd. - Unidade Fabril 01<CHINA, REPUBLICA POPULAR>FABRICANTE) +  (Shandong Binnong Technology CO., LTD<CHINA, REPUBLICA POPULAR>FABRICANTE) +  (Hebei Shanli Chemical Co., Ltd.<CHINA, REPUBLICA POPULAR>FABRICANTE);III;II
28119;Atrazina Tecnico OF I;Atrazina (triazina) (970 g/kg);Herbicida;Ouro Fino Química S.A. - Uberaba; (Zhejiang Zhongshan Chemical Industry Group Co., Ltd.<CHINA, REPUBLICA POPULAR>FABRICANTE);III;II
178500;Atrazina Técnica Ciba Geigy;Atrazina (triazina) (960 g/kg);Herbicida;Syngenta Proteção de Cultivos Ltda.  São Paulo/SP; (Syngenta Crop Protection LLC -  St. Gabriel<ESTADOS UNIDOS>FABRICANTE) +  (Anhui Zhongshan Chemical Industry Co. Ltd.<CHINA, REPUBLICA POPULAR>FABRICANTE) +  (Anhui Zhongshan Chemical Industry Co. Ltd.<CHINA, REPUBLICA POPULAR>FABRICANTE) +  (Hebei Shanli Chemical Co., Ltd.<CHINA, REPUBLICA POPULAR>FABRICANTE);III;II
0517;Atrazina Técnica Fersol;Atrazina (triazina) (970 g/kg);Herbicida;Ameribrás Indústria e Comércio Ltda.; (Zhejiang Zhongshan Chemical Industry Group Co., Ltd.<CHINA, REPUBLICA POPULAR>FABRICANTE) +  (Shandong Binnong Technology CO., LTD<CHINA, REPUBLICA POPULAR>FABRICANTE) +  (Fersol Indústria e Comércio S.A. - EM RECUPERACAO JUDICIAL<BRASIL>FABRICANTE) +  (Hebei Shanli Chemical Co., Ltd.<CHINA, REPUBLICA POPULAR>FABRICANTE) +  (Hebei Shanli Chemical Co., Ltd.<CHINA, REPUBLICA POPULAR>FABRICANTE);III;II
496;Atrazina Técnica Nortox;Atrazina (triazina) (970 g/kg);Herbicida;Nortox S.A. - Arapongas; (Shandong Dehao Chemical Co Ltd<CHINA, REPUBLICA POPULAR>FABRICANTE) +  (Nortox S.A. - Arapongas<BRASIL>FABRICANTE) +  (Zhejiang Zhongshan Chemical Industry Group Co., Ltd.<CHINA, REPUBLICA POPULAR>FABRICANTE) +  (Hebei Shanli Chemical Co., Ltd.<CHINA, REPUBLICA POPULAR>FABRICANTE);III;II
7216;Atrazina Técnica Nortox Br;Atrazina (triazina) (970 g/kg);Herbicida;Nortox S.A. - Arapongas; (Zhejiang Zhongshan Chemical Industry Group Co., Ltd.<CHINA, REPUBLICA POPULAR>FABRICANTE) +  (Shandong Binnong Technology CO., LTD<CHINA, REPUBLICA POPULAR>FABRICANTE);III;II
17418;Atrazina Técnico Adama;Atrazina (triazina) (970 g/kg);Herbicida;Adama Brasil S.A.- Londrina/PR; (Shandong Binnong Technology CO., LTD<CHINA, REPUBLICA POPULAR>FABRICANTE);III;II
TC03721;Atrazina Técnico Adama Br;Atrazina (triazina) (980 g/kg);Herbicida;Adama Brasil S.A.- Londrina/PR; (Hebei Shanli Chemical Co., Ltd.<CHINA, REPUBLICA POPULAR>FABRICANTE);PT;II
11215;Atrazina Técnico Agroimport;Atrazina (triazina) (970 g/kg);Herbicida;Agro Import do Brasil Ltda. - Porto Alegre/RS; (Shandong Weifang Rainbow Chemical Co., Ltd. - Unidade Fabril 01<CHINA, REPUBLICA POPULAR>FABRICANTE);III;II
TC15921;Atrazina Técnico Binnong;Atrazina (triazina) (970 g/kg);Herbicida;Biorisk - Assessoria e Comércio de Produtos Agrícolas Ltda.; (Shandong Binnong Technology CO., LTD<CHINA, REPUBLICA POPULAR>FABRICANTE);PT;II
TC02321;Atrazina Técnico CHDS;Atrazina (triazina) (980 g/kg);Herbicida;CHDS do Brasil Comércio de Insumos Agrícolas Ltda - São Miguel do Iguaçu/PR   ; (Hebei Shanli Chemical Co., Ltd.<CHINA, REPUBLICA POPULAR>FABRICANTE);PT;II
TC07821;Atrazina Técnico Mil;Atrazina (triazina) (970 g/kg);Herbicida;Adama Brasil S.A.- Londrina/PR; (Anhui Zhongshan Chemical Industry Co. Ltd.<CHINA, REPUBLICA POPULAR>FABRICANTE);PT;II
1916;Atrazina Técnico OF;Atrazina (triazina) (970 g/kg);Herbicida;Ouro Fino Química S.A. - Uberaba; (Shandong Binnong Technology CO., LTD<CHINA, REPUBLICA POPULAR>FABRICANTE);III;II
8411;Atrazina Técnico Ouro Fino;Atrazina (triazina) (970 g/L);Herbicida;Ouro Fino Química S.A. - Uberaba; (Shandong Weifang Rainbow Chemical Co., Ltd. - Unidade Fabril 01<CHINA, REPUBLICA POPULAR>FABRICANTE);III;III
1078600;Atrazina Técnico Oxon;Atrazina (triazina) (947.631 g/kg);Herbicida;Oxon Brasil Defensivos Agrícolas Ltda.; (Sipcam Oxon S.P.A. - Mezzana Bigli <ITÁLIA>FABRICANTE) +  (Zhejiang Zhongshan Chemical Industry Group Co., Ltd.<CHINA, REPUBLICA POPULAR>FABRICANTE) +  (Oxon - Nanjing<CHINA, REPUBLICA POPULAR>FABRICANTE) +  (Hebei Shanli Chemical Co., Ltd.<CHINA, REPUBLICA POPULAR>FABRICANTE);III;III
2112;Atrazina Técnico Rainbow;Atrazina (triazina) (970 g/kg);Herbicida;Rainbow Defensivos Agrícolas Ltda.- Porto Alegre /RS ; (Shandong Weifang Rainbow Chemical Co., Ltd. - Unidade Fabril 01<CHINA, REPUBLICA POPULAR>FABRICANTE);III;II
7917;Atrazina Técnico SD;Atrazina (triazina) (970 g/kg);Herbicida;Sharda do Brasil Comércio de Produtos Químicos e Agroquímicos LTDA; (Jinan Kesaijinong Chem. Ltd<CHINA, REPUBLICA POPULAR>FABRICANTE) +  (Shandong Binnong Technology CO., LTD<CHINA, REPUBLICA POPULAR>FABRICANTE);III;II
2516;Atrazina Técnico Solus;Atrazina (triazina) (970 g/kg);Cupinicida/Herbicida;Solus do Brasil Ltda. - Apucarana/PR- Parque Industrial ; (Zhejiang Zhongshan Chemical Industry Group Co., Ltd.<CHINA, REPUBLICA POPULAR>FABRICANTE);III;II
16316;Atrazina Técnico ZS;Atrazina (triazina) (970 g/kg);Herbicida;Zhongshan Química do Brasil - Sorocaba/SP; (Xiangshui Zhongshan Bioscience Co. Ltd<CHINA, REPUBLICA POPULAR>FABRICANTE);III;II
16216;Atrazina Técnico ZS - Cropchem;Atrazina (triazina) (970 g/kg);Herbicida;Cropchem Ltda - Porto Alegre; (Zhejiang Zhongshan Chemical Industry Group Co., Ltd.<CHINA, REPUBLICA POPULAR>FABRICANTE) +  (Shandong Binnong Technology CO., LTD<CHINA, REPUBLICA POPULAR>FABRICANTE) +  (Hebei Shanli Chemical Co., Ltd.<CHINA, REPUBLICA POPULAR>FABRICANTE);III;II
TC01321;Atrazine Tech Oxon;Atrazina (triazina) (960 g/kg);Herbicida;Oxon Brasil Defensivos Agrícolas Ltda.;;PT;II
TC01421;Atrazine Tecnico CCAB II;Atrazina (triazina) (970 g/kg);Herbicida;CCAB Agro S.A.   São Paulo; (Zhejiang Zhongshan Chemical Industry Group Co., Ltd.<CHINA, REPUBLICA POPULAR>FABRICANTE);PT;II
17316;Atrazine Técnico 970 AGCN;Atrazina (triazina) (970 g/kg);Herbicida;Agriconnection Importadora e Exportadora de Insumos Agrícolas - Barueri/SP; (Zhejiang Zhongshan Chemical Industry Group Co., Ltd.<CHINA, REPUBLICA POPULAR>FABRICANTE) +  (Shandong Binnong Technology CO., LTD<CHINA, REPUBLICA POPULAR>FABRICANTE);III;II
TC12622;Atrazine Técnico Eagrow;Atrazina (triazina) (970 g/kg);Herbicida;Kesai Eagrow do Brasil Ltda; (Shandong Dehao Chemical Co Ltd<CHINA, REPUBLICA POPULAR>FABRICANTE);PT;II
1888204;Atrazine Técnico Milenia;Atrazina (triazina) (980 g/kg);Herbicida;Adama Brasil S.A.- Londrina/PR; (Adama Agricultural Solutions Ltd. - Ashdod <ISRAEL>FABRICANTE);III;II
TC12722;Atrazine Técnico Sino- Agri;Atrazina (triazina) (970 g/kg);Herbicida;Lemma Agronegócios Importação e Exportação Ltda.; (Shandong Dehao Chemical Co Ltd<CHINA, REPUBLICA POPULAR>FABRICANTE) +  (Shandong Binnong Technology CO., LTD<CHINA, REPUBLICA POPULAR>FABRICANTE);PT;II
11818;Atuantt Técnico;flutriafol (triazol) (950 g/kg);Fungicida;Iharabras S.A. Indústria Químicas - Sorocaba; (Iharabras S.A. Indústria Químicas - Sorocaba<BRASIL>FABRICANTE) +  (Rudong Zhongyi Chemical Co., Ltd.<CHINA, REPUBLICA POPULAR>FABRICANTE) +  (Jiangsu Agrochem Laboratory Co., Ltd - Changzhou <CHINA, REPUBLICA POPULAR>FABRICANTE) +  (Jiangsu Sevencontinent Green Chemical Co., Ltd - Unit I<CHINA, REPUBLICA POPULAR>FABRICANTE);III;III
TC11524;Axalion Técnico;Dimpropiridaz (carboxamida) (950 g/kg);Inseticida;Basf Agricultural Solutions Brasil Ltda  São Paulo/SP; (CABB Oy<FINLÂNDIA>FABRICANTE) +  (Basf  Espanola S.L. - Tarragona<ESPANHA>FABRICANTE) +  (Deccan Fine Chemicals (India) Limited - Andhra Pradesh<ÍNDIA>FABRICANTE) +  (BASF SE  - Ludwigshafen<ALEMANHA>FABRICANTE);Não;III
10107;Azadiractina Técnico Especialidades;azadiractina (Tetranortriterpenóide) (250 g/kg);Inseticida;UPL do Brasil Indústria e Comércio de Insumos Agropecuários S.A. - Matriz Ituverava/SP ; (E.I.D. Parry (Índia) Limited - Chennai<ÍNDIA>FABRICANTE);II;IV
04100;Azimsulfuron Técnico;Azimsulfurom (sulfoniluréia) (980 g/kg);Herbicida;FMC Química do Brasil Ltda. - Campinas/SP; (DuPont de Nemours (Flandre) S.A.<FRANÇA>FABRICANTE) +  (E.I. DuPont de Nemours & CO. - Experimental Station Wilmington<ESTADOS UNIDOS>FABRICANTE);III;III
TC00225;Azoshy Técnico ;Azoxistrobina (estrobilurina) (980 g/kg);Fungicida;AllierBrasil Agro Ltda.; (ZheJiang Funong Biotech Co. Ltd.<CHINA, REPUBLICA POPULAR>FABRICANTE);PT;II
16016;Azoxistrobin Tecnico Sinon ;Azoxistrobina (estrobilurina) (980 g/kg);Fungicida;Sinon do Brasil Ltda. - Porto Alegre /RS.; (Sinon Corporation - Taiwan<TAIWAN (ILHA FORMOSA)>FABRICANTE) +  (Zhejiang Udragon Bioscience Co. Ltd<CHINA, REPUBLICA POPULAR>FABRICANTE);III;II
TC26622;Azoxistrobin Técnico  Tecnomyl;Azoxistrobina (estrobilurina) (980 g/kg);Fungicida;Tecnomyl Brasil Distribuidora de Produtos Agrícolas Ltda - Foz do Iguaçu; (Shangyu Nutrichem Co., Ltd.<CHINA, REPUBLICA POPULAR>FABRICANTE);PT;II
25316;Azoxistrobin Técnico CCAB;Azoxistrobina (estrobilurina) (980 g/kg);Fungicida;CCAB Agro S.A.   São Paulo; (Shangyu Nutrichem Co., Ltd.<CHINA, REPUBLICA POPULAR>FABRICANTE);III;II
12011;Azoxistrobin Técnico Cheminova;Azoxistrobina (estrobilurina) (970 g/kg);Fungicida;FMC Química do Brasil Ltda. - Campinas/SP;;II;II
TC23125;Azoxistrobin Técnico GSP;Azoxistrobina (estrobilurina) (980 g/kg);Fungicida;GSP Agroquímica do Brasil Ltda - Porto Alegra/RS; (GSP Crop Science Limited - Nandesari<ÍNDIA>FABRICANTE);PT;II
7817;Azoxistrobin Técnico Globachem;Azoxistrobina (estrobilurina) (980 g/kg);Fungicida;Globachem Proteção de Cultivos do Brasil Ltda. - Campinas/SP; (Shangyu Nutrichem Co., Ltd.<CHINA, REPUBLICA POPULAR>FABRICANTE);III;II
TC00424;Azoxistrobin Técnico RDB;Azoxistrobina (estrobilurina) (980 g/kg);Fungicida;Albaugh Agro Brasil Ltda.- São Paulo; (Shangyu Nutrichem Co., Ltd.<CHINA, REPUBLICA POPULAR>FABRICANTE);PT;II
17419;Azoxistrobin Técnico Tecnomyl II;Azoxistrobina (estrobilurina) (975 g/kg);Fungicida;Tecnomyl Brasil Distribuidora de Produtos Agrícolas Ltda - Foz do Iguaçu; (Hebei Veyong Bio-Chemical CO., Ltd<CHINA, REPUBLICA POPULAR>FABRICANTE) +  (Anhui Guangxin Agrochemical Co., Ltd. - Anhui<CHINA, REPUBLICA POPULAR>FABRICANTE);III;II
19218;Azoxistrobin Técnico Tide;Azoxistrobina (estrobilurina) (975 g/kg);Fungicida;Tide do Brasil Ltda - Porto Alegre/RS; (Hebei Veyong Bio-Chemical CO., Ltd<CHINA, REPUBLICA POPULAR>FABRICANTE);III;II
20217;Azoxistrobina Ascenza Técnico III;Azoxistrobina (estrobilurina) (975 g/kg);Fungicida;Ascenza Brasil Ltda - Hortolândia/SP; (Hebei Veyong Bio-Chemical CO., Ltd<CHINA, REPUBLICA POPULAR>FABRICANTE);III;II
31619;Azoxistrobina Tecnica Albaugh;Azoxistrobina (estrobilurina) (980 g/kg);Fungicida;Albaugh Agro Brasil Ltda.- São Paulo; (CAC Nantong Chemical Co. Ltd. - Jiangsu<CHINA, REPUBLICA POPULAR>FABRICANTE);III;II
26316;Azoxistrobina Tecnica ME2;Azoxistrobina (estrobilurina) (980 g/kg);Fungicida;UPL do Brasil Indústria e Comércio de Insumos Agropecuários S.A. - Matriz Ituverava/SP ; (Shangyu Nutrichem Co., Ltd.<CHINA, REPUBLICA POPULAR>FABRICANTE);III;II
25416;Azoxistrobina Técnica Agristar;Azoxistrobina (estrobilurina) (980 g/kg);Fungicida;Albaugh Agro Brasil Ltda.- São Paulo; (Shangyu Nutrichem Co., Ltd.<CHINA, REPUBLICA POPULAR>FABRICANTE);III;II
TC09023;Azoxistrobina Técnica Fersol;Azoxistrobina (estrobilurina) (980 g/kg);Fungicida;Ameribrás Indústria e Comércio Ltda.; (Anhui Guangxin Agrochemical Co., Ltd. - Anhui<CHINA, REPUBLICA POPULAR>FABRICANTE) +  (Jiangsu Good Harvest - Weien Agrochemical Co. Ltd.<CHINA, REPUBLICA POPULAR>FABRICANTE);PT;II
TC08823;Azoxistrobina Técnico Ada BR;Azoxistrobina (estrobilurina) (980 g/kg);Fungicida;Adama Brasil S.A.- Londrina/PR; (Jiangsu Good Harvest - Weien Agrochemical Co. Ltd.<CHINA, REPUBLICA POPULAR>FABRICANTE);PT;II
TC00220;Azoxistrobina Técnico Adama ;Azoxistrobina (estrobilurina) (980 g/kg);Fungicida;Adama Brasil S.A.- Londrina/PR; (Shandong Weifang Rainbow Chemical Co., Ltd. - Unidade Fabril 02<CHINA, REPUBLICA POPULAR>FABRICANTE);PT;II
TC08120;Azoxistrobina Técnico Adama 2;Azoxistrobina (estrobilurina) (969 g/kg);Fungicida;Adama Brasil S.A.- Londrina/PR; (Yongnong Biosciences Co., Ltd.<CHINA, REPUBLICA POPULAR>FABRICANTE);PT;II
TC05924;Azoxistrobina Técnico Adama BR;Azoxistrobina (estrobilurina) (980 g/kg);Fungicida;Adama Brasil S.A.- Londrina/PR; (Shangyu Nutrichem Co., Ltd.<CHINA, REPUBLICA POPULAR>FABRICANTE);PT;II
20417;Azoxistrobina Técnico Adama Brasil;Azoxistrobina (estrobilurina) (975 g/kg);Fungicida;Adama Brasil S.A.- Londrina/PR; (Hebei Veyong Bio-Chemical CO., Ltd<CHINA, REPUBLICA POPULAR>FABRICANTE);III;II
31319;Azoxistrobina Técnico Agrisor;Azoxistrobina (estrobilurina) (980 g/kg);Fungicida;CAC Quimica do Brasil Ltda;;III;II
TC05124;Azoxistrobina Técnico Agrolead;Azoxistrobina (estrobilurina) (980 g/kg);Fungicida;Agro-Lead Brasil Assessoria em Produtos Agrícolas Ltda - EPP; (Jiangsu Sevencontinent Green Chemical Co., Ltd - Unit II<CHINA, REPUBLICA POPULAR>FABRICANTE);PT;II
7112;Azoxistrobina Técnico Alta;Azoxistrobina (estrobilurina) (900 g/kg);Fungicida;ALTA - America Latina Tecnologia Agrícola Ltda.- Curitiba; (Lianyungang Avilive Chemical Co, Ltd. - Jiangsu <CHINA, REPUBLICA POPULAR>FABRICANTE);II;II
18218;Azoxistrobina Técnico Alta II;Azoxistrobina (estrobilurina) (980 g/kg);Fungicida;ALTA - America Latina Tecnologia Agrícola Ltda.- Curitiba; (Shanghai Heben-Eastsun Medicaments Co., Ltd - Jinshan<CHINA, REPUBLICA POPULAR>FABRICANTE);III;II
TC07125;Azoxistrobina Técnico Alta III;Azoxistrobina (estrobilurina) (975 g/kg);Fungicida;ALTA - America Latina Tecnologia Agrícola Ltda.- Curitiba; (Hebei Veyong Bio-Chemical CO., Ltd<CHINA, REPUBLICA POPULAR>FABRICANTE) +  (Jiangsu Sevencontinent Green Chemical Co., Ltd - Unit II<CHINA, REPUBLICA POPULAR>FABRICANTE);PT;II
31419;Azoxistrobina Técnico Brasil BR;Azoxistrobina (estrobilurina) (980 g/kg);Fungicida;Adama Brasil S.A.- Londrina/PR; (CAC Nantong Chemical Co. Ltd. - Jiangsu<CHINA, REPUBLICA POPULAR>FABRICANTE);III;II
TC18925;Azoxistrobina Técnico Cropchem IV;Azoxistrobina (estrobilurina) (980 g/kg);Fungicida;Cropchem Ltda - Porto Alegre; (Huikwang Corporation-Tainan<TAIWAN (ILHA FORMOSA)>FABRICANTE);PT;II
TC04521;Azoxistrobina Técnico D'Verde;Azoxistrobina (estrobilurina) (975 g/kg);Fungicida;DVerde Comércio, Importação e Exportação Ltda.; (Hebei Veyong Bio-Chemical Co., Ltd. (Unidade II)<CHINA, REPUBLICA POPULAR>FABRICANTE);PT;II
TC14822;Azoxistrobina Técnico HS;Azoxistrobina (estrobilurina) (980 g/kg);Fungicida;AllierBrasil Agro Ltda.; (Zhejiang Hisun Chemical Co., Ltd<CHINA, REPUBLICA POPULAR>FABRICANTE);PT;II
31119;Azoxistrobina Técnico HX-CropChem;Azoxistrobina (estrobilurina) (980 g/kg);Fungicida;Cropchem Ltda - Porto Alegre; (Hextar Chemicals Sdn. Bhd.<MALÁSIA>FABRICANTE) +  (CAC Nantong Chemical Co. Ltd. - Jiangsu<CHINA, REPUBLICA POPULAR>FABRICANTE) +  (Hebei Veyong Bio-Chemical Co., Ltd. (Unidade II)<CHINA, REPUBLICA POPULAR>FABRICANTE) +  (Anhui Guangxin Agrochemical Co., Ltd. - Anhui<CHINA, REPUBLICA POPULAR>FABRICANTE);III;II
16319;Azoxistrobina Técnico Ouro Fino;Azoxistrobina (estrobilurina) (980 g/kg);Fungicida;Ouro Fino Química S.A. - Uberaba; (Lianyungang Avilive Chemical Co, Ltd. - Jiangsu <CHINA, REPUBLICA POPULAR>FABRICANTE) +  (Anhui Guangxin Agrochemical Co., Ltd. - Anhui<CHINA, REPUBLICA POPULAR>FABRICANTE) +  (GSP Crop Science Limited - Nandesari<ÍNDIA>FABRICANTE);III;II
01518;Azoxistrobina Técnico Oxon;Azoxistrobina (estrobilurina) (980 g/kg);Fungicida;Oxon Brasil Defensivos Agrícolas Ltda.; (Taizhou Bailly Chemical Co., Limited<CHINA, REPUBLICA POPULAR>FABRICANTE) +  (Bhagiradha Chemicals & Industries Limited<ÍNDIA>FABRICANTE);III;II
20517;Azoxistrobina Técnico Oxon II;Azoxistrobina (estrobilurina) (975 g/kg);Fungicida;Oxon Brasil Defensivos Agrícolas Ltda.; (Hebei Veyong Bio-Chemical CO., Ltd<CHINA, REPUBLICA POPULAR>FABRICANTE);III;II
21019;Azoxistrobina Técnico Oxon III;Azoxistrobina (estrobilurina) (970 g/kg);Fungicida;Oxon Brasil Defensivos Agrícolas Ltda.; (Hebei Veyong Bio-Chemical CO., Ltd<CHINA, REPUBLICA POPULAR>FABRICANTE);III;II
39119;Azoxistrobina Técnico Rainbow ;Azoxistrobina (estrobilurina) (980 g/kg);Fungicida;Rainbow Defensivos Agrícolas Ltda.- Porto Alegre /RS ; (Shandong Weifang Rainbow Chemical Co., Ltd. - Unidade Fabril 02<CHINA, REPUBLICA POPULAR>FABRICANTE);PT;II
31719;Azoxistrobina Técnico SH;Azoxistrobina (estrobilurina) (970 g/kg);Fungicida;Sinochem Agro do Brasil Ltda. ; (Hebei Veyong Bio-Chemical CO., Ltd<CHINA, REPUBLICA POPULAR>FABRICANTE);III;II
01718;Azoxistrobina Técnico SNB;Azoxistrobina (estrobilurina) (980 g/kg);Fungicida;Oxon Brasil Defensivos Agrícolas Ltda.; (Taizhou Bailly Chemical Co., Limited<CHINA, REPUBLICA POPULAR>FABRICANTE) +  (Bhagiradha Chemicals & Industries Limited<ÍNDIA>FABRICANTE);III;II
31819;Azoxystrobin HV Técnico Helm;Azoxistrobina (estrobilurina) (970 g/kg);Fungicida;Helm do Brasil Mercantil - São Paulo/SP; (Hebei Veyong Bio-Chemical CO., Ltd<CHINA, REPUBLICA POPULAR>FABRICANTE);III;II
05418;Azoxystrobin TB Técnico Helm ;Azoxistrobina (estrobilurina) (975 g/kg);Fungicida;Helm do Brasil Mercantil - São Paulo/SP; (Taizhou Bailly Chemical Co., Limited<CHINA, REPUBLICA POPULAR>FABRICANTE) +  (Hebei Veyong Bio-Chemical CO., Ltd<CHINA, REPUBLICA POPULAR>FABRICANTE) +  (Bhagiradha Chemicals & Industries Limited<ÍNDIA>FABRICANTE);III;II
44519;Azoxystrobin Technical UPL BR;Azoxistrobina (estrobilurina) (980 g/kg);Fungicida;UPL do Brasil Indústria e Comércio de Insumos Agropecuários S.A. - Matriz Ituverava/SP ; (CAC Nantong Chemical Co. Ltd. - Jiangsu<CHINA, REPUBLICA POPULAR>FABRICANTE);PT;II
29618;Azoxystrobin Tecnico Nortox IV;Azoxistrobina (estrobilurina) (975 g/kg);Fungicida;Nortox S.A. - Arapongas; (Hebei Veyong Bio-Chemical CO., Ltd<CHINA, REPUBLICA POPULAR>FABRICANTE) +  (Bhagiradha Chemicals & Industries Limited<ÍNDIA>FABRICANTE);III;II
31219;Azoxystrobin Tecnico Rotam;Azoxistrobina (estrobilurina) (980 g/kg);Fungicida;Albaugh Agro Brasil Ltda.- São Paulo; (CAC Nantong Chemical Co. Ltd. - Jiangsu<CHINA, REPUBLICA POPULAR>FABRICANTE);III;II
1598;Azoxystrobin Técnico;Azoxistrobina (estrobilurina) (930 g/kg);Fungicida;Syngenta Proteção de Cultivos Ltda.  São Paulo/SP;;III;II
TC07420;Azoxystrobin Técnico 980 AGCN;Azoxistrobina (estrobilurina) (980 g/kg);Fungicida;Agriconnection Importadora e Exportadora de Insumos Agrícolas - Barueri/SP; (Shandong Weifang Shuangxing Pesticide Co. Ltd.<CHINA, REPUBLICA POPULAR>FABRICANTE);PT;II
23319;Azoxystrobin Técnico Agrogill;Azoxistrobina (estrobilurina) (986.11 g/kg);Fungicida;Agrogill Chemicals Ltda; (Yancheng Limin Chemical Co. Ltd - Yandu<CHINA, REPUBLICA POPULAR>FABRICANTE);III;II
01618;Azoxystrobin Técnico Bailly;Azoxistrobina (estrobilurina) (970 g/kg);Fungicida;Proregistros Registros de Produtos Ltda - EPP ;;III;II
TC10724;Azoxystrobin Técnico CCAB II;Azoxistrobina (estrobilurina) (980 g/kg);Fungicida;CCAB Agro S.A.   São Paulo; (Hebei Veyong Bio-Chemical Co., Ltd. (Unidade II)<CHINA, REPUBLICA POPULAR>FABRICANTE) +  (Shandong Hailir Chemical Co., Ltd.<CHINA, REPUBLICA POPULAR>FABRICANTE);PT;II
TC08224;Azoxystrobin Técnico Coromandel;Azoxistrobina (estrobilurina) (970 g/kg);Fungicida;Coromandel Brasil Ltda.- Cotia/SP; (Coromandel Fertilizers Limited (Coromandel International Limited) - Ankleshwar<ÍNDIA>FABRICANTE);PT;II
TC30325;Azoxystrobin Técnico FB;Azoxistrobina (estrobilurina) (980 g/kg);Fungicida;Agroallianz S.A; (Anhui Guangxin Agrochemical Co., Ltd. - Anhui<CHINA, REPUBLICA POPULAR>FABRICANTE);PT;II
27419;Azoxystrobin Técnico FB II;Azoxistrobina (estrobilurina) (975 g/kg);Fungicida;Agroallianz S.A; (Hebei Veyong Bio-Chemical CO., Ltd<CHINA, REPUBLICA POPULAR>FABRICANTE);III;II
TC10324;Azoxystrobin Técnico FB III;Azoxistrobina (estrobilurina) (975 g/kg);Fungicida;Agroallianz S.A; (Shandong Hailir Chemical Co., Ltd.<CHINA, REPUBLICA POPULAR>FABRICANTE);PT;II
TC25725;Azoxystrobin Técnico Fuhua;Azoxistrobina (estrobilurina) (980 g/kg);Fungicida;Fuhua Brasil Comercio de Produtos Quimicos Ltda. ; (Sichuan Leshan Fuhua Tongda Agro-Chemical Technology Co Ltd.<CHINA, REPUBLICA POPULAR>FABRICANTE);PT;II
TC12724;Azoxystrobin Técnico HG;Azoxistrobina (estrobilurina) (975 g/kg);Fungicida;Hailir Brasil Defensivos Agricolas Ltda - São Paulo/SP; (Shandong Hailir Chemical Co., Ltd.<CHINA, REPUBLICA POPULAR>FABRICANTE);PT;II
TC18424;Azoxystrobin Técnico Limin;Azoxistrobina (estrobilurina) (975 g/kg);Fungicida;Limin Biotechnology do Brasil Ltda - São Paulo/SP; (Hebei Veyong Bio-Chemical CO., Ltd<CHINA, REPUBLICA POPULAR>FABRICANTE);PT;II
TC21526;Azoxystrobin Técnico Liwei;Azoxistrobina (estrobilurina) (980 g/kg);Fungicida;Solagro Soluções Agrícolas Ltda - São Paulo/SP; (Guangdong Liwei Chemical Industry Co.,Ltd<CHINA, REPUBLICA POPULAR>FABRICANTE);PT;II
14111;Azoxystrobin Técnico Milenia;Azoxistrobina (estrobilurina) (965.4 g/kg);Fungicida;Adama Brasil S.A.- Londrina/PR; (Adama Agricultural Solutions Ltd. - Beer Sheva<ISRAEL>FABRICANTE) +  (Adama Brasil S.A. - Taquari<BRASIL>FABRICANTE) +  (CAC Nantong Chemical Co. Ltd. - Jiangsu<CHINA, REPUBLICA POPULAR>FABRICANTE) +  (Hebei Veyong Bio-Chemical CO., Ltd<CHINA, REPUBLICA POPULAR>FABRICANTE) +  (Bhagiradha Chemicals & Industries Ltd - Escritorio<ÍNDIA>FABRICANTE);III;II
TC13326;Azoxystrobin Técnico Nagarjuna;Azoxistrobina (estrobilurina) (975 g/kg);Fungicida;Syncrom Assessoria e Comércio de Produtos Agropecuários  Ltda.; (NACL Industries Limited <ÍNDIA>FABRICANTE);PT;II
18419;Azoxystrobin Técnico Nortox;Azoxistrobina (estrobilurina) (970 g/kg);Fungicida;Nortox S.A. - Arapongas; (Anhui Guangxin Agrochemical Co., Ltd. - Anhui<CHINA, REPUBLICA POPULAR>FABRICANTE);III;II
TC00120;Azoxystrobin Técnico Nortox BR;Azoxistrobina (estrobilurina) (970 g/kg);Fungicida;Nortox S.A. - Arapongas; (Anhui Futian Agrochemical Co., Ltd<CHINA, REPUBLICA POPULAR>FABRICANTE) +  (Hebei Veyong Bio-Chemical CO., Ltd<CHINA, REPUBLICA POPULAR>FABRICANTE) +  (Hebei Veyong Bio-Chemical Co., Ltd. (Unidade II)<CHINA, REPUBLICA POPULAR>FABRICANTE);PT;II
TC09123;Azoxystrobin Técnico Nortox CH;Azoxistrobina (estrobilurina) (980 g/kg);Fungicida;Nortox S.A. - Arapongas; (Zhejiang Udragon Bioscience Co. Ltd<CHINA, REPUBLICA POPULAR>FABRICANTE) +  (Jiangsu Good Harvest - Weien Agrochemical Co. Ltd.<CHINA, REPUBLICA POPULAR>FABRICANTE) +  (CAC Nantong Chemical Co. Ltd. - Jiangsu<CHINA, REPUBLICA POPULAR>FABRICANTE);PT;II
TC06724;Azoxystrobin Técnico Proventis II;Azoxistrobina (estrobilurina) (980 g/kg);Fungicida;Proventis Lifescience Defensivos Agrícolas Ltda; (Shangyu Nutrichem Co., Ltd.<CHINA, REPUBLICA POPULAR>FABRICANTE);PT;II
TC01124;Azoxystrobin Técnico SCH;Azoxistrobina (estrobilurina) (975 g/kg);Fungicida;Biorisk - Assessoria e Comércio de Produtos Agrícolas Ltda.; (Hebei Veyong Bio-Chemical Co., Ltd. (Unidade II)<CHINA, REPUBLICA POPULAR>FABRICANTE);PT;II
TC08826;Azoxystrobin Técnico SCH II;Azoxistrobina (estrobilurina) (980 g/kg);Fungicida;Sinochem Agro do Brasil Ltda. ; (Guangdong Liwei Chemical Industry Co.,Ltd<CHINA, REPUBLICA POPULAR>FABRICANTE);PT;II
20317;Azoxystrobin Técnico Sino-Agri;Azoxistrobina (estrobilurina) (975 g/kg);Fungicida;Lemma Agronegócios Importação e Exportação Ltda.; (Hebei Veyong Bio-Chemical CO., Ltd<CHINA, REPUBLICA POPULAR>FABRICANTE);III;II
6414;Azoxystrobin Técnico UPL Brasil;Azoxistrobina (estrobilurina) (956 g/kg);Fungicida;UPL do Brasil Indústria e Comércio de Insumos Agropecuários S.A. - Matriz Ituverava/SP ; (Jingbo Agrochemicals Technology Co Ltd<CHINA, REPUBLICA POPULAR>FABRICANTE) +  (UPL Limited - Unit 1 - Ankleshwar<ÍNDIA>FABRICANTE);II;II
TC11321;Azoxystrobin Técnico Uniphos;Azoxistrobina (estrobilurina) (980 g/kg);Fungicida;UPL do Brasil Indústria e Comércio de Insumos Agropecuários S.A. - Matriz Ituverava/SP ; (United Phosphorus LTD <ÍNDIA>FABRICANTE);PT;II
00819;Azoxystrobin Técnico YNG;Azoxistrobina (estrobilurina) (969 g/kg);Fungicida;Yonon Brasil Defensivos Agricolas Ltda; (Yongnong Biosciences Co., Ltd.<CHINA, REPUBLICA POPULAR>FABRICANTE);II;II
31519;Azoxystrobin Técnico ZS;Azoxistrobina (estrobilurina) (980 g/kg);Fungicida;Zhongshan Química do Brasil - Sorocaba/SP; (CAC Nantong Chemical Co. Ltd. - Jiangsu<CHINA, REPUBLICA POPULAR>FABRICANTE) +  (Xiangshui Zhongshan Bioscience Co. Ltd<CHINA, REPUBLICA POPULAR>FABRICANTE);III;II
5414;Azoxystrobina Técnica Sumitomo;Azoxistrobina (estrobilurina) (980 g/kg);Fungicida;Sumitomo Chemical Brasil Indústria Química S.A. - Maracanaú/CE; (Shangyu Nutrichem Co., Ltd.<CHINA, REPUBLICA POPULAR>FABRICANTE);II;II
188591;Bactospeine Técnico;Bacillus thuringiensis (Produto Microbiológico) (900 g/kg);Inseticida Microbiológico;Solvay do Brasil S.A.; (Biochem Products S/A<BÉLGICA>FABRICANTE);IV;IV
TC24322;Barus Técnico;Tiafenacil (Uracila) (950 g/kg);Herbicida;ISK Biosciences do Brasil Defensivos Agricolas Ltda; (FarmHannong Co. Ltd.  - Unidade Banwol<CORÉIA (DO SUL), REPÚBLICA DA>FABRICANTE);Não;III
1188898;Baytroid Técnico;ciflutrina (piretróide) (900 g/kg);Inseticida;Bayer S.A. - São Paulo/ SP; (Mitchell Cotts Chemicals Ltd<INGLATERRA>FABRICANTE);II;II
09501;Belcocel Técnico;Cloreto de clormequate (amônio quaternário) (640 g/kg);Regulador de Crescimento;Taminco do Brasil Produtos Químicos Ltda; (Taminco N.V.<BÉLGICA>FABRICANTE);III;III
1909;Belt Técnico;Flubendiamida (Diamida do ácido ftálico) (690 g/kg);Inseticida;Bayer S.A. - São Paulo/ SP; (Bayer AG - Dormagen<ALEMANHA>FABRICANTE) +  (PI Industries Limited - Panoli<ÍNDIA>FABRICANTE);I;II
04600;Benalaxyl Técnico;benalaxil (acilalaninato) (940 g/kg);Fungicida;FMC Química do Brasil Ltda. - Campinas/SP; (Isagro S.p.A. - Milano (Escritorio 1)<ITÁLIA>FABRICANTE);III;III
14707;Benalaxyl Técnico FMC;benalaxil (acilalaninato) (940 g/kg);Fungicida;FMC Química do Brasil Ltda. - Campinas/SP; (Isagro S.p.A. - Milano (Escritorio 1)<ITÁLIA>FABRICANTE) +  (PI Industries Ltd. (Industrial Plant)  Panoli<ÍNDIA>FABRICANTE);III;III
TC02523;Benalaxyl-M Técnico Isagro;benalaxil (acilalaninato) (950 Kg);Fungicida;Gowan Produtos Agrícolas Ltda. - Matriz Campinas/SP; (PI Industries Limited - Panoli<ÍNDIA>FABRICANTE);Não;II
TC06323;Benalaxyl-M Técnico Syncrom;benalaxil (acilalaninato) (950 g/kg);Fungicida;Syncrom Assessoria e Comércio de Produtos Agropecuários  Ltda.; (PI Industries Ltd. (Industrial Plant)  Panoli<ÍNDIA>FABRICANTE);Não;II
808694;Bentazon Técnico;bentazona (benzotiadiazinona) (483 g/kg);Herbicida;Basf Agricultural Solutions Brasil Ltda  São Paulo/SP; (Basf S.A.  Guaratinguetá<BRASIL>FABRICANTE) +  (BASF SE  - Ludwigshafen<ALEMANHA>FABRICANTE);III;III
1294;Bentazon Técnico Basf;bentazona (benzotiadiazinona) (483 g/kg);Herbicida;Basf Agricultural Solutions Brasil Ltda  São Paulo/SP; (Basf S.A.  Guaratinguetá<BRASIL>FABRICANTE) +  (BASF SE  - Ludwigshafen<ALEMANHA>FABRICANTE);III;III
TC00525;Benzoato de Emamectina Pré-Mistura;Benzoato de Emamectina (avermectina) (900 g/kg);Inseticida;Syngenta Proteção de Cultivos Ltda.  São Paulo/SP; (Syngenta Nantong Crop Protection Limited - Nantong<CHINA, REPUBLICA POPULAR>FABRICANTE) +  (Inner Mongolia New Veyong Bio-Chemical CO.<CHINA, REPUBLICA POPULAR>FABRICANTE) +  (Qilu Pharmaceutical (Inner Mongolia) Co., Ltd.<CHINA, REPUBLICA POPULAR>FABRICANTE) +  (Syngenta Crop Protection AG - Monthey<SUÍCA>FABRICANTE) +  (Shandong Cynda Chemical Co. LTD<CHINA, REPUBLICA POPULAR>FABRICANTE);II;II
29117;Benzoato de Emamectina Técnico ;Benzoato de Emamectina (avermectina) (950 g/kg);Inseticida;Syngenta Proteção de Cultivos Ltda.  São Paulo/SP; (Syngenta Nantong Crop Protection Limited - Nantong<CHINA, REPUBLICA POPULAR>FABRICANTE) +  (Inner Mongolia New Veyong Bio-Chemical CO.<CHINA, REPUBLICA POPULAR>FABRICANTE) +  (Qilu Pharmaceutical (Inner Mongolia) Co., Ltd.<CHINA, REPUBLICA POPULAR>FABRICANTE);I;II
TC07426;Benzoato de Emamectina Técnico Ouro Fino;Benzoato de Emamectina (avermectina) (950 g/kg);Inseticida;Ouro Fino Química S.A. - Uberaba; (Daqing Jefene Bio-Chemical Co. Ltd.<CHINA, REPUBLICA POPULAR>FABRICANTE);PT;II
2314;Benzovindiflupir Técnico;Benzovindiflupyr (pirazol carboxamida) (960 g/kg);Fungicida;Syngenta Proteção de Cultivos Ltda.  São Paulo/SP; (Syngenta Crop Protection Münchwilen AG - Münchwilen<SUÍCA>FABRICANTE) +  (Syngenta Crop Protection AG - Monthey<SUÍCA>FABRICANTE) +  (Syngenta Nantong Crop Protection Limited - Nantong<CHINA, REPUBLICA POPULAR>FABRICANTE) +  (CTVA Proteção de Cultivos Ltda - Barueri (Tamboré)<BRASIL>FABRICANTE) +  (Deccan Fine Chemicals (Índia) Pvt Ltd - Ankleshwar<ÍNDIA>FABRICANTE);II;II
04402;Beta-Cipermetrina Técnica UPL;Beta-Cipermetrina (piretróide) (970 g/kg);Inseticida;UPL do Brasil Indústria e Comércio de Insumos Agropecuários S.A. - Matriz Ituverava/SP ; (Agro-Chemie LTD<HUNGRIA, REPUBLICA DA>FABRICANTE);I;II
TC22026;Biciclopirona Técnica;Biciclopirona (Tricetona) (800 g/kg);Herbicida;Syngenta Proteção de Cultivos Ltda.  São Paulo/SP; (Syngenta Crop Protection Münchwilen AG - Münchwilen<SUÍCA>FABRICANTE) +  (Syngenta Crop Protection AG - Monthey<SUÍCA>FABRICANTE);Não;III
TC06621;Bifenthrin S Técnico Helm;bifentrina (piretróide) (980 g/kg);Inseticida;Helm do Brasil Mercantil - São Paulo/SP; (Shandong United Pesticide Industry Co., Ltd.<CHINA, REPUBLICA POPULAR>FABRICANTE);PT;II
8716;Bifenthrin Technical UPL;bifentrina (piretróide) (980 g/kg);Acaricida/Inseticida;UPL do Brasil Indústria e Comércio de Insumos Agropecuários S.A. - Matriz Ituverava/SP ; (UPL Limited - Vapi<ÍNDIA>FABRICANTE);II;II
TC11820;Bifenthrin Técnico 980 AGCN;bifentrina (piretróide) (980 g/kg);Inseticida;Agriconnection Importadora e Exportadora de Insumos Agrícolas - Barueri/SP; (Meghmani Organics Ltd. Unit I - Ankleshwar <ÍNDIA>FABRICANTE);PT;II
TC12520;Bifenthrin Técnico Betachem;bifentrina (piretróide) (980 g/kg);Inseticida;Acrom Agroindustrial Ltda- Londrina/PR; (Jiangsu Huangma Agrochemicals Co., Ltd.<CHINA, REPUBLICA POPULAR>FABRICANTE);PT;II
TC08520;Bifenthrin Técnico Bharat;bifentrina (piretróide) (980 g/kg);Inseticida;Biorisk - Assessoria e Comércio de Produtos Agrícolas Ltda.; (Bharat Rasayan Limited - Unit I - Rohtak <ÍNDIA>FABRICANTE) +  (Bharat Rasayan Limited - Unit I - Rohtak <ÍNDIA>FABRICANTE);PT;II
TC08320;Bifenthrin Técnico CCAB;bifentrina (piretróide) (980 g/kg);Acaricida/Formicida/Inseticida;CCAB Agro S.A.   São Paulo; (Bharat Rasayan Limited - Unit I - Rohtak <ÍNDIA>FABRICANTE) +  (Meghmani Organics Ltd. Unit I - Ankleshwar <ÍNDIA>FABRICANTE);PT;II
7506;Bifenthrin Técnico FMC;bifentrina (piretróide) (910 g/kg);Inseticida;FMC Química do Brasil Ltda. - Campinas/SP; (Jiangsu Lianhe Chemical Technology Co., Ltd<CHINA, REPUBLICA POPULAR>FABRICANTE) +  (Youjia Crop Protection Co Ltd<CHINA, REPUBLICA POPULAR>FABRICANTE);II;II
TC20025;Bifenthrin Técnico Liwei;bifentrina (piretróide) (980 g/kg);Inseticida;Solagro Soluções Agrícolas Ltda - São Paulo/SP; (Guangdong Liwei Chemical Industry Co.,Ltd<CHINA, REPUBLICA POPULAR>FABRICANTE);PT;II
TC09522;Bifenthrin Técnico NGC;bifentrina (piretróide) (980 g/kg);Acaricida/Formicida/Inseticida;NGC Agrosciences Brasil Ltda - Botucatu/SP; (Youjia Crop Protection Co Ltd<CHINA, REPUBLICA POPULAR>FABRICANTE);PT;II
29319;Bifenthrin Técnico RTM;bifentrina (piretróide) (975 g/kg);Inseticida;Albaugh Agro Brasil Ltda.- São Paulo; (Jiangsu Chunjiang Runtian Agrochemical Co., Ltd.<CHINA, REPUBLICA POPULAR>FABRICANTE);II;II
9216;Bifenthrin Técnico Rotam;bifentrina (piretróide) (970 g/kg);Inseticida;Albaugh Agro Brasil Ltda.- São Paulo; (Jiangsu Chunjiang Agrochemical Co. Ltd.<CHINA, REPUBLICA POPULAR>FABRICANTE);II;II
TC13422;Bifenthrin Técnico SAU;bifentrina (piretróide) (980 g/kg);Acaricida/Formicida/Inseticida;Biorisk - Assessoria e Comércio de Produtos Agrícolas Ltda.; (Shandong United Pesticide Industry Co., Ltd.<CHINA, REPUBLICA POPULAR>FABRICANTE);PT;II
TC06823;Bifenthrin Técnico SD;bifentrina (piretróide) (980 g/kg);Inseticida;Sharda do Brasil Comércio de Produtos Químicos e Agroquímicos LTDA; (Youjia Crop Protection Co Ltd<CHINA, REPUBLICA POPULAR>FABRICANTE);PT;II
TC16421;Bifenthrin Técnico Wynca ;bifentrina (piretróide) (980 g/kg);Acaricida/Formicida/Inseticida;Wynca do Brasil Ltda  São Paulo ; (Youjia Crop Protection Co Ltd<CHINA, REPUBLICA POPULAR>FABRICANTE);PT;II
TC09422;Bifenthrin Técnico Yangnong;bifentrina (piretróide) (980 g/kg);Acaricida/Formicida/Inseticida;Sinochem Agro do Brasil Ltda. ; (Youjia Crop Protection Co Ltd<CHINA, REPUBLICA POPULAR>FABRICANTE);PT;II
TC16821;Bifenthrin Y Técnico Helm;bifentrina (piretróide) (980 g/kg);Acaricida/Formicida/Inseticida;Helm do Brasil Mercantil - São Paulo/SP;;PT;II
TC00822;Bifenthrin Yo Técnico Helm;bifentrina (piretróide) (980 g/kg);Acaricida/Formicida/Inseticida;Helm do Brasil Mercantil - São Paulo/SP; (Youjia Crop Protection Co Ltd<CHINA, REPUBLICA POPULAR>FABRICANTE);PT;II
TC04124;Bifentrin Técnico Gilmore;bifentrina (piretróide) (980 g/kg);Inseticida;Gilmore Agro do Brasil Ltda - ME ; (Aimco Pesticides Ltd.  <ÍNDIA>FABRICANTE);PT;II
29419;Bifentrin Técnico MEGA;bifentrina (piretróide) (980 g/kg);Inseticida;Meghmani Organics Biodefensivos e Agrícolas do Brasil Ltda - Campinas/SP; (Meghmani Organics Ltd. Unit I - Ankleshwar <ÍNDIA>FABRICANTE);II;II
9116;Bifentrin Técnico Proventis;bifentrina (piretróide) (970 g/kg);Acaricida/Formicida/Inseticida;Proventis Lifescience Defensivos Agrícolas Ltda; (Jiangsu Chunjiang Agrochemical Co. Ltd.<CHINA, REPUBLICA POPULAR>FABRICANTE) +  (Youjia Crop Protection Co Ltd<CHINA, REPUBLICA POPULAR>FABRICANTE) +  (Jiangsu Changlong Agrochemical Co., Ltd.<CHINA, REPUBLICA POPULAR>FABRICANTE);II;II
TC23625;Bifentrin Técnico Sinon;bifentrina (piretróide) (980 g/kg);Acaricida/Formicida/Inseticida;Sinon do Brasil Ltda. - Porto Alegre /RS.; (Sinon Corporation - Taiwan<TAIWAN (ILHA FORMOSA)>FABRICANTE);PT;II
TC09520;Bifentrina Ascenza Técnico;bifentrina (piretróide) (975 g/kg);Inseticida;Ascenza Brasil Ltda - Hortolândia/SP; (Jiangsu Chunjiang Runtian Agrochemical Co., Ltd.<CHINA, REPUBLICA POPULAR>FABRICANTE);PT;II
29519;Bifentrina Tecnico Tecnomyl;bifentrina (piretróide) (980 g/kg);Inseticida;Tecnomyl Brasil Distribuidora de Produtos Agrícolas Ltda - Foz do Iguaçu; (Meghmani Organics Ltd. Unit I - Ankleshwar <ÍNDIA>FABRICANTE);II;II
11816;Bifentrina Tradecorp Técnico II ;bifentrina (piretróide) (970 g/kg);Acaricida/Formicida/Inseticida;Agroallianz S.A; (Jiangsu Chunjiang Agrochemical Co. Ltd.<CHINA, REPUBLICA POPULAR>FABRICANTE);II;II
TC05621;Bifentrina Técnica Albaugh;bifentrina (piretróide) (980 g/kg);Inseticida;Albaugh Agro Brasil Ltda.- São Paulo; (Meghmani Organics Ltd. Unit I - Ankleshwar <ÍNDIA>FABRICANTE);PT;II
TC08420;Bifentrina Técnica Nortox;bifentrina (piretróide) (980 g/kg);Inseticida;Nortox S.A. - Arapongas; (Bharat Rasayan Limited - Unit I - Rohtak <ÍNDIA>FABRICANTE) +  (Aimco Pesticides Ltd.  <ÍNDIA>FABRICANTE);PT;II
TC17621;Bifentrina Técnica Nortox III;bifentrina (piretróide) (980 g/kg);Acaricida/Formicida/Inseticida;Nortox S.A. - Arapongas;;PT;II
TC18225;Bifentrina Técnica Nortox IV;bifentrina (piretróide) (980 g/kg);Inseticida;Nortox S.A. - Arapongas; (Hemani Industries Limited - Unit III - Dahej<ÍNDIA>FABRICANTE);PT;II
TC20125;Bifentrina Técnica Nortox V;bifentrina (piretróide) (980 g/kg);Inseticida;Nortox S.A. - Arapongas; (Guangdong Liwei Chemical Industry Co.,Ltd<CHINA, REPUBLICA POPULAR>FABRICANTE);PT;II
TC17321;Bifentrina Técnico Adama BR;bifentrina (piretróide) (980 g/kg);Acaricida/Formicida/Inseticida;Adama Brasil S.A.- Londrina/PR; (Youjia Crop Protection Co Ltd<CHINA, REPUBLICA POPULAR>FABRICANTE);PT;II
29619;Bifentrina Técnico Adama Brasil;bifentrina (piretróide) (980 g/kg);Inseticida;Adama Brasil S.A.- Londrina/PR; (Meghmani Organics Ltd. Unit I - Ankleshwar <ÍNDIA>FABRICANTE);II;II
TC03521;Bifentrina Técnico Alta;bifentrina (piretróide) (975 g/kg);Acaricida/Inseticida;ALTA - America Latina Tecnologia Agrícola Ltda.- Curitiba; (Jiangsu Chunjiang Runtian Agrochemical Co., Ltd.<CHINA, REPUBLICA POPULAR>FABRICANTE);PT;II
TC08220;Bifentrina Técnico BR-Cropchem;bifentrina (piretróide) (980 g/kg);Acaricida/Formicida/Inseticida;Cropchem Ltda - Porto Alegre; (Bharat Rasayan Limited - Escritorio - New Delhi <ÍNDIA>FABRICANTE) +  (Hemani Industries Limited - Unit III - Dahej<ÍNDIA>FABRICANTE) +  (Aimco Pesticides Ltd.  <ÍNDIA>FABRICANTE) +  (Aimco Pesticides Ltd.  <ÍNDIA>FABRICANTE) +  (Heranba Industries Limited - Mumbai<ÍNDIA>FABRICANTE) +  (Insecticides (India) Limited - Rajasthan<ÍNDIA>FABRICANTE);PT;II
TC02326;Bifentrina Técnico BRA II;bifentrina (piretróide) (980 g/kg);Inseticida;BRA Defensivos Agrícolas Ltda - Piracicaba/SP; (Meghmani Organics Ltd. Unit I - Ankleshwar <ÍNDIA>FABRICANTE);PT;II
TC13722;Bifentrina Técnico CHDS;bifentrina (piretróide) (980 g/kg);Acaricida/Formicida/Inseticida;CHDS do Brasil Comércio de Insumos Agrícolas Ltda - São Miguel do Iguaçu/PR   ; (Meghmani Organics Ltd. Unit I - Ankleshwar <ÍNDIA>FABRICANTE);PT;II
TC18325;Bifentrina Técnico Cropchem;bifentrina (piretróide) (980 g/kg);Inseticida;Cropchem Ltda - Porto Alegre; (Hemani Industries Limited - Unit III - Dahej<ÍNDIA>FABRICANTE);PT;II
TC18125;Bifentrina Técnico FB;bifentrina (piretróide) (980 g/kg);Inseticida;Agroallianz S.A; (Hemani Industries Limited - Unit III - Dahej<ÍNDIA>FABRICANTE);PT;II
TC00922;Bifentrina Técnico Globachem;bifentrina (piretróide) (980 g/kg);Acaricida/Formicida/Inseticida;Globachem Proteção de Cultivos do Brasil Ltda. - Campinas/SP;;PT;II
TC09620;Bifentrina Técnico HB-CropChem;bifentrina (piretróide) (980 g/kg);Inseticida;Cropchem Ltda - Porto Alegre; (Heranba Industries Limited - Mumbai<ÍNDIA>FABRICANTE) +  (Agrow Allied Ventures Pvt.Ltd.<ÍNDIA>FABRICANTE) +  (Weifang Maoyuan Biotechnology Co., Ltd.<CHINA, REPUBLICA POPULAR>FABRICANTE);PT;II
TC24622;Bifentrina Técnico Ihara I;bifentrina (piretróide) (980 g/kg);Acaricida/Formicida/Inseticida;Iharabras S.A. Indústria Químicas - Sorocaba; (Meghmani Organics Ltd. Unit I - Ankleshwar <ÍNDIA>FABRICANTE);PT;II
TC06723;Bifentrina Técnico Ihara II;bifentrina (piretróide) (980 g/kg);Inseticida;Iharabras S.A. Indústria Químicas - Sorocaba; (Youjia Crop Protection Co Ltd<CHINA, REPUBLICA POPULAR>FABRICANTE);PT;II
TC17221;Bifentrina Técnico MIL ;bifentrina (piretróide) (980 g/kg);Acaricida/Formicida/Inseticida;Adama Brasil S.A.- Londrina/PR; (Youjia Crop Protection Co Ltd<CHINA, REPUBLICA POPULAR>FABRICANTE);PT;II
01807;Bifentrina Técnico Milenia;bifentrina (piretróide) (962.4 g/kg);Acaricida/Formicida/Inseticida;Adama Brasil S.A.- Londrina/PR; (Adama Agricultural Solutions Ltd. - Beer Sheva<ISRAEL>FABRICANTE) +  (Meghmani Organics Ltd. Unit I - Ankleshwar <ÍNDIA>FABRICANTE);III;II
TC07320;Bifentrina Técnico Ouro Fino;bifentrina (piretróide) (980 g/kg);Inseticida;Ouro Fino Química S.A. - Uberaba; (Meghmani Organics Ltd. Unit I - Ankleshwar <ÍNDIA>FABRICANTE);PT;II
TC05921;Bifentrina Técnico Rainbow;bifentrina (piretróide) (980 g/kg);Inseticida;Rainbow Defensivos Agrícolas Ltda.- Porto Alegre /RS ; (Qingdao Rainbow Chemical Co., Ltd <CHINA, REPUBLICA POPULAR>FABRICANTE);PT;III
TC18425;Bifentrina Técnico Red Surcos;bifentrina (piretróide) (980 g/kg);Inseticida;Red Surcos do Brasil Comércio Agropecuário Ltda; (Hemani Industries Limited - Unit III - Dahej<ÍNDIA>FABRICANTE);PT;II
TC03624;Bifentrina Técnico Sulphur Mills;bifentrina (piretróide) (980 g/kg);Acaricida/Formicida/Inseticida;SM Agrocare Brasil Importação Comércio e Serviços Agrícolas Ltda; (Aimco Pesticides Ltd.  <ÍNDIA>FABRICANTE);PT;II
TC00722;Bifentrina Técnico Tide;bifentrina (piretróide) (980 g/kg);Acaricida/Formicida/Inseticida;Tide do Brasil Ltda - Porto Alegre/RS; (Youjia Crop Protection Co Ltd<CHINA, REPUBLICA POPULAR>FABRICANTE);PT;II
TC18025;Bifentrina Técnico Tide II;bifentrina (piretróide) (980 g/kg);Inseticida;Tide do Brasil Ltda - Porto Alegre/RS; (Hemani Industries Limited - Unit III - Dahej<ÍNDIA>FABRICANTE);PT;II
34519;Bispiribac Tecnico Nortox;Bispiribaque-sódico (ácido pirimidiniloxibenzóico) (960 g/kg);Herbicida/Regulador de Crescimento;Nortox S.A. - Arapongas; (Jiangsu Institute of Economes<CHINA, REPUBLICA POPULAR>FABRICANTE);PT;III
TC24025;Bispiribac Técnico Nortox II;Bispiribaque-sódico (ácido pirimidiniloxibenzóico) (980 g/kg);Herbicida;Nortox S.A. - Arapongas; (Zibo Nab Agrochemicals Limited - Zibo<CHINA, REPUBLICA POPULAR>FABRICANTE);PT;III
34319;Bispiribaque Técnico Crystal;Bispiribaque-sódico (ácido pirimidiniloxibenzóico) (960 g/kg);Herbicida/Regulador de Crescimento;Crystal Agro Ltda; (Jiangsu Institute of Economes<CHINA, REPUBLICA POPULAR>FABRICANTE);PT;III
11116;Bispyribac Tecnico UPL;Bispiribaque-sódico (ácido pirimidiniloxibenzóico) (950 g/kg);Herbicida;UPL do Brasil Indústria e Comércio de Insumos Agropecuários S.A. - Matriz Ituverava/SP ; (Jiangsu Repont Pesticide Factory - Jintan<CHINA, REPUBLICA POPULAR>FABRICANTE);III;III
23617;Bixafen Técnico;Bixafem (carboxamida) (980 g/kg);Fungicida;Bayer S.A. - São Paulo/ SP; (Bayer AG - Dormagen<ALEMANHA>FABRICANTE);III;II
7606;Boral Técnico;sulfentrazona (triazolona) (910 g/kg);Herbicida;FMC Química do Brasil Ltda. - Campinas/SP; (Zhejiang Lianhe Chemical Technology Co. LTD - Huangyan<CHINA, REPUBLICA POPULAR>FABRICANTE) +  (Jiangsu Lianhe Chemical Technology Co., Ltd<CHINA, REPUBLICA POPULAR>FABRICANTE) +  (Shanghai Baoda Veterinary Pharmaceutical Co., Ltd<CHINA, REPUBLICA POPULAR>FABRICANTE);III;II
1307;Borneo Tecnico;etoxazol (difenil oxazolina) (930 g/kg);Acaricida;Sumitomo Chemical Brasil Indústria Química S.A. - Maracanaú/CE; (Kyoyu Agri Co. Ltd.<JAPÃO>FABRICANTE) +  (Nisso Fine Co. Ltd- Isohara Plant<JAPÃO>FABRICANTE) +  (Trust Crop Protection Technology Co., Ltd<CHINA, REPUBLICA POPULAR>FABRICANTE);II;II
07403;Boscalid Técnico;Boscalida (anilida) (960 g/kg);Fungicida;Basf Agricultural Solutions Brasil Ltda  São Paulo/SP; (Basf S.A.  Guaratinguetá<BRASIL>FABRICANTE);III;III
TC14323;Boscalid Técnico ABT;Boscalida (anilida) (975 g/kg);Fungicida;Agrobeats Defensivos Agrícolas Ltda ; (Jingbo Agrochemicals Technology Co Ltd<CHINA, REPUBLICA POPULAR>FABRICANTE);PT;III
TC10525;Boscalid Técnico Agrogill;Boscalida (anilida) (980 g/kg);Fungicida;Agrogill Chemicals Ltda; (Nantong Jiahe Chemicals Co. Ltd.<CHINA, REPUBLICA POPULAR>FABRICANTE);PT;III
TC25822;Boscalid Técnico Bailly;Boscalida (anilida) (980 g/kg);Fungicida;Proregistros Registros de Produtos Ltda - EPP ; (Taizhou Bailly Chemical Co., Limited<CHINA, REPUBLICA POPULAR>FABRICANTE);PT;III
TC30425;Boscalid Técnico Biossen;Boscalida (anilida) (980 g/kg);Fungicida;Biorisk - Assessoria e Comércio de Produtos Agrícolas Ltda.; (Inner Mongolia Join Dream Fine Chemicals Co. Ltd.<CHINA, REPUBLICA POPULAR>FABRICANTE);PT;III
TC10826;Boscalid Técnico CCAB I;Boscalida (anilida) (975 g/kg);Fungicida;CCAB Agro S.A.   São Paulo; (Shandong Jingbo Agrochemicals Technology Co. Ltd.<CHINA, REPUBLICA POPULAR>FABRICANTE);PT;II
TC14623;Boscalid Técnico FB;Boscalida (anilida) (975 g/kg);Fungicida;Agroallianz S.A; (Jingbo Agrochemicals Technology Co Ltd<CHINA, REPUBLICA POPULAR>FABRICANTE);PT;III
TC00522;Boscalid Técnico Gilmore;Boscalida (anilida) (985 g/kg);Fungicida;Gilmore Agro do Brasil Ltda - ME ; (Zhejiang Udragon Bioscience Co. Ltd<CHINA, REPUBLICA POPULAR>FABRICANTE);PT;III
TC24325;Boscalid Técnico NGC;Boscalida (anilida) (980 g/kg);Fungicida;Syncrom Assessoria e Comércio de Produtos Agropecuários  Ltda.; (Inner Mongolia Join Dream Fine Chemicals Co. Ltd.<CHINA, REPUBLICA POPULAR>FABRICANTE);PT;III
TC00222;Boscalid Técnico Nortox;Boscalida (anilida) (980 g/kg);Fungicida;Nortox S.A. - Arapongas; (Huaian Glory Chemical Co., Ltd.<CHINA, REPUBLICA POPULAR>FABRICANTE);PT;III
TC00322;Boscalid Técnico Nortox II;Boscalida (anilida) (985 g/kg);Fungicida;Nortox S.A. - Arapongas;;PT;III
TC01624;Boscalid Técnico Nortox III;Boscalida (anilida) (980 g/kg);Fungicida;Nortox S.A. - Arapongas; (Xiangshui Zhongshan Bioscience Co. Ltd<CHINA, REPUBLICA POPULAR>FABRICANTE);PT;III
TC11723;Boscalid Técnico Nortox IV;Boscalida (anilida) (975 g/kg);Fungicida;Nortox S.A. - Arapongas; (Shandong Cynda Chemical Co. LTD<CHINA, REPUBLICA POPULAR>FABRICANTE);PT;III
TC02123;Boscalid Técnico Oxon;Boscalida (anilida) (980 g/kg);Fungicida;Oxon Brasil Defensivos Agrícolas Ltda.; (Taizhou Bailly Chemical Co., Limited<CHINA, REPUBLICA POPULAR>FABRICANTE);PT;III
TC15422;Boscalid Técnico Rainbow;Boscalida (anilida) (970 g/kg);Fungicida;Rainbow Defensivos Agrícolas Ltda.- Porto Alegre /RS ; (Shandong Weifang Rainbow Chemical Co., Ltd. - Unidade Fabril 02<CHINA, REPUBLICA POPULAR>FABRICANTE);PT;III
TC10326;Boscalid Técnico SJ;Boscalida (anilida) (975 g/kg);Fungicida;Solagro Soluções Agrícolas Ltda - São Paulo/SP; (Shandong Jingbo Agrochemicals Technology Co. Ltd.<CHINA, REPUBLICA POPULAR>FABRICANTE);PT;III
TC00622;Boscalid Técnico Udragon;Boscalida (anilida) (985 g/kg);Fungicida;Syncrom Assessoria e Comércio de Produtos Agropecuários  Ltda.; (Zhejiang Udragon Bioscience Co. Ltd<CHINA, REPUBLICA POPULAR>FABRICANTE);PT;III
TC14723;Boscalid Técnico Wynca;Boscalida (anilida) (975 g/kg);Fungicida;Wynca do Brasil Ltda  São Paulo ; (Jingbo Agrochemicals Technology Co Ltd<CHINA, REPUBLICA POPULAR>FABRICANTE);PT;III
TC01524;Boscalid Técnico ZS;Boscalida (anilida) (975 g/kg);Fungicida;Zhongshan Química do Brasil - Sorocaba/SP; (Xiangshui Zhongshan Bioscience Co. Ltd<CHINA, REPUBLICA POPULAR>FABRICANTE);PT;III
TC00122;Boscalida Ascenza Técnico ;Boscalida (anilida) (975 g/kg);Fungicida;Ascenza Brasil Ltda - Hortolândia/SP; (Zhejiang Udragon Bioscience Co. Ltd<CHINA, REPUBLICA POPULAR>FABRICANTE) +  (Zhejiang Heben Pesticide & Chemicals Co. Ltd.<CHINA, REPUBLICA POPULAR>FABRICANTE);PT;III
TC15322;Boscalida Técnico Adama;Boscalida (anilida) (970 g/kg);Fungicida;Adama Brasil S.A.- Londrina/PR; (Shandong Weifang Rainbow Chemical Co., Ltd. - Unidade Fabril 02<CHINA, REPUBLICA POPULAR>FABRICANTE);PT;III
TC07126;Boscalida Técnico Coromandel;Boscalida (anilida) (960 g/kg);Fungicida;Coromandel Brasil Ltda.- Cotia/SP; (Coromandel Fertilizers Limited (Coromandel International Limited) - Ankleshwar<ÍNDIA>FABRICANTE);PT;III
TC03926;Boscalida Técnico Cropchem;Boscalida (anilida) (980 g/kg);Fungicida;Cropchem Ltda - Porto Alegre; (Inner Mongolia Join Dream Fine Chemicals Co. Ltd.<CHINA, REPUBLICA POPULAR>FABRICANTE);PT;III
TC14523;Boscalida Técnico Sharda;Boscalida (anilida) (975 g/kg);Fungicida;Sharda do Brasil Comércio de Produtos Químicos e Agroquímicos LTDA; (Jingbo Agrochemicals Technology Co Ltd<CHINA, REPUBLICA POPULAR>FABRICANTE);PT;III
TC04723;Brodal Técnico;diflufenicam (anilida) (970 g/kg);Herbicida;Bayer S.A. - São Paulo/ SP; (Briar Chemicals Limited<REINO UNIDO>FABRICANTE);PT;II
17307;Broker Técnico;hexazinona (triazinona) (960 g/kg);Herbicida;Albaugh Agro Brasil Ltda.- São Paulo; (Kajo Agrochemical Co., LTD<CHINA, REPUBLICA POPULAR>FABRICANTE);I;III
18719;Broker Técnico CH;hexazinona (triazinona) (980 g/kg);Herbicida;Albaugh Agro Brasil Ltda.- São Paulo; (Jiangsu Flag Chemical Industry Co., Ltd.<CHINA, REPUBLICA POPULAR>FABRICANTE);I;III
578501;Bromacil Técnico 950;bromacila (Uracila) (950 g/kg);Herbicida;AMVAC do Brasil Importação e Comércio de Insumos Agrícolas Ltda; (Adama Agricultural Solutions Ltd. - Ashdod <ISRAEL>FABRICANTE) +  (Jiangsu Luye Agrochemicals Co., Ltd <CHINA, REPUBLICA POPULAR>FABRICANTE);III;II
307;Bulldock Técnico BCS;beta-ciflutrina (piretróide) (975 g/kg);Inseticida;Bayer S.A. - São Paulo/ SP; (Bayer Vapi Private Limited - Gujarat<ÍNDIA>FABRICANTE);II;II
06801;Cadusafos Técnico FMC;cadusafós (organofosforado) (900 g/kg);Inseticida/Nematicida;FMC Química do Brasil Ltda. - Campinas/SP; (Viakem S.A. de C.V. - Unidade de San Nicolás de Los Garza<MÉXICO>FABRICANTE) +  (FMC Corporation  Philadelphia<ESTADOS UNIDOS>FABRICANTE);I;II
01600;Calypso Técnico;tiacloprido (neonicotinóide) (950 g/kg);Inseticida;Bayer S.A. - São Paulo/ SP; (Bayer AG - Dormagen<ALEMANHA>FABRICANTE) +  (PI Industries Limited - Panoli<ÍNDIA>FABRICANTE) +  (Limin Chemical Co.,Ltd (Unidade II)<CHINA, REPUBLICA POPULAR>FABRICANTE);II;III
208904;Captan MKT Técnico Milenia;captana (dicarboximida) (910 g/kg);Fungicida;Adama Brasil S.A.- Londrina/PR; (Adama Agricultural Solutions Ltd. - Beer Sheva<ISRAEL>FABRICANTE) +  (Adama Brasil S.A.- Londrina/PR<BRASIL>FABRICANTE) +  (Adama Brasil S.A.- Londrina/PR<BRASIL>FABRICANTE);I;II
1218306;Captan Técnico;captana (dicarboximida) (900 g/kg);Fungicida;UPL do Brasil Indústria e Comércio de Insumos Agropecuários S.A. - Matriz Ituverava/SP ; (Arysta LifeScience North America Corporation.<ESTADOS UNIDOS>FABRICANTE) +  (Adama Agricultural Solutions Ltd. - Beer Sheva<ISRAEL>FABRICANTE) +  (Arysta Lifescience North America Corporation - San Francisco<ESTADOS UNIDOS>FABRICANTE);I;II
TC10026;Captan Técnico GSD;captana (dicarboximida) (980 g/kg);Fungicida;Biorisk - Assessoria e Comércio de Produtos Agrícolas Ltda.; (Inner Mongolia Golden Season Chemistry, Co, Ltd.<CHINA, REPUBLICA POPULAR>FABRICANTE);PT;II
TC08426;Captan Técnico KND;captana (dicarboximida) (980 g/kg);Fungicida;Proregistros Registros de Produtos Ltda - EPP ; (Inner Mongolia Golden Season Chemistry, Co, Ltd.<CHINA, REPUBLICA POPULAR>FABRICANTE);PT;II
TC04526;Captan Técnico NGC;captana (dicarboximida) (980 g/kg);Fungicida;Syncrom Assessoria e Comércio de Produtos Agropecuários  Ltda.; (Inner Mongolia Golden Season Chemistry, Co, Ltd.<CHINA, REPUBLICA POPULAR>FABRICANTE);PT;II
20618;Captan Técnico Rainbow;captana (dicarboximida) (960 g/kg);Fungicida;Rainbow Defensivos Agrícolas Ltda.- Porto Alegre /RS ;;IV;II
617;Captan Técnico SD;captana (dicarboximida) (950 g/kg);Fungicida;Sharda do Brasil Comércio de Produtos Químicos e Agroquímicos LTDA; (India Pesticides Limited<ÍNDIA>FABRICANTE);IV;II
TC07221;Captan Técnico YGC;captana (dicarboximida) (935 g/kg);Fungicida;UPL do Brasil Indústria e Comércio de Insumos Agropecuários S.A. - Matriz Ituverava/SP ; (Yingde Greatchem Chemicals <CHINA, REPUBLICA POPULAR>FABRICANTE);PT;II
TC06326;Captana Técnico Nortox;captana (dicarboximida) (980 g/kg);Fungicida;Nortox S.A. - Arapongas; (Inner Mongolia Golden Season Chemistry, Co, Ltd.<CHINA, REPUBLICA POPULAR>FABRICANTE);PT;II
TC07826;Captana Técnico Wynca;captana (dicarboximida) (980 g/kg);Fungicida;Wynca do Brasil Ltda  São Paulo ; (Inner Mongolia Golden Season Chemistry, Co, Ltd.<CHINA, REPUBLICA POPULAR>FABRICANTE);PT;II
198597;Carbosulfan Técnico;carbossulfano (metilcarbamato de benzofuranila) (860 g/kg);Acaricida/Inseticida/Nematicida;FMC Química do Brasil Ltda. - Campinas/SP; (FMC Corporation - Institute Plant<ESTADOS UNIDOS>FABRICANTE) +  (Indústrias Químicas Taubaté / IQT - Taubaté<BRASIL>FABRICANTE);II;II
1207;Carbosulfan Técnico FMC;carbossulfano (metilcarbamato de benzofuranila) (860 g/kg);Inseticida;FMC Química do Brasil Ltda. - Campinas/SP; (Viakem S.A. de C.V. - Unidade de San Nicolás de Los Garza<MÉXICO>FABRICANTE) +  (Dalian Chemphy Chemical CO. Ltd<CHINA, REPUBLICA POPULAR>FABRICANTE) +  (Jiangsu Lanfeng Biochemical Co., Ltd. - Planta 1<CHINA, REPUBLICA POPULAR>FABRICANTE) +  (Haili Guixi Chemical Industry Co., Ltd.<CHINA, REPUBLICA POPULAR>FABRICANTE);II;II
15019;Carfentrazona-Etílica Ascenza Técnico;carfentrazona-etílica (triazolona) (955 g/kg);Herbicida;Ascenza Brasil Ltda - Hortolândia/SP; (Jiangsu Repont Agrochemical Co. Ltd  - Rudong<CHINA, REPUBLICA POPULAR>FABRICANTE);IV;II
TC20022;Carfentrazona-Etílica Técnico China;carfentrazona-etílica (triazolona) (970 g/kg);Herbicida;Maxunitech do Brasil Ltda;;PT;II
TC21026;Carfentrazona-Etílica Técnico JY;carfentrazona-etílica (triazolona) (960 g/kg);Herbicida;Biorisk - Assessoria e Comércio de Produtos Agrícolas Ltda.; (Anhui JiuYi Agriculture Co., Ltd.<CHINA, REPUBLICA POPULAR>FABRICANTE);PT;II
TC21522;Carfentrazona-Etílica Técnico Ouro Fino;carfentrazona-etílica (triazolona) (970 g/kg);Herbicida;Ouro Fino Química S.A. - Uberaba; (Oriental (Luzhou) Agrochemicals Co., Ltd.<CHINA, REPUBLICA POPULAR>FABRICANTE);PT;II
TC21222;Carfentrazona-Etílica Técnico Rainbow;carfentrazona-etílica (triazolona) (950 g/kg);Herbicida;Rainbow Defensivos Agrícolas Ltda.- Porto Alegre /RS ;;PT;II
04300;Carfentrazone Ethyl Técnico;carfentrazona-etílica (triazolona) (900 g/kg);Herbicida;FMC Química do Brasil Ltda. - Campinas/SP; (Jiangsu Baozong & Baoda - Changjiang Town<CHINA, REPUBLICA POPULAR>FABRICANTE) +  (Jiangsu Lianhe Chemical Technology Co., Ltd<CHINA, REPUBLICA POPULAR>FABRICANTE) +  (FMC Corporation - Middleport<ESTADOS UNIDOS>FABRICANTE);IV;II
00103;Carfentrazone Ethyl Técnico FMC;carfentrazona-etílica (triazolona) (900 g/kg);Herbicida;FMC Química do Brasil Ltda. - Campinas/SP; (FMC Corporation - Baltimore<ESTADOS UNIDOS>FABRICANTE) +  (Shanghai Baoda Veterinary Pharmaceutical Co., Ltd<CHINA, REPUBLICA POPULAR>FABRICANTE);IV;II
15119;Carfentrazone Etil Técnico Nortox;carfentrazona-etílica (triazolona) (955 g/kg);Herbicida;Nortox S.A. - Arapongas; (Jiangsu Repont Agrochemical Co. Ltd  - Rudong<CHINA, REPUBLICA POPULAR>FABRICANTE) +  (Anhui JiuYi Agriculture Co., Ltd.<CHINA, REPUBLICA POPULAR>FABRICANTE) +  (Gansu Xinyu (Western) Chemical Co. Ltd.<CHINA, REPUBLICA POPULAR>FABRICANTE);IV;II
TC20922;Carfentrazone-Ethyl Técnico UPL;carfentrazona-etílica (triazolona) (970 g/kg);Herbicida;UPL do Brasil Indústria e Comércio de Insumos Agropecuários S.A. - Matriz Ituverava/SP ; (Oriental (Luzhou) Agrochemicals Co., Ltd.<CHINA, REPUBLICA POPULAR>FABRICANTE);PT;II
658495;Cartap Cloridrato Técnico;Cloridrato de cartape (bis(tiocarbamato)) (950 g/kg);Inseticida;Sumitomo Chemical Brasil Indústria Química S.A. - Maracanaú/CE; (Sumitomo Chemical Company, Limited - Hikari Plant<JAPÃO>FABRICANTE) +  (Hunan Haohua Chemical Co. Ltd<CHINA, REPUBLICA POPULAR>FABRICANTE) +  (Sumitomo Chemical CO. Ltd. - Ehime<JAPÃO>FABRICANTE) +  (Hunan Haohua Chemical Co. Ltd<CHINA, REPUBLICA POPULAR>FABRICANTE);III;III
11518;Cartap Tecnico ALS;Cloridrato de cartape (bis(tiocarbamato)) (970 g/kg);Inseticida;UPL do Brasil Indústria e Comércio de Insumos Agropecuários S.A. - Matriz Ituverava/SP ; (Anhui Huaxing Chemical Industry Co. Ltd.<CHINA, REPUBLICA POPULAR>FABRICANTE) +  (Jiangsu Tiarong Group<CHINA, REPUBLICA POPULAR>FABRICANTE);III;III
2195;Cascade Técnico;flufenoxurom (benzoiluréia) (940 g/kg);Acaricida/Inseticida;Basf Agricultural Solutions Brasil Ltda  São Paulo/SP; (Vertellus Specialties UK Ltd.  <REINO UNIDO>FABRICANTE);IV;I
558798;Cercobin Técnico;tiofanato-metílico (benzimidazol (precursor de)) (950 g/kg);Fungicida;Iharabras S.A. Indústria Químicas - Sorocaba; (Nippon Soda CO., LTD. (Takaoka Plant) (Fábrica)<JAPÃO>FABRICANTE) +  (Iharabras S.A. Indústria Químicas - Sorocaba<BRASIL>FABRICANTE) +  (Nisso Namhae Agro Co, Ltd.<CORÉIA (DO SUL), REPÚBLICA DA>FABRICANTE) +  (Jiangsu Lanfeng Biochemical Co. Ltd - Planta 2 Suhua<CHINA, REPUBLICA POPULAR>FABRICANTE) +  (Meghmani Industries Ltd. (Unit-III) - Dahej <ÍNDIA>FABRICANTE);IV;III
TC04125;Cerevisane Técnico;Parede celular de Saccharomyces cerevisiae (Biológico) (922 g/kg);Indutor de resistência;Lesaffre do Brasil Produtos Alimentícios Ltda - Campinas/SP; (Bio Springer S.A.<FRANÇA>FABRICANTE);Não;IV
8809;Chlorantraniliprole Técnico;clorantraniliprole (antranilamida) (950 g/kg);Inseticida;FMC Química do Brasil Ltda. - Campinas/SP; (FMC (Shanghai) Agricultural Sciences Co., Ltd - Jinshan Plant/Shanghai<CHINA, REPUBLICA POPULAR>FABRICANTE);III;II
TC03326;Chlorantraniliprole Técnico Inner;clorantraniliprole (antranilamida) (970 g/kg);Inseticida;Biorisk - Assessoria e Comércio de Produtos Agrícolas Ltda.;;PT;II
TC08926;Chlorantraniliprole Técnico KK;clorantraniliprole (antranilamida) (970 g/kg);Inseticida;Solagro Soluções Agrícolas Ltda - São Paulo/SP; (Huaian Glory Chemical Co., Ltd.<CHINA, REPUBLICA POPULAR>FABRICANTE);PT;II
TC07026;Chlorantraniliprole Técnico Kingtai;clorantraniliprole (antranilamida) (980 g/kg);Inseticida;Biorisk - Assessoria e Comércio de Produtos Agrícolas Ltda.; (Hebi Bread Chemicals Co., Ltd<CHINA, REPUBLICA POPULAR>FABRICANTE);PT;II
TC05125;Chlorantraniliprole Técnico LC I;clorantraniliprole (antranilamida) (965 g/kg);Inseticida;Foison do Brasil Defensivos Agrícolas e Comércio Ltda; (Lier Chemical Co. Ltd.<CHINA, REPUBLICA POPULAR>FABRICANTE);PT;II
TC05025;Chlorantraniliprole Técnico SCH;clorantraniliprole (antranilamida) (965 g/kg);Inseticida;Sinochem Agro do Brasil Ltda. ; (Lier Chemical Co. Ltd.<CHINA, REPUBLICA POPULAR>FABRICANTE);PT;II
37319;Chlorfenapyr S Técnico Helm;clorfenapir (análogo de pirazol) (980 g/kg);Acaricida/Inseticida;Helm do Brasil Mercantil - São Paulo/SP; (Shandong Weifang Shuangxing Pesticide Co. Ltd.<CHINA, REPUBLICA POPULAR>FABRICANTE);II;II
02197;Chlorfenapyr Técnico;clorfenapir (análogo de pirazol) (900 g/kg);Acaricida/Inseticida;Basf Agricultural Solutions Brasil Ltda  São Paulo/SP; (Basf Corporation - Hannibal Plant - Missouri<ESTADOS UNIDOS>FABRICANTE) +  (Jiangsu Baozong & Baoda Pharmaceutical Co., Ltd.<CHINA, REPUBLICA POPULAR>FABRICANTE) +  (Deccan Fine Chemicals (India) Limited - Andhra Pradesh<ÍNDIA>FABRICANTE) +  (Viakem S.A. de C.V. - Unidade de San Nicolás de Los Garza<MÉXICO>FABRICANTE);II;II
27919;Chlorfenapyr Técnico 980 AGCN;clorfenapir (análogo de pirazol) (980 g/kg);Acaricida/Inseticida;Agriconnection Importadora e Exportadora de Insumos Agrícolas - Barueri/SP; (Shandong Weifang Shuangxing Pesticide Co. Ltd.<CHINA, REPUBLICA POPULAR>FABRICANTE);II;II
TC16726;Chlorfenapyr Técnico ABT;clorfenapir (análogo de pirazol) (980 g/kg);Acaricida/Inseticida;Agrobeats Defensivos Agrícolas Ltda ; (Shandong Xinlong Agrochem Co., Ltd.<CHINA, REPUBLICA POPULAR>FABRICANTE);PT;II
33319;Chlorfenapyr Técnico Basf;clorfenapir (análogo de pirazol) (980 g/kg);Acaricida/Inseticida;Basf Agricultural Solutions Brasil Ltda  São Paulo/SP; (Shandong Weifang Shuangxing Pesticide Co. Ltd.<CHINA, REPUBLICA POPULAR>FABRICANTE);II;II
TC26625;Chlorfenapyr Técnico CCAB II;clorfenapir (análogo de pirazol) (980 g/kg);Acaricida/Inseticida;CCAB Agro S.A.   São Paulo; (Shijiazhuang Richem Co., Ltd - Zhaoxian<CHINA, REPUBLICA POPULAR>FABRICANTE);PT;II
TC26525;Chlorfenapyr Técnico CHDS;clorfenapir (análogo de pirazol) (980 g/kg);Acaricida/Inseticida;CHDS do Brasil Comércio de Insumos Agrícolas Ltda - São Miguel do Iguaçu/PR   ; (Shijiazhuang Richem Co., Ltd - Zhaoxian<CHINA, REPUBLICA POPULAR>FABRICANTE);PT;II
TC08625;Chlorfenapyr Técnico CT;clorfenapir (análogo de pirazol) (980 g/kg);Acaricida/Inseticida;Yonon Brasil Defensivos Agricolas Ltda; (Yongnong Biosciences Co., Ltd.<CHINA, REPUBLICA POPULAR>FABRICANTE);PT;II
TC00826;Chlorfenapyr Técnico Hailir;clorfenapir (análogo de pirazol) (980 g/kg);Acaricida/Inseticida;Hailir Brasil Defensivos Agricolas Ltda - São Paulo/SP; (Qingdao Hengning Biotechnology Co., Ltd.<CHINA, REPUBLICA POPULAR>FABRICANTE);PT;II
27019;Chlorfenapyr Técnico Rotam;clorfenapir (análogo de pirazol) (980 g/kg);Acaricida/Inseticida;Albaugh Agro Brasil Ltda.- São Paulo; (Shandong Weifang Shuangxing Pesticide Co. Ltd.<CHINA, REPUBLICA POPULAR>FABRICANTE);II;II
TC29225;Chlorfenapyr Técnico SAU;clorfenapir (análogo de pirazol) (980 g/kg);Acaricida/Inseticida;Biorisk - Assessoria e Comércio de Produtos Agrícolas Ltda.; (Shandong United Pesticide Industry Co., Ltd.<CHINA, REPUBLICA POPULAR>FABRICANTE);PT;II
TC27325;Chlorfenapyr Técnico Sino-Agri;clorfenapir (análogo de pirazol) (980 g/kg);Acaricida/Inseticida;Lemma Agronegócios Importação e Exportação Ltda.; (Shijiazhuang Richem Co., Ltd - Zhaoxian<CHINA, REPUBLICA POPULAR>FABRICANTE);PT;II
TC27025;Chlorfenapyr U Técnico Helm;clorfenapir (análogo de pirazol) (980 g/kg);Acaricida/Inseticida;Helm do Brasil Mercantil - São Paulo/SP; (Shandong Weifang Shuangxing Pesticide Co. Ltd.<CHINA, REPUBLICA POPULAR>FABRICANTE);PT;II
14089;Chlorimuron Ethyl Técnico PR;clorimurom-etílico (sulfoniluréia) (960 g/kg);Herbicida;CTVA Proteção de Cultivos Ltda - Barueri (Tamboré); (Du Pont Agricultural Caribe Industries Ltd.<PORTO RICO>FABRICANTE) +  (Jiangsu Repont Agrochemical Co. Ltd  - Rudong<CHINA, REPUBLICA POPULAR>FABRICANTE);III;III
10201;Chlorimuron Etil Técnico Nortox;clorimurom-etílico (sulfoniluréia) (950 g/kg);Herbicida;Nortox S.A. - Arapongas; (Nortox S.A. - Arapongas<BRASIL>FABRICANTE);III;III
5510;Chlorimuron Tecnico Sinon;clorimurom-etílico (sulfoniluréia) (980 g/L);Herbicida;Sinon do Brasil Ltda. - Porto Alegre /RS.; (Sinon Chemical CO., LTD. Fengxian/Shanghai<CHINA, REPUBLICA POPULAR>FABRICANTE);III;III
12814;Chlorimuron-Ethyl E Técnico Helm;clorimurom-etílico (sulfoniluréia) (980 g/kg);Herbicida;Helm do Brasil Mercantil - São Paulo/SP; (Jiangsu Institute of Ecomonesn CO., LTD.<CHINA, REPUBLICA POPULAR>FABRICANTE);III;III
30819;Chlorimuron-Ethyl R Técnico Helm;clorimurom-etílico (sulfoniluréia) (970 g/kg);Herbicida;Jubaili Brasil Ltda - São Paulo/SP;;III;III
34417;Chlorimuron-Ethyl Tecnico Avgust;clorimurom-etílico (sulfoniluréia) (950 g/kg);Herbicida;Avgust Crop Protection Importação e Exportação Ltda.; (Changzhou August Agrochem Company Limited<CHINA, REPUBLICA POPULAR>FABRICANTE);III;III
24616;Chlorotalonil Técnico RTM;clorotalonil (isoftalonitrila) (985 g/kg);Fungicida;Albaugh Agro Brasil Ltda.- São Paulo; (Jiangsu Weunute Fine Chemical Co., Ltd.<CHINA, REPUBLICA POPULAR>FABRICANTE);I;II
5913;Chlorothalonil Tecnico Rotam;clorotalonil (isoftalonitrila) (985 g/kg);Fungicida;Albaugh Agro Brasil Ltda.- São Paulo; (Shandong Dacheng Agrochem Co., Ltd <CHINA, REPUBLICA POPULAR>FABRICANTE);I;II
3088299;Chlorothalonil Técnico;clorotalonil (isoftalonitrila) (980 g/kg);Fungicida;Oxon Brasil Defensivos Agrícolas Ltda.;;I;II
37919;Chlorothalonil Técnico CCAB;clorotalonil (isoftalonitrila) (985 g/kg);Fungicida;CCAB Agro S.A.   São Paulo; (Jiangsu Weunite Fine Chemical Co., Ltd.<CHINA, REPUBLICA POPULAR>FABRICANTE);PT;II
33919;Chlorothalonil Técnico CHDS;clorotalonil (isoftalonitrila) (985 g/kg);Fungicida;CHDS do Brasil Comércio de Insumos Agrícolas Ltda - São Miguel do Iguaçu/PR   ;;PT;II
24919;Chlorothalonil Técnico FB;clorotalonil (isoftalonitrila) (985 g/kg);Fungicida;Agroallianz S.A; (Jiangsu Weunite Fine Chemical Co., Ltd.<CHINA, REPUBLICA POPULAR>FABRICANTE);I;II
14712;Chlorothalonil Técnico Helm;clorotalonil (isoftalonitrila) (985 g/kg);Fungicida;Helm do Brasil Mercantil - São Paulo/SP; (Jiangyin Suli Chemical Co. Ltd. - Jiangsu<CHINA, REPUBLICA POPULAR>FABRICANTE);I;II
24416;Chlorothalonil Técnico Oxon;clorotalonil (isoftalonitrila) (985 g/kg);Fungicida;Oxon Brasil Defensivos Agrícolas Ltda.; (Jiangsu Weunite Fine Chemical Co., Ltd.<CHINA, REPUBLICA POPULAR>FABRICANTE);I;II
24316;Chlorothalonil Técnico Sino-Agri;clorotalonil (isoftalonitrila) (985 g/kg);Fungicida;Lemma Agronegócios Importação e Exportação Ltda.;;I;II
TC13025;Chlorothalonil Técnico Sulonil;clorotalonil (isoftalonitrila) (985 g/kg);Fungicida;Proregistros Registros de Produtos Ltda - EPP ; (Suli (Ningxia) Chemicals Co., Ltd.<CHINA, REPUBLICA POPULAR>FABRICANTE);PT;II
TC02525;Chlorothalonil Técnico Wynca;clorotalonil (isoftalonitrila) (985 g/kg);Fungicida;Wynca do Brasil Ltda  São Paulo ; (Ningxia Wynca Technology Co., Ltd.<CHINA, REPUBLICA POPULAR>FABRICANTE);PT;II
03519;Chlorothalonyl Técnico 985 AGCN;clorotalonil (isoftalonitrila) (985 g/kg);Fungicida;Agriconnection Importadora e Exportadora de Insumos Agrícolas - Barueri/SP; (Jiangsu Xinhe Agrochemical Co, Ltd. - Planta 1<CHINA, REPUBLICA POPULAR>FABRICANTE) +  (Jiangsu Weunite Fine Chemical Co., Ltd.<CHINA, REPUBLICA POPULAR>FABRICANTE);I;II
TC00421;Chlorpyrifos Tecnico FB;clorpirifós (organofosforado) (980 g/kg);Inseticida;Agroallianz S.A; (Dezhou Luba Fine Chemical Co. Ltd<CHINA, REPUBLICA POPULAR>FABRICANTE);PT;II
TC16020;Chlorpyrifos Técnico 980 AGCN;clorpirifós (organofosforado) (980 g/kg);Acaricida/Inseticida;Agriconnection Importadora e Exportadora de Insumos Agrícolas - Barueri/SP; (Dezhou Luba Fine Chemical Co. Ltd<CHINA, REPUBLICA POPULAR>FABRICANTE);PT;II
TC21826;Chlorpyrifos Técnico FB II;clorpirifós (organofosforado) (980 g/kg);Acaricida/Formicida/Inseticida;Agroallianz S.A; (Anhui Guangxin Agrochemical Co., Ltd. - Anhui<CHINA, REPUBLICA POPULAR>FABRICANTE);PT;II
TC12426;Cialofope Butílico Técnico CAC ;cialofope-butílico (ácido ariloxifenoxipropiônico) (980 g/kg);Herbicida;CAC Quimica do Brasil Ltda; (CAC Nantong Chemical Co. Ltd. - Jiangsu<CHINA, REPUBLICA POPULAR>FABRICANTE);PT;II
9295;Cianamida Hidrogenada Técnico;cianamida (carbimida) (520 g/L);Regulador de Crescimento;Basf Agricultural Solutions Brasil Ltda  São Paulo/SP; (AlzChem Trostberg GmbH  -Trostberg<ALEMANHA>FABRICANTE);I;III
TC30825;Ciazofamida Técnico Rainbow;Ciazofamida (imidazol) (970 g/kg);Fungicida;Rainbow Defensivos Agrícolas Ltda.- Porto Alegre /RS ; (Rudong Zhongyi Chemical Co., Ltd.<CHINA, REPUBLICA POPULAR>FABRICANTE);PT;IV
TC10822;Ciclanilida Técnica Adama;ciclanilida (carboxanilida) (990 g/kg);Regulador de Crescimento;Adama Brasil S.A.- Londrina/PR; (Jiangxi Heyi Chemical Co., Ltd.<CHINA, REPUBLICA POPULAR>FABRICANTE);PT;II
TC02425;Ciclanilida Técnica Nortox;ciclanilida (carboxanilida) (985 g/kg);Herbicida;Nortox S.A. - Arapongas; (Hunan Bide Biochemical Technology Co., Ltd<CHINA, REPUBLICA POPULAR>FABRICANTE);PT;II
TC10622;Ciclanilida Técnica Sumitomo;ciclanilida (carboxanilida) (990 g/kg);Herbicida;Sumitomo Chemical Brasil Indústria Química S.A. - Maracanaú/CE; (Jiangxi Heyi Chemical Co., Ltd.<CHINA, REPUBLICA POPULAR>FABRICANTE);PT;II
TC02325;Ciclanilida Técnico Adama BR;Clanilida (carboxanilida) (985 g/kg);Herbicida;Adama Brasil S.A.- Londrina/PR; (Hunan Bide Biochemical Technology Co., Ltd<CHINA, REPUBLICA POPULAR>FABRICANTE);PT;III
TC10522;Ciclanilida Técnico CCAB;ciclanilida (carboxanilida) (990 g/kg);Regulador de Crescimento;CCAB Agro S.A.   São Paulo; (Jiangxi Heyi Chemical Co., Ltd.<CHINA, REPUBLICA POPULAR>FABRICANTE);PT;II
19117;Cimoxanil Ascenza Técnico;cimoxanil (acetamida) (980 g/kg);Fungicida;Ascenza Brasil Ltda - Hortolândia/SP; (Shaanxi Hengrun Chemical Industry Co., Ltd<CHINA, REPUBLICA POPULAR>FABRICANTE) +  (Shaanxi Hengtian Chemical Co. Ltd -  Weinan<CHINA, REPUBLICA POPULAR>FABRICANTE);III;IV
9813;Cimoxanil Técnico Cropchem;cimoxanil (acetamida) (850 g/kg);Fungicida;Cropchem Ltda - Porto Alegre; (China Limin Chemical Co., Ltd<CHINA, REPUBLICA POPULAR>FABRICANTE);III;IV
TC29625;Cimoxanil Técnico Rainbow;cimoxanil (acetamida) (980 g/kg);Fungicida;Rainbow Defensivos Agrícolas Ltda.- Porto Alegre /RS ; (Shandong Weifang Rainbow Chemical Co., Ltd. - Unidade Fabril 01<CHINA, REPUBLICA POPULAR>FABRICANTE);PT;IV
TC02320;Cinetina Técnica;cinetina (citocinina) (970 g/kg);Regulador de Crescimento;Stoller do Brasil Ltda.; (Xinghua Mingwei Chemical Co., Ltd.<CHINA, REPUBLICA POPULAR>FABRICANTE);5;IV
1314;Cipermethrin Técnico Gharda;cipermetrina (piretróide) (950 g/kg);Inseticida;Gharda do Brasil Soluções Agrícolas Ltda. ; (Gharda Chemical Limited - Lote Plant<ÍNDIA>FABRICANTE);I;I
8812;Cipermetrina Tagros Técnico;cipermetrina (piretróide) (944.2 g/kg);Formicida/Inseticida;Tagros Brasil Comércio de Produtos Químicos Ltda.;;II;II
01101;Cipermetrina Técnica Nortox;cipermetrina (piretróide) (920 g/kg);Inseticida;Nortox S.A. - Arapongas; (Bayer Vapi Private Limited - Gujarat<ÍNDIA>FABRICANTE);II;II
TC11724;Cipermetrina Técnica Nortox IN;cipermetrina (piretróide) (950 g/kg);Formicida/Inseticida;Nortox S.A. - Arapongas; (Bharat Rasayan Ltd. - Unit II - Gujarat<ÍNDIA>FABRICANTE);PT;II
07603;Cipermetrina Técnica Nortox Mol;cipermetrina (piretróide) (920 g/kg);Inseticida;Nortox S.A. - Arapongas; (Meghmani Organics Ltd. Unit III - Chharodi<ÍNDIA>FABRICANTE) +  (Nortox S.A. - Arapongas<BRASIL>FABRICANTE);II;II
TC17521;Cipermetrina Técnica Nortox V;cipermetrina (piretróide) (944.2 g/kg);Inseticida;Nortox S.A. - Arapongas; (Tagros Chemicals India Private Limited - Tamil Nadu <ÍNDIA>FABRICANTE);PT;III
1996;Cipermetrina Técnica Sumitomo;cipermetrina (piretróide) (920 g/L);Inseticida;Sumitomo Chemical Brasil Indústria Química S.A. - Maracanaú/CE; (Point International Enterprise S.A.<SUÍCA>FABRICANTE);II;I
8712;Cipermetrina Técnica UPL BR;cipermetrina (piretróide) (944.2 g/kg);Inseticida;UPL do Brasil Indústria e Comércio de Insumos Agropecuários S.A. - Matriz Ituverava/SP ; (Tagros Chemicals India Private Limited - Tamil Nadu <ÍNDIA>FABRICANTE);II;II
05513;Cipermetrina Técnico CCAB;cipermetrina (piretróide) (944.2 g/kg);Formicida/Inseticida;CCAB Agro S.A.   São Paulo; (Tagros Chemicals India Private Limited - Tamil Nadu <ÍNDIA>FABRICANTE);II;II
TC04023;Cipermetrina Técnico Hil;cipermetrina (piretróide) (930 g/kg);Inseticida;Hemani Agro do Brasil Ltda; (Hemani Industries Limited - Unit III - Dahej<ÍNDIA>FABRICANTE);PT;II
TC01525;Cipermetrina Técnico Nortox IV;cipermetrina (piretróide) (930 g/kg);Formicida/Inseticida;Nortox S.A. - Arapongas; (Hemani Industries Limited - Unit III - Dahej<ÍNDIA>FABRICANTE);PT;II
0414;Cipermetrina Técnico Ouro Fino;cipermetrina (piretróide) (920 g/kg);Formicida/Inseticida;Ouro Fino Química S.A. - Uberaba;;II;III
16618;Cipermetrina Técnico Red Surcos;cipermetrina (piretróide) (944 g/kg);Inseticida;Red Surcos do Brasil Comércio Agropecuário Ltda; (Tagros Chemicals India Private Limited - Tamil Nadu <ÍNDIA>FABRICANTE);II;II
5216;Cipermetrina Técnico Solus.;cipermetrina (piretróide) (945 g/kg);Inseticida;Solus do Brasil Ltda. - Apucarana/PR- Parque Industrial ; (Tagros Chemicals India Private Limited - Bharuch<ÍNDIA>FABRICANTE);II;II
0148101;Cipermetrina Técnico UPL Agro BR;cipermetrina (piretróide) (900 g/kg);Inseticida;UPL do Brasil Indústria e Comércio de Insumos Agropecuários S.A. - Matriz Ituverava/SP ; (FMC Corporation - Baltimore<ESTADOS UNIDOS>FABRICANTE);II;III
TC10120;Ciproconazol China Técnico;ciproconazol (triazol) (975 g/kg);Fungicida;AllierBrasil Agro Ltda.; (Ningbo Sunjoy Agroscience Co., Ltd.<CHINA, REPUBLICA POPULAR>FABRICANTE);PT;II
TC11521;Ciproconazol Tecnico Albaugh JSC;ciproconazol (triazol) (960 g/kg);Fungicida;Albaugh Agro Brasil Ltda.- São Paulo; (Jiangsu Sevencontinent Green Chemical Co., Ltd - Unit I<CHINA, REPUBLICA POPULAR>FABRICANTE);PT;II
13218;Ciproconazol Tradecorp Técnico;ciproconazol (triazol) (980 g/kg);Fungicida;Ascenza Brasil Ltda - Hortolândia/SP; (Zhejiang Bosst Cropscience Co., Ltd<CHINA, REPUBLICA POPULAR>FABRICANTE);III;II
12517;Ciproconazol Tradecorp Técnico II;ciproconazol (triazol) (983.4 g/kg);Fungicida;Agroallianz S.A; (Jiangxi Synica Enterprise Co Ltd<CHINA, REPUBLICA POPULAR>FABRICANTE) +  (Tecnomyl S.A. - Villeta<PARAGUAI>FABRICANTE);III;II
TC03625;Ciproconazol Técnico ABT;ciproconazol (triazol) (960 g/kg);Fungicida;Agrobeats Defensivos Agrícolas Ltda ; (Jiangsu Fengdeng Crop Science Co. Ltd..<CHINA, REPUBLICA POPULAR>FABRICANTE);PT;II
TC26925;Ciproconazol Técnico ALS;ciproconazol (triazol) (980 g/kg);Fungicida;UPL do Brasil Indústria e Comércio de Insumos Agropecuários S.A. - Matriz Ituverava/SP ; (Astec Lifesciences Limited (Fábrica 01)<ÍNDIA>FABRICANTE);PT;II
TC05624;Ciproconazol Técnico Adama;ciproconazol (triazol) (960 g/kg);Fungicida;Adama Brasil S.A.- Londrina/PR; (Yongnong Biosciences Co., Ltd.<CHINA, REPUBLICA POPULAR>FABRICANTE);PT;II
30519;Ciproconazol Técnico Agristar;ciproconazol (triazol) (975 g/kg);Fungicida;Albaugh Agro Brasil Ltda.- São Paulo; (Shangyu Nutrichem Co., Ltd.<CHINA, REPUBLICA POPULAR>FABRICANTE);III;II
TC06422;Ciproconazol Técnico Agrolead;ciproconazol (triazol) (960 g/kg);Fungicida;Agro-Lead Brasil Assessoria em Produtos Agrícolas Ltda - EPP; (Jiangsu Sevencontinent Green Chemical Co., Ltd - Unit II<CHINA, REPUBLICA POPULAR>FABRICANTE);PT;II
24219;Ciproconazol Técnico BR;ciproconazol (triazol) (970 g/kg);Fungicida;CTVA Proteção de Cultivos Ltda - Barueri (Tamboré);;III;II
TC07820;Ciproconazol Técnico CHDS;ciproconazol (triazol) (975 g/kg);Fungicida;CHDS do Brasil Comércio de Insumos Agrícolas Ltda - São Miguel do Iguaçu/PR   ; (Ningbo Sunjoy Agroscience Co., Ltd.<CHINA, REPUBLICA POPULAR>FABRICANTE);PT;II
TC09120;Ciproconazol Técnico CJB;ciproconazol (triazol) (960 g/kg);Fungicida;Acrom Agroindustrial Ltda- Londrina/PR; (Chifeng Jumbo Biochemistry Co., Ltd.<CHINA, REPUBLICA POPULAR>FABRICANTE);PT;II
TC00625;Ciproconazol Técnico Chembri;ciproconazol (triazol) (960 g/kg);Fungicida;AllierBrasil Agro Ltda.; (Jiangsu Fengdeng Crop Science Co. Ltd..<CHINA, REPUBLICA POPULAR>FABRICANTE);PT;II
TC00425;Ciproconazol Técnico CropChem III;ciproconazol (triazol) (960 g/kg);Fungicida;Cropchem Ltda - Porto Alegre; (Jiangsu Fengdeng Crop Science Co. Ltd..<CHINA, REPUBLICA POPULAR>FABRICANTE);PT;II
TC09820;Ciproconazol Técnico Dinagro;ciproconazol (triazol) (975 g/kg);Fungicida;Dinagro Agropecuária Ltda.; (Ningbo Sunjoy Agroscience Co., Ltd.<CHINA, REPUBLICA POPULAR>FABRICANTE);PT;II
TC10420;Ciproconazol Técnico Fersol;ciproconazol (triazol) (975 g/kg);Fungicida;Ameribrás Indústria e Comércio Ltda.; (Ningbo Sunjoy Agroscience Co., Ltd.<CHINA, REPUBLICA POPULAR>FABRICANTE);PT;II
TC00823;Ciproconazol Técnico Gilmore;ciproconazol (triazol) (950 g/kg);Fungicida;Gilmore Agro do Brasil Ltda - ME ; (Jiangsu Chengyang Crop Science Co. Ltd. <CHINA, REPUBLICA POPULAR>FABRICANTE);PT;II
44319;Ciproconazol Técnico ME2;ciproconazol (triazol) (975 g/kg);Fungicida;UPL do Brasil Indústria e Comércio de Insumos Agropecuários S.A. - Matriz Ituverava/SP ; (Shangyu Nutrichem Co., Ltd.<CHINA, REPUBLICA POPULAR>FABRICANTE);PT;II
TC12921;Ciproconazol Técnico OF;ciproconazol (triazol) (960 g/kg);Fungicida;Ouro Fino Química S.A. - Uberaba; (Jiangsu Sevencontinent Green Chemical Co., Ltd - Unit II<CHINA, REPUBLICA POPULAR>FABRICANTE);PT;II
TC13220;Ciproconazol Técnico OF I;ciproconazol (triazol) (970 g/kg);Fungicida;Ouro Fino Química S.A. - Uberaba; (Rudong Zhongyi Chemical Co., Ltd.<CHINA, REPUBLICA POPULAR>FABRICANTE);PT;II
TC05024;Ciproconazol Técnico Ouro Fino;ciproconazol (triazol) (960 g/kg);Fungicida;Ouro Fino Química S.A. - Uberaba; (Huaian Glory Chemical Co., Ltd.<CHINA, REPUBLICA POPULAR>FABRICANTE);PT;II
TC09920;Ciproconazol Técnico PG ;ciproconazol (triazol) (975 g/kg);Fungicida;AllierBrasil Agro Ltda.; (Ningbo Sunjoy Agroscience Co., Ltd.<CHINA, REPUBLICA POPULAR>FABRICANTE);PT;II
TC10220;Ciproconazol Técnico PG2;ciproconazol (triazol) (975 g/kg);Fungicida;Green Place Comércio e Distribuição Ltda.; (Ningbo Sunjoy Agroscience Co., Ltd.<CHINA, REPUBLICA POPULAR>FABRICANTE);PT;II
30419;Ciproconazol Técnico Proventis;ciproconazol (triazol) (970 g/kg);Fungicida;Proventis Lifescience Defensivos Agrícolas Ltda; (Jiangsu Sword Agrochemical Co. Ltd<CHINA, REPUBLICA POPULAR>FABRICANTE);III;II
TC03620;Ciproconazol Técnico Rainbow ;ciproconazol (triazol) (970 g/kg);Fungicida;Rainbow Defensivos Agrícolas Ltda.- Porto Alegre /RS ; (Shandong Weifang Rainbow Chemical Co., Ltd. - Unidade Fabril 02<CHINA, REPUBLICA POPULAR>FABRICANTE);PT;III
TC02723;Ciproconazol Técnico SD;ciproconazol (triazol) (975 g/kg);Fungicida;Sharda do Brasil Comércio de Produtos Químicos e Agroquímicos LTDA; (Ningbo Sunjoy Agroscience Co., Ltd.<CHINA, REPUBLICA POPULAR>FABRICANTE);PT;II
TC10020;Ciproconazol Técnico Solus;ciproconazol (triazol) (975 g/kg);Fungicida;Solus do Brasil Ltda. - Apucarana/PR- Parque Industrial ; (Ningbo Sunjoy Agroscience Co., Ltd.<CHINA, REPUBLICA POPULAR>FABRICANTE);PT;II
1407;Ciproconazol Técnico Syn;ciproconazol (triazol) (940 g/kg);Fungicida;Syngenta Proteção de Cultivos Ltda.  São Paulo/SP; (Bayer CropScience Schweiz AG - Muttenz<SUÍCA>FABRICANTE) +  (Saltigo GmbH- Leverkusen<ALEMANHA>FABRICANTE) +  (Deccan Fine Chemicals (India) Limited - Andhra Pradesh<ÍNDIA>FABRICANTE);III;II
13618;Ciproconazol Técnico Tecnomyl;ciproconazol (triazol) (980 g/kg);Fungicida;Tecnomyl Brasil Distribuidora de Produtos Agrícolas Ltda - Foz do Iguaçu; (Zhejiang Udragon Bioscience Co. Ltd<CHINA, REPUBLICA POPULAR>FABRICANTE) +  (Jiangxi Synica Enterprise Co Ltd<CHINA, REPUBLICA POPULAR>FABRICANTE) +  (Tecnomyl S.A. - Villeta<PARAGUAI>FABRICANTE);III;II
TC07222;Ciproconazol Técnico Tecnomyl II;ciproconazol (triazol) (960 g/kg);Fungicida;Tecnomyl Brasil Distribuidora de Produtos Agrícolas Ltda - Foz do Iguaçu; (Jiangsu Sevencontinent Green Chemical Co., Ltd - Unit II<CHINA, REPUBLICA POPULAR>FABRICANTE) +  (Rudong Zhongyi Chemical Co., Ltd.<CHINA, REPUBLICA POPULAR>FABRICANTE);PT;II
TC26825;Ciproconazole A Técnico Helm;ciproconazol (triazol) (980 g/kg);Fungicida;Helm do Brasil Mercantil - São Paulo/SP; (Astec Lifesciences Limited (Fábrica 01)<ÍNDIA>FABRICANTE);PT;II
TC00723;Ciproconazole Cy Técnico Helm;ciproconazol (triazol) (950 g/kg);Fungicida;Helm do Brasil Mercantil - São Paulo/SP; (Jiangsu Chengyang Crop Science Co. Ltd. <CHINA, REPUBLICA POPULAR>FABRICANTE);PT;II
TC13121;Ciproconazole SC Técnico Helm;ciproconazol (triazol) (960 g/kg);Fungicida;Helm do Brasil Mercantil - São Paulo/SP; (Jiangsu Sevencontinent Green Chemical Co., Ltd - Unit II<CHINA, REPUBLICA POPULAR>FABRICANTE);PT;II
44219;Ciproconazole Técnico CCAB;ciproconazol (triazol) (970 g/kg);Fungicida;CCAB Agro S.A.   São Paulo; (Shangyu Nutrichem Co., Ltd.<CHINA, REPUBLICA POPULAR>FABRICANTE) +  (Jiangxi Synica Enterprise Co Ltd<CHINA, REPUBLICA POPULAR>FABRICANTE) +  (Tecnomyl S.A. - Villeta<PARAGUAI>FABRICANTE) +  (Rudong Zhongyi Chemical Co., Ltd.<CHINA, REPUBLICA POPULAR>FABRICANTE) +  (Zhejiang Bosst Cropscience Co., Ltd<CHINA, REPUBLICA POPULAR>FABRICANTE);PT;II
TC08624;Ciproconazole Técnico CT;ciproconazol (triazol) (960 g/kg);Fungicida;Yonon Brasil Defensivos Agricolas Ltda; (Yongnong Biosciences Co., Ltd.<CHINA, REPUBLICA POPULAR>FABRICANTE);PT;II
30619;Ciproconazole Técnico GLB;ciproconazol (triazol) (975 g/kg);Fungicida;Globachem Proteção de Cultivos do Brasil Ltda. - Campinas/SP; (Shangyu Nutrichem Co., Ltd.<CHINA, REPUBLICA POPULAR>FABRICANTE);III;II
TC24422;Ciproconazole Técnico Nortox;ciproconazol (triazol) (960 g/kg);Fungicida;Nortox S.A. - Arapongas; (Rudong Zhongyi Chemical Co., Ltd.<CHINA, REPUBLICA POPULAR>FABRICANTE) +  (Jiangsu Sevencontinent Green Chemical Co., Ltd - Unit I<CHINA, REPUBLICA POPULAR>FABRICANTE);PT;II
TC06320;Ciproconazole Técnico Nortox II;ciproconazol (triazol) (980 g/kg);Fungicida;Nortox S.A. - Arapongas; (Zhejiang Bosst Cropscience Co., Ltd<CHINA, REPUBLICA POPULAR>FABRICANTE);PT;III
TC01325;Ciproconozol Técnico OF II;ciproconazol (triazol) (950 %);Fungicida;Ouro Fino Química S.A. - Uberaba; (Jiangsu Chengyang Crop Science Co. Ltd. <CHINA, REPUBLICA POPULAR>FABRICANTE);PT;II
TC02421;Ciprodinil Técnico Rainbow;ciprodinil (anilinopirimidina) (990 g/kg);Fungicida;Rainbow Defensivos Agrícolas Ltda.- Porto Alegre /RS ; (Shandong Weifang Rainbow Chemical Co., Ltd. - Unidade Fabril 02<CHINA, REPUBLICA POPULAR>FABRICANTE);PT;II
2705;Ciromazin Técnico BR;ciromazina (triazinamina) (950 g/kg);Inseticida;Gowan Produtos Agrícolas Ltda. - Matriz Campinas/SP; (Syngenta Grimsby Ltd <REINO UNIDO>FABRICANTE) +  (ChemDesign Products, Inc.,<ESTADOS UNIDOS>FABRICANTE) +  (Elanco (Shanghai) Animal Health Co. Ltd. <CHINA, REPUBLICA POPULAR>FABRICANTE);III;III
06000;Citocinina Técnica;cinetina (citocinina) (12.12 g/kg);Regulador de Crescimento;Stoller do Brasil Ltda.; (Stoller Enterprises, Inc.<ESTADOS UNIDOS>FABRICANTE);IV;IV
TC07224;Clethodim Technical SD;cletodim (oxima ciclohexanodiona) (970 g/kg);Herbicida;Sharda do Brasil Comércio de Produtos Químicos e Agroquímicos LTDA; (Jiangsu Sevencontinent Green Chemical Co., Ltd - Unit II<CHINA, REPUBLICA POPULAR>FABRICANTE);PT;III
459008;Clethodim Técnico;cletodim (oxima ciclohexanodiona) (924 g/kg);Herbicida;UPL do Brasil Indústria e Comércio de Insumos Agropecuários S.A. - Matriz Ituverava/SP ; (Future Fuel chemical Company<ESTADOS UNIDOS>FABRICANTE) +  (Deccan Fine Chemicals (India) Limited - Andhra Pradesh<ÍNDIA>FABRICANTE) +  (UPL Limited - Jhagadia<ÍNDIA>FABRICANTE);II;III
TC06524;Clethodim Técnico ALS JY;cletodim (oxima ciclohexanodiona) (970 g/kg);Herbicida;UPL do Brasil Indústria e Comércio de Insumos Agropecuários S.A. - Matriz Ituverava/SP ; (Jiangsu Yunfan Chemicals Co., Ltd.<CHINA, REPUBLICA POPULAR>FABRICANTE);PT;III
TC08524;Clethodim Técnico Agrogill;cletodim (oxima ciclohexanodiona) (970 g/kg);Herbicida;Agrogill Chemicals Ltda; (Jiangsu Yunfan Chemicals Co., Ltd.<CHINA, REPUBLICA POPULAR>FABRICANTE);PT;III
TC07024;Clethodim Técnico Agrolead;cletodim (oxima ciclohexanodiona) (970 g/kg);Herbicida;Agro-Lead Brasil Assessoria em Produtos Agrícolas Ltda - EPP; (Jiangsu Sevencontinent Green Chemical Co., Ltd - Unit I<CHINA, REPUBLICA POPULAR>FABRICANTE);PT;III
19618;Clethodim Técnico BCS;cletodim (oxima ciclohexanodiona) (980 g/kg);Herbicida;Bayer S.A. - São Paulo/ SP; (Weifang Cynda Chemical Co., Ltd.<CHINA, REPUBLICA POPULAR>FABRICANTE);II;III
TC08223;Clethodim Técnico Brilliance I;cletodim (oxima ciclohexanodiona) (980 g/kg);Herbicida;Brilliance Produtos Agrícolas Ltda;;PT;III
TC19722;Clethodim Técnico Brilliance II;cletodim (oxima ciclohexanodiona) (965 g/kg);Herbicida;Brilliance Produtos Agrícolas Ltda;;PT;III
TC15624;Clethodim Técnico Consagro;cletodim (oxima ciclohexanodiona) (970 g/kg);Herbicida;Albaugh Agro Brasil Ltda.- São Paulo; (Jiangsu Sevencontinent Green Chemical Co., Ltd - Unit II<CHINA, REPUBLICA POPULAR>FABRICANTE);PT;III
TC10223;Clethodim Técnico FB;cletodim (oxima ciclohexanodiona) (960 g/kg);Herbicida;Agroallianz S.A; (Shenyang Sciencreat Chemicals Co.,Ltd.<CHINA, REPUBLICA POPULAR>FABRICANTE);PT;III
34819;Clethodim Técnico GLB;cletodim (oxima ciclohexanodiona) (940 g/kg);Herbicida;Globachem Proteção de Cultivos do Brasil Ltda. - Campinas/SP; (Yancheng South Chemical Co, Ltd<CHINA, REPUBLICA POPULAR>FABRICANTE);PT;III
TC11122;Clethodim Técnico NBL;cletodim (oxima ciclohexanodiona) (950 g/kg);Herbicida;Basf Agricultural Solutions Brasil Ltda  São Paulo/SP; (Nisso Basf Agro. Ltd.<JAPÃO>FABRICANTE);PT;III
26216;Clethodim Técnico Oxon;cletodim (oxima ciclohexanodiona) (980 g/kg);Herbicida;Oxon Brasil Defensivos Agrícolas Ltda.; (Shandong Cynda Chemical Co. LTD<CHINA, REPUBLICA POPULAR>FABRICANTE);II;III
19918;Clethodim Técnico RTM;cletodim (oxima ciclohexanodiona) (980 g/kg);Herbicida;Albaugh Agro Brasil Ltda.- São Paulo; (Weifang Cynda Chemical Co., Ltd.<CHINA, REPUBLICA POPULAR>FABRICANTE);II;III
4698;Clethodim Técnico TM;cletodim (oxima ciclohexanodiona) (840 g/kg);Herbicida;UPL do Brasil Indústria e Comércio de Insumos Agropecuários S.A. - Matriz Ituverava/SP ; (Arysta LifeScience North America Corporation.<ESTADOS UNIDOS>FABRICANTE);II;III
TC08424;Clethodim Técnico YNX;cletodim (oxima ciclohexanodiona) (950 g/kg);Herbicida;Longwind Cropscience Brazil Ltda - Porto Alegre/RS; (Ningxia Yifan Biotechnology Co. Ltd.<CHINA, REPUBLICA POPULAR>FABRICANTE);PT;III
TC19024;Clethodim YF 50 TK;cletodim (oxima ciclohexanodiona) (514.1 g/L);Herbicida;Longwind Cropscience Brazil Ltda - Porto Alegre/RS; (Jiangsu Yunfan Chemicals Co., Ltd.<CHINA, REPUBLICA POPULAR>FABRICANTE);III;III
TC16725;Cletodim Pré-Mistura Brilliance;cletodim (oxima ciclohexanodiona) (700 g/kg);Herbicida;Brilliance Produtos Agrícolas Ltda; (Liaoning Cynda Chemical Co. Ltd.<CHINA, REPUBLICA POPULAR>FABRICANTE);5;III
14017/Pré-Mistura;Cletodim Pré-Mistura Milenia;cletodim (oxima ciclohexanodiona) (362.6 g/L);Herbicida;Adama Brasil S.A.- Londrina/PR; (Hebei Wanquan Lihua Chemicals Co. Ltd<CHINA, REPUBLICA POPULAR>FABRICANTE) +  (Adama Brasil S.A.- Londrina/PR<BRASIL>FABRICANTE) +  (Adama Brasil S.A. - Taquari<BRASIL>FABRICANTE) +  (Adama Agricultural Solutions Ltd. - Ashdod <ISRAEL>FABRICANTE) +  (Yancheng South Chemical Co, Ltd<CHINA, REPUBLICA POPULAR>FABRICANTE) +  (Hebei Lansheng Biotech Co., Ltd<CHINA, REPUBLICA POPULAR>FABRICANTE) +  (Jiangsu Yunfan Chemicals Co., Ltd.<CHINA, REPUBLICA POPULAR>FABRICANTE) +  (Ningxia Yifan Biotechnology Co. Ltd.<CHINA, REPUBLICA POPULAR>FABRICANTE);III;IV
TC27925;Cletodim Pré-Mistura SA;cletodim (oxima ciclohexanodiona) (370 g/L);Herbicida;Proregistros Registros de Produtos Ltda - EPP ; (Jiangsu Yunfan Chemicals Co., Ltd.<CHINA, REPUBLICA POPULAR>FABRICANTE);5;IV
TC12324;Cletodim QI Técnico Tide ;cletodim (oxima ciclohexanodiona) (950 g/kg);Herbicida;Tide do Brasil Ltda - Porto Alegre/RS; (Qiaochang Modern Agriculture Co., Ltd<CHINA, REPUBLICA POPULAR>FABRICANTE);PT;III
TC19625;Cletodim Técnico Ada 2;cletodim (oxima ciclohexanodiona) (960 g/kg);Herbicida;Adama Brasil S.A.- Londrina/PR; (Shenyang Sciencreat Chemicals Co.,Ltd.<CHINA, REPUBLICA POPULAR>FABRICANTE);PT;III
TC17024;Cletodim Técnico Ada 4;cletodim (oxima ciclohexanodiona) (950 g/kg);Herbicida;Adama Brasil S.A.- Londrina/PR; (Hebei Lansheng Biotech Co., Ltd<CHINA, REPUBLICA POPULAR>FABRICANTE);PT;III
19718;Cletodim Técnico Adama;cletodim (oxima ciclohexanodiona) (980 g/kg);Herbicida;Adama Brasil S.A.- Londrina/PR; (Weifang Cynda Chemical Co., Ltd.<CHINA, REPUBLICA POPULAR>FABRICANTE);II;III
TC07223;Cletodim Técnico Adama BR;cletodim (oxima ciclohexanodiona) (967 g/kg);Herbicida;Adama Brasil S.A.- Londrina/PR; (Shandong Weifang Rainbow Chemical Co., Ltd. - Unidade Fabril 02<CHINA, REPUBLICA POPULAR>FABRICANTE);PT;III
34919;Cletodim Técnico Adama Brasil;cletodim (oxima ciclohexanodiona) (940 g/kg);Herbicida;Adama Brasil S.A.- Londrina/PR; (Yancheng South Chemical Co, Ltd<CHINA, REPUBLICA POPULAR>FABRICANTE);PT;III
35119;Cletodim Técnico Agristar;cletodim (oxima ciclohexanodiona) (940 g/kg);Herbicida;Albaugh Agro Brasil Ltda.- São Paulo; (Liaoning Cynda Chemical Co. Ltd.<CHINA, REPUBLICA POPULAR>FABRICANTE) +  (Weifang Cynda Chemical Co., Ltd.<CHINA, REPUBLICA POPULAR>FABRICANTE);PT;III
TC13324;Cletodim Técnico Albaugh 02;cletodim (oxima ciclohexanodiona) (950 g/kg);Herbicida;Albaugh Agro Brasil Ltda.- São Paulo; (Hebei Lansheng Biotech Co., Ltd<CHINA, REPUBLICA POPULAR>FABRICANTE);PT;III
07418;Cletodim Técnico Alta;cletodim (oxima ciclohexanodiona) (980 g/kg);Herbicida;ALTA - America Latina Tecnologia Agrícola Ltda.- Curitiba; (Weifang Cynda Chemical Co., Ltd.<CHINA, REPUBLICA POPULAR>FABRICANTE);II;III
29718;Cletodim Técnico Alta II;cletodim (oxima ciclohexanodiona) (980 g/kg);Herbicida;ALTA - America Latina Tecnologia Agrícola Ltda.- Curitiba;;II;III
22916;Cletodim Técnico CCAB;cletodim (oxima ciclohexanodiona) (980 g/kg);Herbicida;CCAB Agro S.A.   São Paulo; (Shandong Cynda Chemical Co. LTD<CHINA, REPUBLICA POPULAR>FABRICANTE) +  (Tecnomyl S.A. - Villeta<PARAGUAI>FABRICANTE);II;III
TC19025;Cletodim Técnico CHDS;cletodim (oxima ciclohexanodiona) (960 g/kg);Herbicida;CHDS do Brasil Comércio de Insumos Agrícolas Ltda - São Miguel do Iguaçu/PR   ; (Shenyang Sciencreat Chemicals Co.,Ltd.<CHINA, REPUBLICA POPULAR>FABRICANTE);PT;III
TC01225;Cletodim Técnico CropChem II;cletodim (oxima ciclohexanodiona) (950 g/kg);Herbicida;Cropchem Ltda - Porto Alegre; (Weifang Cynda Chemical Co., Ltd.<CHINA, REPUBLICA POPULAR>FABRICANTE);PT;III
19818;Cletodim Técnico Cropchem;cletodim (oxima ciclohexanodiona) (980 g/kg);Herbicida;Cropchem Ltda - Porto Alegre; (Weifang Cynda Chemical Co., Ltd.<CHINA, REPUBLICA POPULAR>FABRICANTE);II;III
10109;Cletodim Técnico Milenia;cletodim (oxima ciclohexanodiona) (900 g/kg);Herbicida;Adama Brasil S.A.- Londrina/PR; (Adama Agricultural Solutions Ltd. - Ashdod <ISRAEL>FABRICANTE) +  (Hebei Wanquan Lihua Chemicals Co. Ltd<CHINA, REPUBLICA POPULAR>FABRICANTE);II;III
TC16924;Cletodim Técnico NGC;cletodim (oxima ciclohexanodiona) (950 g/kg);Herbicida;NGC Agrosciences Brasil Ltda - Botucatu/SP; (Hebei Lansheng Biotech Co., Ltd<CHINA, REPUBLICA POPULAR>FABRICANTE);PT;III
23816;Cletodim Técnico Nortox;cletodim (oxima ciclohexanodiona) (980 g/kg);Herbicida;Nortox S.A. - Arapongas; (Shandong Cynda Chemical Co. LTD<CHINA, REPUBLICA POPULAR>FABRICANTE);II;III
TC07124;Cletodim Técnico Nortox II;cletodim (oxima ciclohexanodiona) (970 g/kg);Herbicida;Nortox S.A. - Arapongas; (Jiangsu Sevencontinent Green Chemical Co., Ltd - Unit II<CHINA, REPUBLICA POPULAR>FABRICANTE);PT;III
TC18322;Cletodim Técnico Nortox III;cletodim (oxima ciclohexanodiona) (965 g/kg);Herbicida;Nortox S.A. - Arapongas; (Liaoning Cynda Chemical Co. Ltd.<CHINA, REPUBLICA POPULAR>FABRICANTE);PT;III
TC10523;Cletodim Técnico Nortox V;cletodim (oxima ciclohexanodiona) (980 g/kg);Herbicida;Nortox S.A. - Arapongas; (Weifang Cynda Chemical Co., Ltd.<CHINA, REPUBLICA POPULAR>FABRICANTE);PT;III
TC17522;Cletodim Técnico Ouro Fino;cletodim (oxima ciclohexanodiona) (965 g/kg);Herbicida;Ouro Fino Química S.A. - Uberaba; (Liaoning Cynda Chemical Co. Ltd.<CHINA, REPUBLICA POPULAR>FABRICANTE);PT;III
35219;Cletodim Técnico Proventis;cletodim (oxima ciclohexanodiona) (940 g/kg);Herbicida;Proventis Lifescience Defensivos Agrícolas Ltda;;PT;III
TC14320;Cletodim Técnico Rainbow;cletodim (oxima ciclohexanodiona) (930 g/kg);Herbicida;Rainbow Defensivos Agrícolas Ltda.- Porto Alegre /RS ; (Shandong Weifang Rainbow Chemical Co., Ltd. - Unidade Fabril 01<CHINA, REPUBLICA POPULAR>FABRICANTE) +  (Ningxia Rainbow Chemical Co., Ltd<CHINA, REPUBLICA POPULAR>FABRICANTE);PT;IV
TC18622;Cletodim Técnico SCH;cletodim (oxima ciclohexanodiona) (965 g/kg);Herbicida;Biorisk - Assessoria e Comércio de Produtos Agrícolas Ltda.; (Liaoning Cynda Chemical Co. Ltd.<CHINA, REPUBLICA POPULAR>FABRICANTE);PT;III
TC04123;Cletodim Técnico SH;cletodim (oxima ciclohexanodiona) (960 g/kg);Herbicida;Sinochem Agro do Brasil Ltda. ; (Shenyang Sciencreat Chemicals Co.,Ltd.<CHINA, REPUBLICA POPULAR>FABRICANTE);PT;III
19518;Cletodim Técnico Sumitomo;cletodim (oxima ciclohexanodiona) (980 g/kg);Herbicida;Sumitomo Chemical Brasil Indústria Química S.A. - Maracanaú/CE; (Weifang Cynda Chemical Co., Ltd.<CHINA, REPUBLICA POPULAR>FABRICANTE);II;III
23116;Cletodim Técnico Tecnomyl;cletodim (oxima ciclohexanodiona) (980 g/kg);Herbicida;Tecnomyl Brasil Distribuidora de Produtos Agrícolas Ltda - Foz do Iguaçu; (Shandong Cynda Chemical Co. LTD<CHINA, REPUBLICA POPULAR>FABRICANTE);II;III
TC14326;Cletodim Técnico Tecnomyl II;cletodim (oxima ciclohexanodiona) (965 g/kg);Herbicida;Tecnomyl Brasil Distribuidora de Produtos Agrícolas Ltda - Foz do Iguaçu; (Liaoning Cynda Chemical Co. Ltd.<CHINA, REPUBLICA POPULAR>FABRICANTE);PT;III
23216;Cletodim Técnico UPL;cletodim (oxima ciclohexanodiona) (980 g/kg);Herbicida;UPL do Brasil Indústria e Comércio de Insumos Agropecuários S.A. - Matriz Ituverava/SP ; (Shandong Cynda Chemical Co. LTD<CHINA, REPUBLICA POPULAR>FABRICANTE);II;III
TC00324;Cletodim Técnico YN;cletodim (oxima ciclohexanodiona) (970 g/kg);Herbicida;Longwind Cropscience Brazil Ltda - Porto Alegre/RS; (Jiangsu Yunfan Chemicals Co., Ltd.<CHINA, REPUBLICA POPULAR>FABRICANTE);PT;III
TC03423;Clodinafop Propargyl Técnico Sino-Agri;Clodinafope-Propargil (ácido ariloxifenoxipropiônico) (960 g/kg);Herbicida;Lemma Agronegócios Importação e Exportação Ltda.; (Lier Chemical Co. Ltd.<CHINA, REPUBLICA POPULAR>FABRICANTE);PT;II
1406;Clodinafop-Propargil Técnico;Clodinafope-Propargil (ácido ariloxifenoxipropiônico) (950 g/kg);Herbicida;Syngenta Proteção de Cultivos Ltda.  São Paulo/SP; (Syngenta Crop Protection AG - Monthey<SUÍCA>FABRICANTE) +  (Jiangsu Flag Chemical Industry Co., Ltd.<CHINA, REPUBLICA POPULAR>FABRICANTE);I;II
TC00423;Clodinafop-Propargyl Técnico Lier;Clodinafope-Propargil (ácido ariloxifenoxipropiônico) (960 g/kg);Herbicida;Foison do Brasil Defensivos Agrícolas e Comércio Ltda; (Lier Chemical Co. Ltd.<CHINA, REPUBLICA POPULAR>FABRICANTE);PT;II
TC02423;Clodinafope Técnico CropChem;Clodinafope-Propargil (ácido ariloxifenoxipropiônico) (960 g/kg);Herbicida;Cropchem Ltda - Porto Alegre; (Lier Chemical Co. Ltd.<CHINA, REPUBLICA POPULAR>FABRICANTE);PT;II
22818;Clomazona Ascenza Técnico;clomazona (isoxazolidinona) (980 g/kg);Herbicida;Ascenza Brasil Ltda - Hortolândia/SP;;III;II
TC08421;Clomazona Técnico Oxon;clomazona (isoxazolidinona) (960 g/kg);Herbicida;Oxon Brasil Defensivos Agrícolas Ltda.; (Sipcam Oxon S.P.A. - Mezzana Bigli <ITÁLIA>FABRICANTE);PT;II
TC16222;Clomazona Técnico Rainbow;clomazona (isoxazolidinona) (980 g/kg);Herbicida;Rainbow Defensivos Agrícolas Ltda.- Porto Alegre /RS ; (Shandong Weifang Rainbow Chemical Co., Ltd. - Unidade Fabril 01<CHINA, REPUBLICA POPULAR>FABRICANTE);PT;II
TC06721;Clomazona Técnico SCY-CROPCHEM;clomazona (isoxazolidinona) (970 g/kg);Herbicida;Cropchem Ltda - Porto Alegre; (Shandong Cynda Chemical Co. LTD<CHINA, REPUBLICA POPULAR>FABRICANTE);PT;II
20318;Clomazone JB Técnico FMC;clomazona (isoxazolidinona) (900 g/kg);Herbicida;FMC Química do Brasil Ltda. - Campinas/SP; (Jiangsu Baozong & Baoda - Changjiang Town<CHINA, REPUBLICA POPULAR>FABRICANTE);III;II
1514;Clomazone Tecnico CCAB;clomazona (isoxazolidinona) (900 g/kg);Herbicida;CCAB Agro S.A.   São Paulo; (Shandong Cynda Chemical Co. LTD<CHINA, REPUBLICA POPULAR>FABRICANTE);III;II
15319;Clomazone Técnico Adama;clomazona (isoxazolidinona) (973 g/kg);Herbicida;Adama Brasil S.A.- Londrina/PR; (Jiangsu Changqing Agrochemical Co., Ltd - Yangzhou<CHINA, REPUBLICA POPULAR>FABRICANTE);III;II
TC30025;Clomazone Técnico Albaugh;clomazona (isoxazolidinona) (970 g/kg);Herbicida;Albaugh Agro Brasil Ltda.- São Paulo; (Weifang Cynda Chemical Co., Ltd.<CHINA, REPUBLICA POPULAR>FABRICANTE);PT;II
TC29825;Clomazone Técnico Alta;clomazona (isoxazolidinona) (970 g/kg);Herbicida;ALTA - America Latina Tecnologia Agrícola Ltda.- Curitiba; (Weifang Cynda Chemical Co., Ltd.<CHINA, REPUBLICA POPULAR>FABRICANTE);PT;II
TC28625;Clomazone Técnico Brilliance;clomazona (isoxazolidinona) (930 g/kg);Herbicida;Brilliance Produtos Agrícolas Ltda;;PT;II
TC30225;Clomazone Técnico Brilliance II;clomazona (isoxazolidinona) (970 g/kg);Herbicida;Brilliance Produtos Agrícolas Ltda; (Weifang Cynda Chemical Co., Ltd.<CHINA, REPUBLICA POPULAR>FABRICANTE);PT;II
39618;Clomazone Técnico CQ-Cropchem;clomazona (isoxazolidinona) (973 g/kg);Herbicida;Cropchem Ltda - Porto Alegre; (Jiangsu Changqing Agrochemical Co., Ltd - Yangzhou<CHINA, REPUBLICA POPULAR>FABRICANTE);III;II
39318;Clomazone Técnico CT;clomazona (isoxazolidinona) (973 g/kg);Herbicida;Changqing do Brasil Produtos Agrícolas Ltda;;III;II
9408;Clomazone Técnico Cheminova;clomazona (isoxazolidinona) (980 g/kg);Herbicida;FMC Química do Brasil Ltda. - Campinas/SP; (Anhui Fengle Agrochemical Co. Ltd<CHINA, REPUBLICA POPULAR>FABRICANTE);III;II
1907;Clomazone Técnico FMC;clomazona (isoxazolidinona) (900 g/kg);Herbicida;FMC Química do Brasil Ltda. - Campinas/SP; (Zhejiang Lianhe Chemical Technology Co. LTD - Huangyan<CHINA, REPUBLICA POPULAR>FABRICANTE) +  (Jiangsu Lianhe Chemical Technology Co., Ltd<CHINA, REPUBLICA POPULAR>FABRICANTE);III;II
2814;Clomazone Técnico GAT;clomazona (isoxazolidinona) (960 g/kg);Herbicida;FMC Química do Brasil Ltda. - Campinas/SP; (Shandong Cynda Chemical Co. LTD<CHINA, REPUBLICA POPULAR>FABRICANTE);III;II
TC30925;Clomazone Técnico Mil;clomazona (isoxazolidinona) (970 g/kg);Herbicida;Adama Brasil S.A.- Londrina/PR; (Weifang Cynda Chemical Co., Ltd.<CHINA, REPUBLICA POPULAR>FABRICANTE);PT;II
TC09326;Clomazone Técnico Mil 2;clomazona (isoxazolidinona) (930 g/kg);Herbicida;Adama Brasil S.A.- Londrina/PR; (Adama Brasil S.A.- Londrina/PR<BRASIL>FABRICANTE);PT;II
4407;Clomazone Técnico Milenia;clomazona (isoxazolidinona) (900 g/kg);Herbicida;Adama Brasil S.A.- Londrina/PR; (Adama Agricultural Solutions Ltd. - Ashdod <ISRAEL>FABRICANTE);III;III
6514;Clomazone Técnico Nortox;clomazona (isoxazolidinona) (950 g/kg);Herbicida;Nortox S.A. - Arapongas; (Shandong Cynda Chemical Co. LTD<CHINA, REPUBLICA POPULAR>FABRICANTE);III;II
39518;Clomazone Técnico Nortox BR;clomazona (isoxazolidinona) (973 g/kg);Herbicida;Nortox S.A. - Arapongas; (Jiangsu Changging Agrochemical Co. Ltd.- Jiangdu<CHINA, REPUBLICA POPULAR>FABRICANTE);III;II
TC31625;Clomazone Técnico Nortox III;clomazona (isoxazolidinona) (970 g/kg);Herbicida;Nortox S.A. - Arapongas; (Weifang Cynda Chemical Co., Ltd.<CHINA, REPUBLICA POPULAR>FABRICANTE);PT;II
TC32325;Clomazone Técnico Nortox IV;clomazona (isoxazolidinona) (930 g/kg);Herbicida;Nortox S.A. - Arapongas; (Liaoning Cynda Chemical Co. Ltd.<CHINA, REPUBLICA POPULAR>FABRICANTE);PT;II
3614;Clomazone Técnico Ouro Fino;clomazona (isoxazolidinona) (920 g/kg);Herbicida;Ouro Fino Química S.A. - Uberaba;;III;II
0614;Clomazone Técnico Oxon;clomazona (isoxazolidinona) (960 g/kg);Herbicida;Oxon Brasil Defensivos Agrícolas Ltda.; (Shandong Cynda Chemical Co. LTD<CHINA, REPUBLICA POPULAR>FABRICANTE) +  (Weifang Cynda Chemical Co., Ltd.<CHINA, REPUBLICA POPULAR>FABRICANTE);III;II
39218;Clomazone Técnico Oxon II ;clomazona (isoxazolidinona) (973 g/kg);Herbicida;Oxon Brasil Defensivos Agrícolas Ltda.; (Jiangsu Changging Agrochemical Co. Ltd.- Jiangdu<CHINA, REPUBLICA POPULAR>FABRICANTE);III;II
TC31825;Clomazone Técnico Oxon III;clomazona (isoxazolidinona) (970 g/kg);Herbicida;Oxon Brasil Defensivos Agrícolas Ltda.; (Weifang Cynda Chemical Co., Ltd.<CHINA, REPUBLICA POPULAR>FABRICANTE);PT;II
TC31725;Clomazone Técnico Pilarquim;clomazona (isoxazolidinona) (970 g/kg);Herbicida;Pilarquim Br Comercial Ltda.- São Paulo; (Weifang Cynda Chemical Co., Ltd.<CHINA, REPUBLICA POPULAR>FABRICANTE);PT;II
TC29425;Clomazone Técnico SD;clomazona (isoxazolidinona) (970 g/kg);Herbicida;Sharda do Brasil Comércio de Produtos Químicos e Agroquímicos LTDA; (Weifang Cynda Chemical Co., Ltd.<CHINA, REPUBLICA POPULAR>FABRICANTE);PT;II
1816;Clomazone Técnico Sinon;clomazona (isoxazolidinona) (950 g/kg);Herbicida;Sinon do Brasil Ltda. - Porto Alegre /RS.; (Sinon Corporation - Taichuan<TAIWAN (ILHA FORMOSA)>FABRICANTE) +  (Sinon Chemical CO., LTD. Fengxian/Shanghai<CHINA, REPUBLICA POPULAR>FABRICANTE);III;II
16619;Clomazone Técnico Sumitomo;clomazona (isoxazolidinona) (973 g/kg);Herbicida;Sumitomo Chemical Brasil Indústria Química S.A. - Maracanaú/CE; (Jiangsu Changqing Agrochemical Co., Ltd - Yangzhou<CHINA, REPUBLICA POPULAR>FABRICANTE);III;II
5014;Clomazone Técnico Tecnomyl;clomazona (isoxazolidinona) (956.8 g/kg);Herbicida;Tecnomyl Brasil Distribuidora de Produtos Agrícolas Ltda - Foz do Iguaçu; (Shandong Cynda Chemical Co. LTD<CHINA, REPUBLICA POPULAR>FABRICANTE) +  (Weifang Cynda Chemical Co., Ltd.<CHINA, REPUBLICA POPULAR>FABRICANTE);III;III
12611;Clomazone Técnico UPL;clomazona (isoxazolidinona) (950 g/kg);Herbicida;UPL do Brasil Indústria e Comércio de Insumos Agropecuários S.A. - Matriz Ituverava/SP ; (UPL Limited - Jhagadia<ÍNDIA>FABRICANTE);III;II
TC10526;Clomazone Técnico WW;clomazona (isoxazolidinona) (980 g/kg);Herbicida;Willowood Agriscience Representação Comercial Ltda  Campinas/SP; (Weifang Cynda Chemical Co., Ltd.<CHINA, REPUBLICA POPULAR>FABRICANTE);PT;II
TC25825;Clomazone Técnico ZS;clomazona (isoxazolidinona) (970 g/kg);Herbicida;Zhongshan Química do Brasil - Sorocaba/SP; (Xiangshui Zhongshan Bioscience Co. Ltd<CHINA, REPUBLICA POPULAR>FABRICANTE);PT;II
20119;Cloransulam Metil Técnico;cloransulam-metílico (sulfonanilida triazolopirimidina) (950 g/kg);Herbicida;CTVA Proteção de Cultivos Ltda - Barueri (Tamboré); (Corteva Agriscience LLC - Midland - Michigan<ESTADOS UNIDOS>FABRICANTE) +  (Deccan Fine Chemicals (India) Limited - Andhra Pradesh<ÍNDIA>FABRICANTE);III;III
TC07526;Clorantraniliprole FC Técnico Perterra;clorantraniliprole (antranilamida) (970 g/kg);Inseticida;Perterra Insumos Agropecuários S.A.  São Paulo/SP; (Huaian Glory Chemical Co., Ltd.<CHINA, REPUBLICA POPULAR>FABRICANTE);PT;II
TC09126;Clorantraniliprole Técnico Adama;clorantraniliprole (antranilamida) (970 g/kg);Inseticida;Adama Brasil S.A.- Londrina/PR; (Max (Rudong) Chemicals Co., Ltd.<CHINA, REPUBLICA POPULAR>FABRICANTE);PT;II
TC09226;Clorantraniliprole Técnico Adama 4;clorantraniliprole (antranilamida) (960 g/kg);Inseticida;Adama Brasil S.A.- Londrina/PR; (Zhejiang Avilive Chemical Co., Ltd<CHINA, REPUBLICA POPULAR>FABRICANTE);PT;II
TC03826;Clorantraniliprole Técnico Agrow Allied;clorantraniliprole (antranilamida) (970 g/kg);Inseticida;AllierBrasil Agro Ltda.; (Agrow Allied Ventures Pvt.Ltd.<ÍNDIA>FABRICANTE);PT;II
TC13526;Clorantraniliprole Técnico CT;clorantraniliprole (antranilamida) (970 g/kg);Inseticida;Yonon Brasil Defensivos Agricolas Ltda; (Yongnong Biosciences Co., Ltd.<CHINA, REPUBLICA POPULAR>FABRICANTE);PT;II
TC12526;Clorantraniliprole Técnico CX;clorantraniliprole (antranilamida) (960 g/kg);Inseticida;Zhongshan Química do Brasil - Sorocaba/SP; (Inner Mongolia Zhonggao Chemical Co., Ltd.<CHINA, REPUBLICA POPULAR>FABRICANTE);PT;II
TC03526;Clorantraniliprole Técnico Cropchem VI;clorantraniliprole (antranilamida) (970 g/kg);Inseticida;Cropchem Ltda - Porto Alegre; (Inner Mongolia Yongtai Chemical Co., Ltd<CHINA, REPUBLICA POPULAR>FABRICANTE);PT;II
TC00825;Clorantraniliprole Técnico Nortox;clorantraniliprole (antranilamida) (970 g/kg);Inseticida;Nortox S.A. - Arapongas; (Nortox S.A. - Arapongas<BRASIL>FABRICANTE);PT;II
TC17225;Clorantraniliprole Técnico Rainbow;clorantraniliprole (antranilamida) (970 g/kg);Inseticida;Rainbow Defensivos Agrícolas Ltda.- Porto Alegre /RS ; (Shandong Weifang Rainbow Chemical Co., Ltd. - Unidade Fabril 01<CHINA, REPUBLICA POPULAR>FABRICANTE);PT;II
TC05126;Clorantraniliprole Técnico SAU;clorantraniliprole (antranilamida) (965 g/kg);Inseticida;Biorisk - Assessoria e Comércio de Produtos Agrícolas Ltda.; (Shandong United Pesticide Industry Co., Ltd.<CHINA, REPUBLICA POPULAR>FABRICANTE);PT;II
TC15424;Clorantraniliprole Técnico Sumitomo;clorantraniliprole (antranilamida) (950 g/kg);Inseticida;Sumitomo Chemical Brasil Indústria Química S.A. - Maracanaú/CE; (Guangan Lier Chemical Co., Ltd.<CHINA, REPUBLICA POPULAR>FABRICANTE);PT;II
TC07226;Clorantraniliprole Técnico Tecnomyl;clorantraniliprole (antranilamida) (960 g/kg);Inseticida;Tecnomyl Brasil Distribuidora de Produtos Agrícolas Ltda - Foz do Iguaçu; (Zhejiang Avilive Chemical Co., Ltd<CHINA, REPUBLICA POPULAR>FABRICANTE);PT;II
TC14024;Clorantraniliprole Técnico UPL;clorantraniliprole (antranilamida) (965 g/kg);Inseticida;UPL do Brasil Indústria e Comércio de Insumos Agropecuários S.A. - Matriz Ituverava/SP ; (UPL Limited- Gujarat<ÍNDIA>FABRICANTE);PT;II
00201;Cloreto de Benzalcônio Técnico;cloreto de benzalcônio (amônio quaternário) (500 g/kg);Bactericida/Fungicida;BR3 Tecnologia e Indústria Química e Farmacêutica Ltda; (Herga Indústrias Químicas Ltda.<BRASIL>FABRICANTE) +  (BR3 Tecnologia e Indústria Química e Farmacêutica Ltda<BRASIL>FABRICANTE);I;II
TC18924;Cloreto de Clormequate Técnico Ihara;Cloreto de clormequate (amônio quaternário) (980 g/kg);Regulador de Crescimento;Iharabras S.A. Indústria Químicas - Sorocaba; (Jiangsu Agrochem Laboratory Co., Ltd - Changzhou <CHINA, REPUBLICA POPULAR>FABRICANTE) +  (Hebi Quanfeng Biological Technology Co., Ltd<CHINA, REPUBLICA POPULAR>FABRICANTE);PT;III
TC25325;Cloreto de Clormequate Técnico Rainbow;Cloreto de clormequate (amônio quaternário) (980 g/kg);Regulador de Crescimento;Rainbow Defensivos Agrícolas Ltda.- Porto Alegre /RS ; (Shandong Weifang Rainbow Chemical Co., Ltd. - Unidade Fabril 01<CHINA, REPUBLICA POPULAR>FABRICANTE);PT;III
2293;Cloreto de Mepiquat Técnico;Cloreto de Mepiquate (amônio quaternário) (440 g/kg);Regulador de Crescimento;Basf Agricultural Solutions Brasil Ltda  São Paulo/SP; (Basf S.A.  Guaratinguetá<BRASIL>FABRICANTE) +  (BASF SE  - Ludwigshafen<ALEMANHA>FABRICANTE);III;III
42618;Cloreto de Mepiquate Técnico CCAB;Cloreto de Mepiquate (amônio quaternário) (990 g/kg);Regulador de Crescimento;CCAB Agro S.A.   São Paulo; (Nantong Jinling Agrochemical - Rudong<CHINA, REPUBLICA POPULAR>FABRICANTE);III;III
12209;Cloreto de Mepiquate Técnico Consagro;Cloreto de Mepiquate (amônio quaternário) (960 g/kg);Regulador de Crescimento;Albaugh Agro Brasil Ltda.- São Paulo;;III;III
2914;Cloreto de Mepiquate Técnico Luxembourg;Cloreto de Mepiquate (amônio quaternário) (970 g/kg);Regulador de Crescimento;Luxembourg Brasil Comércio de Produtos Químicos Ltda; (Luxembourg Industries Ltd<ISRAEL>FABRICANTE);III;III
TC15924;Cloreto de Mepiquate Técnico Proventis;Cloreto de Mepiquate (amônio quaternário) (990 g/kg);Regulador de Crescimento;Proventis Lifescience Defensivos Agrícolas Ltda; (Nantong Jinling Agrochemical - Rudong<CHINA, REPUBLICA POPULAR>FABRICANTE);III;III
TC11026;Clorfenapir Ascenza Técnico;clorfenapir (análogo de pirazol) (980 g/kg);Acaricida/Inseticida;Ascenza Brasil Ltda - Hortolândia/SP; (Qingdao Hengning Biotechnology Co., Ltd.<CHINA, REPUBLICA POPULAR>FABRICANTE) +  (Yongnong Biosciences Co., Ltd.<CHINA, REPUBLICA POPULAR>FABRICANTE);PT;II
TC27225;Clorfenapir Técnico Ada;clorfenapir (análogo de pirazol) (980 g/kg);Acaricida/Inseticida;Adama Brasil S.A.- Londrina/PR; (Shandong United Pesticide Industry Co., Ltd.<CHINA, REPUBLICA POPULAR>FABRICANTE);PT;II
TC17026;Clorfenapir Técnico Adama 3;clorfenapir (análogo de pirazol) (980 g/kg);Acaricida/Inseticida;Adama Brasil S.A.- Londrina/PR; (Qingdao Hengning Biotechnology Co., Ltd.<CHINA, REPUBLICA POPULAR>FABRICANTE);PT;II
TC10225;Clorfenapir Técnico Adama 4;clorfenapir (análogo de pirazol) (980 g/kg);Acaricida/Inseticida;Adama Brasil S.A.- Londrina/PR; (Yongnong Biosciences Co., Ltd.<CHINA, REPUBLICA POPULAR>FABRICANTE);PT;II
TC26425;Clorfenapir Técnico Agrolead;clorfenapir (análogo de pirazol) (980 g/kg);Acaricida/Inseticida;Agro-Lead Brasil Assessoria em Produtos Agrícolas Ltda - EPP; (Shandong United Pesticide Industry Co., Ltd.<CHINA, REPUBLICA POPULAR>FABRICANTE);PT;II
27819;Clorfenapir Técnico CCAB;clorfenapir (análogo de pirazol) (980 g/kg);Acaricida/Inseticida;CCAB Agro S.A.   São Paulo; (Yongnong Biosciences Co., Ltd.<CHINA, REPUBLICA POPULAR>FABRICANTE);II;II
TC27425;Clorfenapir Técnico CropChem III;clorfenapir (análogo de pirazol) (980 g/kg);Acaricida/Inseticida;Cropchem Ltda - Porto Alegre; (Shandong United Pesticide Industry Co., Ltd.<CHINA, REPUBLICA POPULAR>FABRICANTE);PT;II
33419;Clorfenapir Técnico Cropchem;clorfenapir (análogo de pirazol) (980 g/kg);Inseticida;Cropchem Ltda - Porto Alegre; (Shandong Weifang Shuangxing Pesticide Co. Ltd.<CHINA, REPUBLICA POPULAR>FABRICANTE) +  (Yongnong Biosciences Co., Ltd.<CHINA, REPUBLICA POPULAR>FABRICANTE) +  (Shandong Xinlong Agrochem Co., Ltd.<CHINA, REPUBLICA POPULAR>FABRICANTE);II;II
TC29025;Clorfenapir Técnico Cropchem II;clorfenapir (análogo de pirazol) (980 g/kg);Acaricida/Inseticida;Cropchem Ltda - Porto Alegre; (Shijiazhuang Richem Co., Ltd - Zhaoxian<CHINA, REPUBLICA POPULAR>FABRICANTE);PT;II
TC17626;Clorfenapir Técnico JLK;clorfenapir (análogo de pirazol) (980 g/kg);Acaricida/Inseticida;Solagro Soluções Agrícolas Ltda - São Paulo/SP; (Shandong Xinlong Agrochem Co., Ltd.<CHINA, REPUBLICA POPULAR>FABRICANTE);PT;II
28019;Clorfenapir Técnico Nortox;clorfenapir (análogo de pirazol) (980 g/kg);Acaricida/Inseticida;Nortox S.A. - Arapongas;;II;II
TC28225;Clorfenapir Técnico Nortox II;clorfenapir (análogo de pirazol) (980 g/kg);Acaricida/Inseticida;Nortox S.A. - Arapongas; (Ningbo Sunjoy Agroscience Co., Ltd.<CHINA, REPUBLICA POPULAR>FABRICANTE);PT;II
TC24225;Clorfenapir Técnico Nortox III;clorfenapir (análogo de pirazol) (980 g/kg);Acaricida/Inseticida;Nortox S.A. - Arapongas; (Ningbo Sunjoy Agroscience Co., Ltd.<CHINA, REPUBLICA POPULAR>FABRICANTE);PT;II
TC16926;Clorfenapir Técnico OF;clorfenapir (análogo de pirazol) (980 g/kg);Acaricida/Inseticida;Ouro Fino Química S.A. - Uberaba; (Qingdao Hengning Biotechnology Co., Ltd.<CHINA, REPUBLICA POPULAR>FABRICANTE);PT;II
TC28925;Clorfenapir Técnico Ouro Fino;clorfenapir (análogo de pirazol) (980 g/kg);Acaricida/Inseticida;Ouro Fino Química S.A. - Uberaba; (Shijiazhuang Richem Co., Ltd - Zhaoxian<CHINA, REPUBLICA POPULAR>FABRICANTE);PT;II
TC11424;Clorfenapir Técnico Rainbow;clorfenapir (análogo de pirazol) (980 g/kg);Acaricida/Inseticida;Rainbow Defensivos Agrícolas Ltda.- Porto Alegre /RS ; (Shandong Weifang Rainbow Chemical Co., Ltd. - Unidade Fabril 01<CHINA, REPUBLICA POPULAR>FABRICANTE);PT;II
TC26725;Clorfenapir Técnico Stockton;clorfenapir (análogo de pirazol) (980 g/kg);Acaricida/Inseticida;Globachem Proteção de Cultivos do Brasil Ltda. - Campinas/SP; (Shandong United Pesticide Industry Co., Ltd.<CHINA, REPUBLICA POPULAR>FABRICANTE);PT;II
33219;Clorfenapir Técnico Tecnomyl;clorfenapir (análogo de pirazol) (980 g/kg);Acaricida/Inseticida;Tecnomyl Brasil Distribuidora de Produtos Agrícolas Ltda - Foz do Iguaçu; (Shandong Weifang Shuangxing Pesticide Co. Ltd.<CHINA, REPUBLICA POPULAR>FABRICANTE);II;II
TC17126;Clorfenapir Técnico Tecnomyl II;clorfenapir (análogo de pirazol) (980 g/kg);Acaricida/Inseticida;Tecnomyl Brasil Distribuidora de Produtos Agrícolas Ltda - Foz do Iguaçu; (Qingdao Hengning Biotechnology Co., Ltd.<CHINA, REPUBLICA POPULAR>FABRICANTE);PT;II
TC28525;Clorfenapir Técnico Tecnomyl III;clorfenapir (análogo de pirazol) (980 g/kg);Acaricida/Inseticida;Tecnomyl Brasil Distribuidora de Produtos Agrícolas Ltda - Foz do Iguaçu; (Shijiazhuang Richem Co., Ltd - Zhaoxian<CHINA, REPUBLICA POPULAR>FABRICANTE);PT;II
TC11224;Clorfenapir Técnico UPL;clorfenapir (análogo de pirazol) (980 g/kg);Acaricida/Inseticida;UPL do Brasil Indústria e Comércio de Insumos Agropecuários S.A. - Matriz Ituverava/SP ; (Shijiazhuang Richem Co., LTD<CHINA, REPUBLICA POPULAR>FABRICANTE) +  (UPL Limited - Jhagadia<ÍNDIA>FABRICANTE);PT;II
TC02826;Clorfenapir Técnico UPL BR;clorfenapir (análogo de pirazol) (980 g/kg);Acaricida/Inseticida;UPL do Brasil Indústria e Comércio de Insumos Agropecuários S.A. - Matriz Ituverava/SP ; (Qingdao Hengning Biotechnology Co., Ltd.<CHINA, REPUBLICA POPULAR>FABRICANTE);PT;II
TC17526;Clorfenapir Técnico Xinlong;clorfenapir (análogo de pirazol) (980 g/kg);Acaricida/Inseticida;Solagro Soluções Agrícolas Ltda - São Paulo/SP; (Shandong Xinlong Agrochem Co., Ltd.<CHINA, REPUBLICA POPULAR>FABRICANTE);PT;II
13517;Cloridrato de Propamocarbe Tradecorp Tecnico;Cloridrato de propamocarbe (carbamato) (930 g/kg);Fungicida;Ascenza Brasil Ltda - Hortolândia/SP; (Shaanxi Hengtian Chemical Co. Ltd -  Weinan<CHINA, REPUBLICA POPULAR>FABRICANTE) +  (Shandong United Pesticide Industry Co., Ltd.<CHINA, REPUBLICA POPULAR>FABRICANTE);III;III
TC03525;Cloridrato de Propamocarbe Técnico SAU;Cloridrato de propamocarbe (carbamato) (975 g/kg);Fungicida;Biorisk - Assessoria e Comércio de Produtos Agrícolas Ltda.; (Shandong United Pesticide Industry Co., Ltd.<CHINA, REPUBLICA POPULAR>FABRICANTE);PT;III
34619;Clorimurom Técnico Sinon II;clorimurom-etílico (sulfoniluréia) (970 g/kg);Herbicida;Sinon do Brasil Ltda. - Porto Alegre /RS.;;III;III
8614;Clorimuron Etil Técnico Tide;clorimurom-etílico (sulfoniluréia) (950 g/kg);Herbicida;Tide do Brasil Ltda - Porto Alegre/RS; (Jiangsu Institute of Economes<CHINA, REPUBLICA POPULAR>FABRICANTE);III;III
6703;Clorimuron Técnico Cropchem;clorimurom-etílico (sulfoniluréia) (950 g/kg);Herbicida;Cropchem Ltda - Porto Alegre; (Jiangsu Changlong Chemicals Co., Ltd<CHINA, REPUBLICA POPULAR>FABRICANTE) +  (Shenyang Sciencreat Chemicals Co.,Ltd.<CHINA, REPUBLICA POPULAR>FABRICANTE);III;III
30919;Clorimuron Técnico Nortox;clorimurom-etílico (sulfoniluréia) (970 g/kg);Herbicida;Nortox S.A. - Arapongas; (Jiangsu Repont Pesticide Factory - Jintan<CHINA, REPUBLICA POPULAR>FABRICANTE);III;III
6206;Clorimuron Técnico UPL;clorimurom-etílico (sulfoniluréia) (950 g/kg);Herbicida;UPL do Brasil Indústria e Comércio de Insumos Agropecuários S.A. - Matriz Ituverava/SP ; (Jiangsu Changlong Chemicals Co., Ltd<CHINA, REPUBLICA POPULAR>FABRICANTE) +  (Shenyang Sciencreat Chemicals Co.,Ltd.<CHINA, REPUBLICA POPULAR>FABRICANTE) +  (Changzhou Ruiping Chemical Co.Ltd. (ex-Wishchem Co., Ltd)<CHINA, REPUBLICA POPULAR>FABRICANTE);III;III
11414;Clorimuron-Etil Tecnico Rainbow;clorimurom-etílico (sulfoniluréia) (950 g/kg);Herbicida;Rainbow Defensivos Agrícolas Ltda.- Porto Alegre /RS ; (Jiangsu Institute of Economes<CHINA, REPUBLICA POPULAR>FABRICANTE);III;III
11114;Clorimuron-Etil Técnico Agroimport;clorimurom-etílico (sulfoniluréia) (970 g/kg);Herbicida;Agro Import do Brasil Ltda. - Porto Alegre/RS; (Jiangsu Institute of Economes<CHINA, REPUBLICA POPULAR>FABRICANTE);III;III
05800;Clorimuron-Etil Técnico LDA;clorimurom-etílico (sulfoniluréia) (950 g/kg);Herbicida;Adama Brasil S.A.- Londrina/PR; (Adama Brasil S.A.- Londrina/PR<BRASIL>FABRICANTE) +  (Agrofina S.A.<ARGENTINA>FABRICANTE);III;III
TC13124;Clorotalonil Tech CX;clorotalonil (isoftalonitrila) (985 g/kg);Fungicida;Zhongshan Química do Brasil - Sorocaba/SP; (Anhui Zhongshan Chemical Industry Co. Ltd.<CHINA, REPUBLICA POPULAR>FABRICANTE);PT;II
25516;Clorotalonil Tecnico CN;clorotalonil (isoftalonitrila) (985 g/kg);Fungicida;Iharabras S.A. Indústria Químicas - Sorocaba; (Jiangsu Xinhe Agrochemical Co, Ltd. - Planta 2<CHINA, REPUBLICA POPULAR>FABRICANTE) +  (Jiangsu Weunute Fine Chemical Co., Ltd.<CHINA, REPUBLICA POPULAR>FABRICANTE) +  (Jiangsu Agrochem Laboratory Co., Ltd - Changzhou <CHINA, REPUBLICA POPULAR>FABRICANTE);I;II
40319;Clorotalonil Tecnico Denong;clorotalonil (isoftalonitrila) (985 g/kg);Fungicida;Biorisk - Assessoria e Comércio de Produtos Agrícolas Ltda.; (Jiangsu Weunite Fine Chemical Co., Ltd.<CHINA, REPUBLICA POPULAR>FABRICANTE);PT;II
9317;Clorotalonil Tecnico Rainbow;clorotalonil (isoftalonitrila) (985 g/kg);Fungicida;Rainbow Defensivos Agrícolas Ltda.- Porto Alegre /RS ; (Shandong Weifang Rainbow Chemical Co., Ltd. - Unidade Fabril 01<CHINA, REPUBLICA POPULAR>FABRICANTE);I;II
898898;Clorotalonil Técnico ;clorotalonil (isoftalonitrila) (960 g/kg);Fungicida;Syngenta Proteção de Cultivos Ltda.  São Paulo/SP; (GB Biosciences Corporation- Houston <ESTADOS UNIDOS>FABRICANTE) +  (Jiangsu Xinhe Agrochemical Co, Ltd. - Planta 2<CHINA, REPUBLICA POPULAR>FABRICANTE) +  (Jiangsu Xinhe Agrochemical Co, Ltd. - Planta 2<CHINA, REPUBLICA POPULAR>FABRICANTE) +  (Jiangsu Xinhe Agrochemical Co, Ltd. - Planta 1<CHINA, REPUBLICA POPULAR>FABRICANTE);III;II
TC10121;Clorotalonil Técnico  Tecnomyl;clorotalonil (isoftalonitrila) (985 g/kg);Fungicida;Tecnomyl Brasil Distribuidora de Produtos Agrícolas Ltda - Foz do Iguaçu; (Jiangsu Xinhe Agrochemical Co, Ltd. - Planta 1<CHINA, REPUBLICA POPULAR>FABRICANTE);PT;II
24716;Clorotalonil Técnico ALS;clorotalonil (isoftalonitrila) (985 g/kg);Fungicida;UPL do Brasil Indústria e Comércio de Insumos Agropecuários S.A. - Matriz Ituverava/SP ; (Jiangsu Xinhe Agrochemical Co, Ltd. - Planta 1<CHINA, REPUBLICA POPULAR>FABRICANTE);I;II
9217;Clorotalonil Técnico Adama;clorotalonil (isoftalonitrila) (985 g/kg);Fungicida;Adama Brasil S.A.- Londrina/PR; (Shandong Weifang Rainbow Chemical Co., Ltd. - Unidade Fabril 03<CHINA, REPUBLICA POPULAR>FABRICANTE);I;II
24516;Clorotalonil Técnico Adama BR;clorotalonil (isoftalonitrila) (985 g/kg);Fungicida;Adama Brasil S.A.- Londrina/PR; (Jiangsu Xinhe Agrochemical Co, Ltd. - Planta 2<CHINA, REPUBLICA POPULAR>FABRICANTE) +  (Jiangsu Xinhe Agrochemical Co, Ltd. - Planta 1<CHINA, REPUBLICA POPULAR>FABRICANTE) +  (Shandong Dacheng Agrochem Co., Ltd <CHINA, REPUBLICA POPULAR>FABRICANTE);I;II
11019;Clorotalonil Técnico Adama Brasil;clorotalonil (isoftalonitrila) (985 g/kg);Fungicida;Adama Brasil S.A.- Londrina/PR; (Jiangsu Weunite Fine Chemical Co., Ltd.<CHINA, REPUBLICA POPULAR>FABRICANTE);I;II
24116;Clorotalonil Técnico Agrisor;clorotalonil (isoftalonitrila) (985 g/kg);Fungicida;CAC Quimica do Brasil Ltda; (Jiangsu Xinhe Agrochemical Co, Ltd. - Planta 1<CHINA, REPUBLICA POPULAR>FABRICANTE) +  (Jiangsu Xinhe Agrochemical Co, Ltd. - Planta 2<CHINA, REPUBLICA POPULAR>FABRICANTE);I;II
32618;Clorotalonil Técnico Alta ;clorotalonil (isoftalonitrila) (985 g/kg);Fungicida;ALTA - America Latina Tecnologia Agrícola Ltda.- Curitiba;;I;II
24819;Clorotalonil Técnico Cropchem;clorotalonil (isoftalonitrila) (980 g/kg);Fungicida;Cropchem Ltda - Porto Alegre;;I;II
TC01725;Clorotalonil Técnico Crystal;clorotalonil (isoftalonitrila) (985 g/kg);Fungicida;Crystal Agro Ltda; (Ningxia Wynca Technology Co., Ltd.<CHINA, REPUBLICA POPULAR>FABRICANTE);PT;II
11119;Clorotalonil Técnico Fersol;clorotalonil (isoftalonitrila) (985 g/kg);Fungicida;Ameribrás Indústria e Comércio Ltda.; (Jiangsu Weunite Fine Chemical Co., Ltd.<CHINA, REPUBLICA POPULAR>FABRICANTE);I;II
TC00320;Clorotalonil Técnico Gilmore;clorotalonil (isoftalonitrila) (985 g/kg);Fungicida;Gilmore Agro do Brasil Ltda - ME ; (Jiangsu Weunite Fine Chemical Co., Ltd.<CHINA, REPUBLICA POPULAR>FABRICANTE);PT;II
4799;Clorotalonil Técnico Milenia;clorotalonil (isoftalonitrila) (960 g/kg);Fungicida;Adama Brasil S.A.- Londrina/PR; (Adama Agricultural Solutions Ltd. - Beer Sheva<ISRAEL>FABRICANTE) +  (Adama Brasil S.A.- Londrina/PR<BRASIL>FABRICANTE) +  (Adama Brasil S.A. - Taquari<BRASIL>FABRICANTE) +  (Jiangsu Weunite Fine Chemical Co., Ltd.<CHINA, REPUBLICA POPULAR>FABRICANTE);III;I
13117;Clorotalonil Técnico NGC;clorotalonil (isoftalonitrila) (985.1 g/kg);Fungicida;NGC Agrosciences Brasil Ltda - Botucatu/SP; (Jiangsu Weunite Fine Chemical Co., Ltd.<CHINA, REPUBLICA POPULAR>FABRICANTE);I;II
10817;Clorotalonil Técnico Nortox;clorotalonil (isoftalonitrila) (985 g/kg);Fungicida;Nortox S.A. - Arapongas; (Jiangsu Weunite Fine Chemical Co., Ltd.<CHINA, REPUBLICA POPULAR>FABRICANTE);I;II
10717;Clorotalonil Técnico Nortox II;clorotalonil (isoftalonitrila) (985 g/kg);Fungicida;Nortox S.A. - Arapongas; (Jiangsu Xinhe Agrochemical Co, Ltd. - Planta 1<CHINA, REPUBLICA POPULAR>FABRICANTE) +  (Jiangsu Xinhe Agrochemical Co, Ltd. - Planta 2<CHINA, REPUBLICA POPULAR>FABRICANTE) +  (Ningxia Wynca Technology Co., Ltd.<CHINA, REPUBLICA POPULAR>FABRICANTE);I;II
24016;Clorotalonil Técnico OF;clorotalonil (isoftalonitrila) (985 g/kg);Fungicida;Ouro Fino Química S.A. - Uberaba; (Jiangsu Xinhe Agrochemical Co, Ltd. - Planta 1<CHINA, REPUBLICA POPULAR>FABRICANTE);I;II
23716;Clorotalonil Técnico Ouro Fino;clorotalonil (isoftalonitrila) (985 g/kg);Fungicida;Ouro Fino Química S.A. - Uberaba; (Jiangsu Weunite Fine Chemical Co., Ltd.<CHINA, REPUBLICA POPULAR>FABRICANTE);I;II
11207;Clorotalonil Técnico Oxon;clorotalonil (isoftalonitrila) (980 g/kg);Fungicida;Oxon Brasil Defensivos Agrícolas Ltda.;;I;II
TC12225;Clorotalonil Técnico Oxon II;clorotalonil (isoftalonitrila) (985 g/kg);Fungicida;Oxon Brasil Defensivos Agrícolas Ltda.; (Jiangyin Suli Chemical Co. Ltd. - Jiangsu<CHINA, REPUBLICA POPULAR>FABRICANTE);PT;II
TC02125;Clorotalonil Técnico Perterra;Aminopiralide (ácido piridiniloxialcanóico) (985 g/kg);Fungicida;Perterra Insumos Agropecuários S.A.  São Paulo/SP; (Ningxia Wynca Technology Co., Ltd.<CHINA, REPUBLICA POPULAR>FABRICANTE);PT;II
TC10824;Clorotalonil Técnico SD;clorotalonil (isoftalonitrila) (980 g/kg);Fungicida;AllierBrasil Agro Ltda.; (Jiangsu Weunite Fine Chemical Co., Ltd.<CHINA, REPUBLICA POPULAR>FABRICANTE);PT;II
44419;Clorotalonil Técnico Sinon;clorotalonil (isoftalonitrila) (980 g/kg);Fungicida;Sinon do Brasil Ltda. - Porto Alegre /RS.; (Sinon Corporation - Taiwan<TAIWAN (ILHA FORMOSA)>FABRICANTE);PT;II
TC03026;Clorotalonil Técnico Tecnomyl II;clorotalonil (isoftalonitrila) (985 g/kg);Fungicida;Tecnomyl Brasil Distribuidora de Produtos Agrícolas Ltda - Foz do Iguaçu; (Shandong Dacheng Agrochem Co., Ltd <CHINA, REPUBLICA POPULAR>FABRICANTE);PT;II
26516;Clorotalonil Técnico UPL BR;clorotalonil (isoftalonitrila) (985 g/kg);Fungicida;UPL do Brasil Indústria e Comércio de Insumos Agropecuários S.A. - Matriz Ituverava/SP ; (Jiangsu Xinhe Agrochemical Co, Ltd. - Planta 1<CHINA, REPUBLICA POPULAR>FABRICANTE);I;II
TC11426;Clorotalonil Wu Técnico Perterra;clorotalonil (isoftalonitrila) (985 g/kg);Fungicida;Perterra Insumos Agropecuários S.A.  São Paulo/SP; (Jiangsu Weunite Fine Chemical Co., Ltd.<CHINA, REPUBLICA POPULAR>FABRICANTE);PT;II
35818;Clorpiri Tecnico;clorpirifós (organofosforado) (980 g/kg);Acaricida/Inseticida;Sharda do Brasil Comércio de Produtos Químicos e Agroquímicos LTDA;;III;II
10811;Clorpirifos Tecnico Fersol - PTE;clorpirifós (organofosforado) (980 g/kg);Inseticida;Ameribrás Indústria e Comércio Ltda.; (Aimco Pesticides Ltd.  <ÍNDIA>FABRICANTE);III;II
20016;Clorpirifos Tecnico Nortox;clorpirifós (organofosforado) (970 g/kg);Formicida/Inseticida;Nortox S.A. - Arapongas; (Sumitomo Chemical India Limited - Gujarat<ÍNDIA>FABRICANTE) +  (Anhui Guangxin Agrochemical Co., Ltd. - Anhui<CHINA, REPUBLICA POPULAR>FABRICANTE) +  (Bharat Rasayan Ltd. - Unit II - Gujarat<ÍNDIA>FABRICANTE);III;II
15812;Clorpirifos Tradecorp Técnico;clorpirifós (organofosforado) (980 g/kg);Acaricida/Formicida/Inseticida;Agroallianz S.A;;III;II
11508;Clorpirifos Técnico Sabero;clorpirifós (organofosforado) (960 g/kg);Acaricida/Formicida/Inseticida;Coromandel América S.A; (Coromandel International Limited. - Unit I - Sarigam<ÍNDIA>FABRICANTE);III;II
6399;Clorpirifos Técnico Sumitomo;clorpirifós (organofosforado) (970 g/kg);Acaricida/Inseticida;Sumitomo Chemical Brasil Indústria Química S.A. - Maracanaú/CE; (Gharda Chemical Limited - Lote Plant<ÍNDIA>FABRICANTE) +  (Servatis S.A., Massa Falida da Sociedade Empresaria <BRASIL>FABRICANTE);II;II
17519;Clorpirifós RS Técnico Helm;clorpirifós (organofosforado) (980 g/kg);Acaricida/Formicida/Inseticida;Helm do Brasil Mercantil - São Paulo/SP; (Nanjing Red Sun Co., Ltd<CHINA, REPUBLICA POPULAR>FABRICANTE);III;II
17819;Clorpirifós Técnico Adama;clorpirifós (organofosforado) (980 g/kg);Acaricida/Formicida/Inseticida;Adama Brasil S.A.- Londrina/PR;;III;II
34019;Clorpirifós Técnico Adama Brasil;clorpirifós (organofosforado) (980 g/kg);Inseticida;Adama Brasil S.A.- Londrina/PR; (Zhejiang Xinnong Chemical CO.,LTD<CHINA, REPUBLICA POPULAR>FABRICANTE);PT;II
TC02621;Clorpirifós Técnico Agrogill;clorpirifós (organofosforado) (980 g/kg);Acaricida/Formicida/Inseticida;Agrogill Chemicals Ltda; (Dezhou Luba Fine Chemical Co. Ltd<CHINA, REPUBLICA POPULAR>FABRICANTE) +  (Jiangsu Baoling Chemical Company Limited<CHINA, REPUBLICA POPULAR>FABRICANTE) +  (Agrogill Chemicals Ltda<BRASIL>FABRICANTE);PT;II
TC16120;Clorpirifós Técnico Alta;clorpirifós (organofosforado) (980 g/kg);Acaricida/Inseticida;ALTA - America Latina Tecnologia Agrícola Ltda.- Curitiba;;PT;II
TC17922;Clorpirifós Técnico CCAB;clorpirifós (organofosforado) (980 g/kg);Acaricida/Formicida/Inseticida;CCAB Agro S.A.   São Paulo; (GSP Crop Science Limited - Navrangpura<ÍNDIA>FABRICANTE) +  (Dezhou Luba Fine Chemical Co. Ltd<CHINA, REPUBLICA POPULAR>FABRICANTE) +  (Crystal Crop Protection Private Limited - Azadpur<ÍNDIA>FABRICANTE);PT;II
9014;Clorpirifós Técnico Consagro;clorpirifós (organofosforado) (940 g/kg);Inseticida;Proquimur Agro do Brasil Ltda.  São Paulo ; (Zhejiang Xinnong Chemical CO.,LTD<CHINA, REPUBLICA POPULAR>FABRICANTE);III;II
20516;Clorpirifós Técnico El-Cropchem;clorpirifós (organofosforado) (970 g/kg);Inseticida;Cropchem Ltda - Porto Alegre; (Sumitomo Chemical India Limited - Gujarat<ÍNDIA>FABRICANTE);I;II
TC04821;Clorpirifós Técnico GSP;clorpirifós (organofosforado) (980 g/kg);Acaricida/Formicida/Inseticida;GSP Agroquímica do Brasil Ltda - Porto Alegra/RS;;PT;II
44418;Clorpirifós Técnico Gharda;clorpirifós (organofosforado) (980 g/kg);Acaricida/Formicida/Inseticida;Gharda do Brasil Soluções Agrícolas Ltda. ;;III;II
8011;Clorpirifós Técnico Helm;clorpirifós (organofosforado) (980 g/kg);Inseticida;Helm do Brasil Mercantil - São Paulo/SP; (Bhagiradha Chemicals & Industries Limited<ÍNDIA>FABRICANTE);III;II
TC16820;Clorpirifós Técnico LA;clorpirifós (organofosforado) (980 g/kg);Acaricida/Formicida/Inseticida;Agro-Lead Brasil Assessoria em Produtos Agrícolas Ltda - EPP; (Dezhou Luba Fine Chemical Co. Ltd<CHINA, REPUBLICA POPULAR>FABRICANTE);PT;II
47219;Clorpirifós Técnico NGC;clorpirifós (organofosforado) (980 g/kg);Acaricida/Inseticida/Nematicida;NGC Agrosciences Brasil Ltda - Botucatu/SP;;PT;II
TC20222;Clorpirifós Técnico Nortox BR;clorpirifós (organofosforado) (970 g/kg);Inseticida;Nortox S.A. - Arapongas; (Anhui Guangxin Agrochemical Co., Ltd. - Anhui<CHINA, REPUBLICA POPULAR>FABRICANTE) +  (Shandong Avilive Chemical CO., LTD.<CHINA, REPUBLICA POPULAR>FABRICANTE);PT;II
TC06523;Clorpirifós Técnico Nortox V;clorpirifós (organofosforado) (980 g/kg);Inseticida;Nortox S.A. - Arapongas; (Dezhou Luba Fine Chemical Co. Ltd<CHINA, REPUBLICA POPULAR>FABRICANTE);PT;II
3711;Clorpirifós Técnico Ouro Fino;clorpirifós (organofosforado) (980 g/kg);Inseticida;Ouro Fino Química S.A. - Uberaba; (Jiangsu Fengshang Group Co. Ltd<CHINA, REPUBLICA POPULAR>FABRICANTE);III;II
19719;Clorpirifós Técnico Rainbow;clorpirifós (organofosforado) (975 g/kg);Acaricida/Formicida/Inseticida;Rainbow Defensivos Agrícolas Ltda.- Porto Alegre /RS ; (Shandong Weifang Rainbow Chemical Co., Ltd. - Unidade Fabril 03<CHINA, REPUBLICA POPULAR>FABRICANTE);III;II
TC17020;Clorpirifós Técnico SGC;clorpirifós (organofosforado) (980 g/kg);Acaricida/Formicida/Inseticida;AllierBrasil Agro Ltda.; (Dezhou Luba Fine Chemical Co. Ltd<CHINA, REPUBLICA POPULAR>FABRICANTE);PT;II
31919;Clorpirifós Técnico Sinon;clorpirifós (organofosforado) (975 g/kg);Acaricida/Formicida/Inseticida;Sinon do Brasil Ltda. - Porto Alegre /RS.; (Sinon Corporation - Taiwan<TAIWAN (ILHA FORMOSA)>FABRICANTE) +  (Shandong Weifang Rainbow Chemical Co., Ltd. - Unidade Fabril 01<CHINA, REPUBLICA POPULAR>FABRICANTE);III;II
44818;Clorpirifós Técnico Sulphur Mills;clorpirifós (organofosforado) (980 g/kg);Acaricida/Formicida/Inseticida;SM Agrocare Brasil Importação Comércio e Serviços Agrícolas Ltda; (Gharda Chemical Limited - Lote Plant<ÍNDIA>FABRICANTE);III;II
TC05521;Clorpirifós Técnico Sumitomo BR;clorpirifós (organofosforado) (970 g/kg);Acaricida/Inseticida;Sumitomo Chemical Brasil Indústria Química S.A. - Maracanaú/CE; (Excel Crop Care Limited (Escritorio)<ÍNDIA>FABRICANTE);PT;II
TC08021;Clorpirifós Técnico ZS;clorpirifós (organofosforado) (980 g/kg);Acaricida/Formicida/Inseticida;Zhongshan Química do Brasil - Sorocaba/SP; (Dezhou Luba Fine Chemical Co. Ltd<CHINA, REPUBLICA POPULAR>FABRICANTE);PT;II
TC03825;Clothianidin Técnico Hailir;Clotianidina (neonicotinóide) (980 g/kg);Inseticida;Hailir Brasil Defensivos Agricolas Ltda - São Paulo/SP; (Shandong Hailir Chemical Co., Ltd.<CHINA, REPUBLICA POPULAR>FABRICANTE);PT;III
TC08721;Clothianidin Técnico Rainbow;Clotianidina (neonicotinóide) (980 g/kg);Inseticida;Rainbow Defensivos Agrícolas Ltda.- Porto Alegre /RS ; (Shandong Weifang Rainbow Chemical Co., Ltd. - Unidade Fabril 02<CHINA, REPUBLICA POPULAR>FABRICANTE);PT;II
TC16826;Clothianidin Técnico Sau ;Clotianidina (neonicotinóide) (980 g/kg);Inseticida;Biorisk - Assessoria e Comércio de Produtos Agrícolas Ltda.; (Shandong United Pesticide Industry Co., Ltd.<CHINA, REPUBLICA POPULAR>FABRICANTE);PT;III
TC00325;Clotianidina Técnico Crystal;Clotianidina (neonicotinóide) (980 g/kg);Inseticida;Crystal Agro Ltda; (Shandong Hailir Chemical Co., Ltd.<CHINA, REPUBLICA POPULAR>FABRICANTE);PT;III
TC05823;Comasu Técnico;diafentiurom (feniltiouréia) (970 g/kg);Acaricida/Inseticida;Proregistros Registros de Produtos Ltda - EPP ; (Taizhou Bailly Chemical Co., Limited<CHINA, REPUBLICA POPULAR>FABRICANTE);PT;II
0207;Commanche Técnico;cipermetrina (piretróide) (900 g/kg);Inseticida;FMC Química do Brasil Ltda. - Campinas/SP;;III;II
1309;Completto Técnico;bentiavalicarbe isopropílico (Valinamida carbamato) (950 g/kg);Fungicida;Iharabras S.A. Indústria Químicas - Sorocaba; (Kumiai Chemical Industry Co. Ltd. - Shizuoka Planta<JAPÃO>FABRICANTE);III;III
996;Condor Técnico;bromuconazol (triazol) (960 g/kg);Fungicida;Sumitomo Chemical Brasil Indústria Química S.A. - Maracanaú/CE; (Bayer Cropscience Limited, Cambridge <REINO UNIDO>FABRICANTE);III;II
23119;Cresoxim-Metílico Ascenza Técnico;cresoxim-metílico (estrobilurina) (960 g/kg);Fungicida;Ascenza Brasil Ltda - Hortolândia/SP; (Jiangsu Flag Chemical Industry Co., Ltd.<CHINA, REPUBLICA POPULAR>FABRICANTE) +  (Shandong United Pesticide Industry Co., Ltd.<CHINA, REPUBLICA POPULAR>FABRICANTE) +  (Jiangsu Fengdeng Crop Science Co. Ltd..<CHINA, REPUBLICA POPULAR>FABRICANTE);III;II
TC09621;Cresoxim-Metílico Técnico Cropchem ;cresoxim-metílico (estrobilurina) (980 g/kg);Fungicida;Cropchem Ltda - Porto Alegre; (Jiangsu Corechem Co. Ltd.<CHINA, REPUBLICA POPULAR>FABRICANTE);PT;II
10106;Curbix Técnico;Etiprole (Fenilpirazol) (940 g/kg);Inseticida;Bayer S.A. - São Paulo/ SP; (CABB Oy<FINLÂNDIA>FABRICANTE) +  (Shanghai High Victory Fine Chemical Co., Ltd.<CHINA, REPUBLICA POPULAR>FABRICANTE) +  (Bayer Vapi Private Limited - Gujarat<ÍNDIA>FABRICANTE) +  (Deccan Fine Chemicals (India) Limited - Andhra Pradesh<ÍNDIA>FABRICANTE);III;II
12715;Cyantraniliprole Técnico;Ciantraniliprole (antranilamida) (930 g/kg);Inseticida;FMC Química do Brasil Ltda. - Campinas/SP; (DuPont Electronic Polymers - Ohio<ESTADOS UNIDOS>FABRICANTE) +  (FMC (Shanghai) Agricultural Sciences Co., Ltd - Jinshan Plant/Shanghai<CHINA, REPUBLICA POPULAR>FABRICANTE) +  (WeylChem US INC<ESTADOS UNIDOS>FABRICANTE);III;III
3005;Cyazofamid Técnico ISK;Ciazofamida (imidazol) (935 g/kg);Fungicida;ISK Biosciences do Brasil Defensivos Agricolas Ltda; (Ishihara Sangyo Kaisha Ltd. (Fábrica)<JAPÃO>FABRICANTE) +  (Saltigo GmbH- Leverkusen<ALEMANHA>FABRICANTE) +  (LG Chem  Ltd. - Ulsan<CORÉIA (DO SUL), REPÚBLICA DA>FABRICANTE);III;III
7705;Cyclanilide Técnico Bayer;ciclanilida (carboxanilida) (960 g/kg);Regulador de Crescimento;Bayer S.A. - São Paulo/ SP; (Bayer Cropscience LP - Kansas City - Missouri<ESTADOS UNIDOS>FABRICANTE);I;II
TC07021;Cyclaniliprole Técnico ISK;Ciclaniliprole (antranilamida) (950 g/kg);Inseticida;ISK Biosciences do Brasil Defensivos Agricolas Ltda; (Ishihara Sangyo Kaisha Ltd. (Fábrica)<JAPÃO>FABRICANTE) +  (LG Life Sciences, Ltd- Ulsan city<CORÉIA (DO SUL), REPÚBLICA DA>FABRICANTE) +  (Hikal Limited<ÍNDIA>FABRICANTE);Não;II
3998;Cyclosulfamuron Técnico;ciclossulfamurom (sulfoniluréia) (950 g/kg);Herbicida;Basf Agricultural Solutions Brasil Ltda  São Paulo/SP; (Servatis S.A., Massa Falida da Sociedade Empresaria <BRASIL>FABRICANTE) +  (Basf Corporation - Hannibal Plant - Missouri<ESTADOS UNIDOS>FABRICANTE) +  (BASF Agricultural Products de Puerto Rico<PORTO RICO>FABRICANTE) +  (Arxada AG - Visp<SUÍCA>FABRICANTE) +  (BASF SE  - Ludwigshafen<ALEMANHA>FABRICANTE) +  (Kuraray Co., Ltd<JAPÃO>FABRICANTE) +  (BASF Agro S.A.S - Ecully<FRANÇA>FABRICANTE);III;II
502;Cyhalofop BE Técnico ;cialofope-butílico (ácido ariloxifenoxipropiônico) (950 g/kg);Herbicida;CTVA Proteção de Cultivos Ltda - Barueri (Tamboré); (Corteva Agriscience LLC - Midland - Michigan<ESTADOS UNIDOS>FABRICANTE) +  (Jiangsu Lianhe Chemical Technology Co., Ltd<CHINA, REPUBLICA POPULAR>FABRICANTE) +  (Jiangsu Flag Chemical Industry Co., Ltd.<CHINA, REPUBLICA POPULAR>FABRICANTE);III;II
TC11121;Cymoxanil TB Técnico Oxon;cimoxanil (acetamida) (970 g/kg);Fungicida;Oxon Brasil Defensivos Agrícolas Ltda.; (Taizhou Bailly Chemical Co., Limited<CHINA, REPUBLICA POPULAR>FABRICANTE);PT;IV
10707;Cymoxanil Técnico BR;cimoxanil (acetamida) (970 g/kg);Fungicida;CTVA Proteção de Cultivos Ltda - Barueri (Tamboré); (Fine Organics Ltd<REINO UNIDO>FABRICANTE) +  (Limin Chemical Co.,Ltd (Unidade II)<CHINA, REPUBLICA POPULAR>FABRICANTE);III;IV
1607;Cymoxanil Técnico Helm;cimoxanil (acetamida) (975 g/kg);Fungicida;Helm do Brasil Mercantil - São Paulo/SP; (Xi´An Wenyuan Chemical Industry Co. Ltd.<CHINA, REPUBLICA POPULAR>FABRICANTE);III;IV
33017;Cymoxanil Técnico ISK;cimoxanil (acetamida) (980 g/kg);Fungicida;ISK Biosciences do Brasil Defensivos Agricolas Ltda; (Indofil Industries Limited  Planta Azad Nagar - Thane<ÍNDIA>FABRICANTE);III;IV
28317;Cymoxanil Técnico Indofil;cimoxanil (acetamida) (980 g/kg);Fungicida;Indofil Industries do Brasil Ltda.; (Indofil Industries Limited  Planta Azad Nagar - Thane<ÍNDIA>FABRICANTE) +  (Indofil Industries Limited  Unidade 1 - Dahej<ÍNDIA>FABRICANTE);III;IV
07704;Cymoxanil Técnico Oxon;cimoxanil (acetamida) (970 g/kg);Fungicida;Oxon Brasil Defensivos Agrícolas Ltda.; (Sipcam Oxon S.P.A. - Mezzana Bigli <ITÁLIA>FABRICANTE);III;IV
2614;Cymoxanil Técnico Rotam;cimoxanil (acetamida) (980 g/kg);Fungicida;Albaugh Agro Brasil Ltda.- São Paulo; (Nantong Shizhuang Chemical Co. Ltd<CHINA, REPUBLICA POPULAR>FABRICANTE);III;IV
7711;Cymoxanil Técnico ZN;cimoxanil (acetamida) (975 g/kg);Fungicida;Proregistros Registros de Produtos Ltda - EPP ; (Agria SA. - Plovdiv<BULGÁRIA, REPÚBLICA DA>FABRICANTE);III;IV
2378301;Cymoxanil Técnico ;cimoxanil (acetamida) (970 g/kg);Fungicida;CTVA Proteção de Cultivos Ltda - Barueri (Tamboré);;III;IV
249001;Cypermethrin Técnico 900;cipermetrina (piretróide) (900 g/kg);Inseticida;Prentiss Química Ltda. - Campo Largo/PR; (Chemotécnica S/A<ARGENTINA>FABRICANTE);II;II
28692;Cypermethrin Técnico FMC;cipermetrina (piretróide) (880 g/kg);Inseticida;FMC Química do Brasil Ltda. - Campinas/SP; (FMC Corporation - Baltimore<ESTADOS UNIDOS>FABRICANTE);II;II
278691;Cypermethrin Técnico FMC BR;cipermetrina (piretróide) (900 g/kg);Inseticida;FMC Química do Brasil Ltda. - Campinas/SP; (Servatis S.A., Massa Falida da Sociedade Empresaria <BRASIL>FABRICANTE);II;II
308188;Cypermethrin Técnico ICI;cipermetrina (piretróide) (900 g/kg);Inseticida;Syngenta Proteção de Cultivos Ltda.  São Paulo/SP; (Zeneca Products Inc<ESTADOS UNIDOS>FABRICANTE);II;II
TC16220;Cyproconazol Técnico Indofil;ciproconazol (triazol) (975 g/kg);Fungicida;Indofil Industries do Brasil Ltda.; (Ningbo Sunjoy Agroscience Co., Ltd.<CHINA, REPUBLICA POPULAR>FABRICANTE);PT;II
TC01123;Cyproconazole LCH Técnico;ciproconazol (triazol) (950 g/kg);Fungicida;Lemma Agronegócios Importação e Exportação Ltda.; (Jiangsu Chengyang Crop Science Co. Ltd. <CHINA, REPUBLICA POPULAR>FABRICANTE);PT;II
TC27125;Cyproconazole Technical Astec;ciproconazol (triazol) (980 g/kg);Fungicida;Syntech Research Laboratório Brasil Ltda.- Matriz Piracicaba/SP; (Astec Lifesciences Limited (Fábrica 01)<ÍNDIA>FABRICANTE);PT;II
TC10921;Cyproconazole Tecnico FB II;ciproconazol (triazol) (960 g/kg);Fungicida;Agroallianz S.A; (Jiangsu Sevencontinent Green Chemical Co., Ltd - Unit II<CHINA, REPUBLICA POPULAR>FABRICANTE);PT;II
01191;Cyproconazole Técnico;ciproconazol (triazol) (910 g/kg);Fungicida;Syngenta Proteção de Cultivos Ltda.  São Paulo/SP; (Bayer CropScience Schweiz AG - Muttenz<SUÍCA>FABRICANTE);III;II
2393;Cyproconazole Técnico 500;ciprodinil (anilinopirimidina) (500 g/kg);Fungicida;Syngenta Proteção de Cultivos Ltda.  São Paulo/SP;;III;II
TC10320;Cyproconazole Técnico CCAB II;ciproconazol (triazol) (970 g/kg);Fungicida;CCAB Agro S.A.   São Paulo; (Ningbo Sunjoy Agroscience Co., Ltd.<CHINA, REPUBLICA POPULAR>FABRICANTE);PT;II
08219;Cyproconazole Técnico FB;ciproconazol (triazol) (970 g/kg);Fungicida;Agroallianz S.A; (Rudong Zhongyi Chemical Co., Ltd.<CHINA, REPUBLICA POPULAR>FABRICANTE);III;II
TC13021;Cyproconazole Técnico NGC;ciproconazol (triazol) (970 g/kg);Fungicida;NGC Agrosciences Brasil Ltda - Botucatu/SP; (Rudong Zhongyi Chemical Co., Ltd.<CHINA, REPUBLICA POPULAR>FABRICANTE);PT;II
05819;Cyproconazole Técnico Sino-Agri;ciproconazol (triazol) (970 g/kg);Fungicida;Lemma Agronegócios Importação e Exportação Ltda.; (Rudong Zhongyi Chemical Co., Ltd.<CHINA, REPUBLICA POPULAR>FABRICANTE);III;II
27416;Cyproconazole Técnico UPL;ciproconazol (triazol) (966.8 g/kg);Fungicida;UPL do Brasil Indústria e Comércio de Insumos Agropecuários S.A. - Matriz Ituverava/SP ; (Coromandel Fertilizers Limited (Coromandel International Limited) - Ankleshwar<ÍNDIA>FABRICANTE) +  (UPL Limited - Jhagadia<ÍNDIA>FABRICANTE);III;II
TC05121;Cyproconazole Técnico ZY;ciproconazol (triazol) (970 g/kg);Fungicida;Prospecta Soluções Biológicas Ltda, - Porto Alegre/RS; (Rudong Zhongyi Chemical Co., Ltd.<CHINA, REPUBLICA POPULAR>FABRICANTE);PT;II
9399;Cyprodinil Técnico;ciprodinil (anilinopirimidina) (970 g/kg);Fungicida;Syngenta Proteção de Cultivos Ltda.  São Paulo/SP; (Syngenta Crop Protection AG - Monthey<SUÍCA>FABRICANTE);III;II
TC14622;Cypronocazole Técnico JN;ciproconazol (triazol) (970 g/kg);Fungicida;Biorisk - Assessoria e Comércio de Produtos Agrícolas Ltda.; (Jiangsu Sword Agrochemicals Co., Ltd. - Jiangsu<CHINA, REPUBLICA POPULAR>FABRICANTE);PT;II
13489;Cyromazin Técnico;ciromazina (triazinamina) (980 g/kg);Inseticida;Gowan Produtos Agrícolas Ltda. - Matriz Campinas/SP; (Syngenta Crop Protection LLC -  St. Gabriel<ESTADOS UNIDOS>FABRICANTE);IV;III
1198491;Daconil Técnico;clorotalonil (isoftalonitrila) (960 g/kg);Fungicida;Syngenta Proteção de Cultivos Ltda.  São Paulo/SP; (GB Biosciences Coporation<ESTADOS UNIDOS>FABRICANTE);III;II
748591;Daconil Técnico 960 USA;clorotalonil (isoftalonitrila) (960 g/kg);Fungicida;Iharabras S.A. Indústria Químicas - Sorocaba; (GB Biosciences Corporation- Houston <ESTADOS UNIDOS>FABRICANTE);III;II
1688591;Danimen Técnico 900;fenpropatrina (piretróide) (900 g/kg);Acaricida/Inseticida;Sumitomo Chemical Brasil Indústria Química S.A. - Maracanaú/CE; (Sumitomo Chemical CO. Ltd. - Ohita<JAPÃO>FABRICANTE) +  (Sumitomo Chemical India Limited. <ÍNDIA>FABRICANTE);II;II
4105;Decis Técnico BCS;deltametrina (piretróide) (980 g/kg);Inseticida;Bayer S.A. - São Paulo/ SP; (Bayer Vapi Private Limited - Gujarat<ÍNDIA>FABRICANTE);II;III
00119;Delta Técnico;deltametrina (piretróide) (980 g/kg);Formicida/Inseticida;Sharda do Brasil Comércio de Produtos Químicos e Agroquímicos LTDA; (Tagros Chemicals India Private Limited - Bharuch<ÍNDIA>FABRICANTE);II;III
8714;Deltametrina Tecnico Isagro;deltametrina (piretróide) (980 g/kg);Inseticida;Gowan Produtos Agrícolas Ltda. - Matriz Campinas/SP; (PI Industries Ltd. (Industrial Plant)  Panoli<ÍNDIA>FABRICANTE);II;III
40819;Deltametrina Tradecorp Tecnico ;deltametrina (piretróide) (985 g/kg);Formicida/Inseticida;Ascenza Brasil Ltda - Hortolândia/SP; (Jiangsu Chunjiang Agrochemical Co. Ltd.<CHINA, REPUBLICA POPULAR>FABRICANTE) +  (Heranba Industries Limited - Mumbai<ÍNDIA>FABRICANTE) +  (Hemani Industries Limited - Unit III - Dahej<ÍNDIA>FABRICANTE);PT;III
14117;Deltametrina Técnico Tagros;deltametrina (piretróide) (984.9 g/kg);Formicida/Inseticida;Tagros Brasil Comércio de Produtos Químicos Ltda.; (Tagros Chemicals India Private Limited - Tamil Nadu <ÍNDIA>FABRICANTE);II;III
9809;Dessicash Técnico;Dibrometo de diquate (bipiridílio) (406 g/kg);Herbicida;Sharda do Brasil Comércio de Produtos Químicos e Agroquímicos LTDA; (ZheJiang Funong Biotech Co. Ltd.<CHINA, REPUBLICA POPULAR>FABRICANTE);II;II
TC13926;Diafenthiuron Técnico Bharat;diafentiurom (feniltiouréia) (970 g/kg);Acaricida/Inseticida;Biorisk - Assessoria e Comércio de Produtos Agrícolas Ltda.; (Jiangsu Changqing Agrochemical Nantong Co., Ltd.<CHINA, REPUBLICA POPULAR>FABRICANTE);PT;II
TC11525;Diafenthiuron Técnico Hailir;diafentiurom (feniltiouréia) (970 g/kg);Acaricida/Inseticida;Hailir Brasil Defensivos Agricolas Ltda - São Paulo/SP; (Qingdao Hengning Biotechnology Co., Ltd.<CHINA, REPUBLICA POPULAR>FABRICANTE);PT;II
TC10926;Diafenthiuron Técnico Pilarquim;diafentiurom (feniltiouréia) (960 g/kg);Acaricida/Inseticida;Pilarquim Br Comercial Ltda.- São Paulo; (Jiangsu Changqing Agrochemical Nantong Co., Ltd.<CHINA, REPUBLICA POPULAR>FABRICANTE);PT;II
33318;Diafentiurom Ascenza Técnico;diafentiurom (feniltiouréia) (970 g/kg);Acaricida/Inseticida;Ascenza Brasil Ltda - Hortolândia/SP; (Jiangsu Flag Chemical Industry Co., Ltd.<CHINA, REPUBLICA POPULAR>FABRICANTE);III;II
TC14126;Diafentiurom Ascenza Técnico II;diafentiurom (feniltiouréia) (960 g/kg);Acaricida/Inseticida;Ascenza Brasil Ltda - Hortolândia/SP; (Qingdao Hengning Biotechnology Co., Ltd.<CHINA, REPUBLICA POPULAR>FABRICANTE) +  (Jiangsu Changqing Agrochemical Nantong Co., Ltd.<CHINA, REPUBLICA POPULAR>FABRICANTE);PT;II
35418;Diafentiurom Técnico Adama ;diafentiurom (feniltiouréia) (970 g/kg);Acaricida/Inseticida;Adama Brasil S.A.- Londrina/PR; (Jiangsu Changlong Agrochemical Co., Ltd.<CHINA, REPUBLICA POPULAR>FABRICANTE);III;II
TC14026;Diafentiurom Técnico Alta;diafentiurom (feniltiouréia) (960 g/kg);Acaricida/Inseticida;ALTA - America Latina Tecnologia Agrícola Ltda.- Curitiba; (Jiangsu Changqing Agrochemical Nantong Co., Ltd.<CHINA, REPUBLICA POPULAR>FABRICANTE);PT;II
16116;Diafentiurom Técnico CCAB;diafentiurom (feniltiouréia) (980 g/kg);Acaricida;CCAB Agro S.A.   São Paulo; (Yancheng South Chemical Co, Ltd<CHINA, REPUBLICA POPULAR>FABRICANTE);III;II
TC18821;Diafentiurom Técnico CCAB II;diafentiurom (feniltiouréia) (980 g/kg);Acaricida/Inseticida;CCAB Agro S.A.   São Paulo; (GSP Crop Science Limited - Nandesari<ÍNDIA>FABRICANTE);PT;II
33418;Diafentiurom Técnico CSG;diafentiurom (feniltiouréia) (970 g/kg);Acaricida/Inseticida;Albaugh Agro Brasil Ltda.- São Paulo;;III;II
TC20326;Diafentiurom Técnico Cropchem II;diafentiurom (feniltiouréia) (970 g/kg);Acaricida/Inseticida;Cropchem Ltda - Porto Alegre; (Bharat Rasayan Ltd. - Unit II - Gujarat<ÍNDIA>FABRICANTE);PT;II
42219;Diafentiurom Técnico Hy-Green;diafentiurom (feniltiouréia) (980 g/kg);Acaricida/Inseticida;Changqing do Brasil Produtos Agrícolas Ltda; (Yancheng South Chemical Co, Ltd<CHINA, REPUBLICA POPULAR>FABRICANTE);PT;II
18517;Diafentiurom Técnico Ouro Fino;diafentiurom (feniltiouréia) (970 g/kg);Inseticida;Ouro Fino Química S.A. - Uberaba; (Jiangsu Changlong Agrochemical Co., Ltd.<CHINA, REPUBLICA POPULAR>FABRICANTE);III;II
TC14721;Diafentiurom Técnico Proventis II;diafentiurom (feniltiouréia) (970 g/kg);Acaricida/Inseticida;Proventis Lifescience Defensivos Agrícolas Ltda; (Jiangsu Changlong Agrochemical Co., Ltd.<CHINA, REPUBLICA POPULAR>FABRICANTE);PT;II
14416;Diafentiurom Técnico Sumitomo;diafentiurom (feniltiouréia) (980 g/kg);Acaricida/Inseticida;Sumitomo Chemical Brasil Indústria Química S.A. - Maracanaú/CE; (Yancheng South Chemical Co, Ltd<CHINA, REPUBLICA POPULAR>FABRICANTE);III;II
10916;Diafentiurom Técnico Tecnomyl;diafentiurom (feniltiouréia) (980 g/kg);Inseticida;Tecnomyl Brasil Distribuidora de Produtos Agrícolas Ltda - Foz do Iguaçu;;III;II
TC18926;Diafentiurom Técnico Tecnomyl II;diafentiurom (feniltiouréia) (970 g/kg);Acaricida/Inseticida;Tecnomyl Brasil Distribuidora de Produtos Agrícolas Ltda - Foz do Iguaçu; (Bharat Rasayan Ltd. - Unit II - Gujarat<ÍNDIA>FABRICANTE);PT;II
TC12325;Diafentiurom Técnico Tecnomyl III;diafentiurom (feniltiouréia) (970 g/kg);Acaricida/Inseticida;Tecnomyl Brasil Distribuidora de Produtos Agrícolas Ltda - Foz do Iguaçu; (Qingdao Hengning Biotechnology Co., Ltd.<CHINA, REPUBLICA POPULAR>FABRICANTE);PT;II
TC01222;Diafentiuron Técnico GSP;diafentiurom (feniltiouréia) (980 g/kg);Acaricida/Inseticida;GSP Agroquímica do Brasil Ltda - Porto Alegra/RS; (GSP Crop Science Limited - Baroda<ÍNDIA>FABRICANTE);PT;II
11016;Diafentiuron Técnico Milenia ;diafentiurom (feniltiouréia) (980 g/kg);Acaricida/Inseticida;Adama Brasil S.A.- Londrina/PR; (Yancheng South Chemical Co, Ltd<CHINA, REPUBLICA POPULAR>FABRICANTE);III;II
15719;Diafentiuron Técnico Nortox;diafentiurom (feniltiouréia) (975 g/kg);Acaricida/Inseticida;Nortox S.A. - Arapongas; (Yancheng Lvye Chemical Co., Ltd.<CHINA, REPUBLICA POPULAR>FABRICANTE);III;II
TC15625;Diafentiuron Técnico Nortox IV;diafentiurom (feniltiouréia) (970 g/kg);Acaricida/Inseticida;Nortox S.A. - Arapongas; (Qingdao Hengning Biotechnology Co., Ltd.<CHINA, REPUBLICA POPULAR>FABRICANTE);PT;II
TC18824;Diafentiuron Técnico Rainbow ;diafentiurom (feniltiouréia) (980 g/kg);Acaricida/Inseticida;Rainbow Defensivos Agrícolas Ltda.- Porto Alegre /RS ; (Qingdao Rainbow Chemical Co., Ltd <CHINA, REPUBLICA POPULAR>FABRICANTE);PT;II
TC15620;Dibrometo de Diquate Tecnico Ada BR;Dibrometo de diquate (bipiridílio) (410 g/kg);Herbicida;Adama Brasil S.A.- Londrina/PR; (Dezhou Luba Fine Chemical Co. Ltd<CHINA, REPUBLICA POPULAR>FABRICANTE);PT;II
27519;Dibrometo de Diquate Tecnico Adama BR;Dibrometo de diquate (bipiridílio) (400 g/kg);Herbicida;Adama Brasil S.A.- Londrina/PR; (ZheJiang Funong Biotech Co. Ltd.<CHINA, REPUBLICA POPULAR>FABRICANTE);I;II
2116;Dibrometo de Diquate Técnico Adama;Dibrometo de diquate (bipiridílio) (410 g/kg);Herbicida;Adama Brasil S.A.- Londrina/PR; (Shandong Weifang Rainbow Chemical Co., Ltd. - Unidade Fabril 01<CHINA, REPUBLICA POPULAR>FABRICANTE);II;II
TC05821;Dibrometo de Diquate Técnico Adama Brasil;Dibrometo de diquate (bipiridílio) (400 g/kg);Herbicida;Adama Brasil S.A.- Londrina/PR; (Nanjing Huazhou Pharmaceutical Co., Ltd.<CHINA, REPUBLICA POPULAR>FABRICANTE);PT;II
7408;Dicamba Técnico;Dicamba (Ácido Benzóico) (850 g/kg);Herbicida;Syngenta Proteção de Cultivos Ltda.  São Paulo/SP; (Basf Corporation - Beumont Texas<ESTADOS UNIDOS>FABRICANTE) +  (Jiangsu Changqing Agrochemical Nantong Co., Ltd.<CHINA, REPUBLICA POPULAR>FABRICANTE);I;II
TC09721;Dicamba Técnico 980 AGCN;Dicamba (Ácido Benzóico) (980 g/kg);Herbicida;Agriconnection Importadora e Exportadora de Insumos Agrícolas - Barueri/SP; (Jiangsu Flag Chemical Industry Co., Ltd.<CHINA, REPUBLICA POPULAR>FABRICANTE);PT;II
TC12421;Dicamba Técnico ADA;Dicamba (Ácido Benzóico) (970 g/kg);Herbicida;Adama Brasil S.A.- Londrina/PR; (Yongnong Biosciences Co., Ltd.<CHINA, REPUBLICA POPULAR>FABRICANTE);PT;II
33317;Dicamba Técnico Adama;Dicamba (Ácido Benzóico) (980 g/kg);Herbicida;Adama Brasil S.A.- Londrina/PR; (Shandong Weifang Rainbow Chemical Co., Ltd. - Unidade Fabril 02<CHINA, REPUBLICA POPULAR>FABRICANTE);I;II
TC10720;Dicamba Técnico Adama Brasil;Dicamba (Ácido Benzóico) (965 g/kg);Herbicida;Adama Brasil S.A.- Londrina/PR; (Jiangsu Changqing Agrochemical Nantong Co., Ltd.<CHINA, REPUBLICA POPULAR>FABRICANTE);PT;II
TC13323;Dicamba Técnico AgroLead;Dicamba (Ácido Benzóico) (980 g/kg);Herbicida;Agro-Lead Brasil Assessoria em Produtos Agrícolas Ltda - EPP; (Weifang Sino-Agri Union Chemical Co., Ltd.<CHINA, REPUBLICA POPULAR>FABRICANTE);PT;II
TC07120;Dicamba Técnico Albaugh GH;Dicamba (Ácido Benzóico) (970 g/kg);Herbicida;Albaugh Agro Brasil Ltda.- São Paulo; (Gharda Chemical Limited - Lote Plant<ÍNDIA>FABRICANTE);PT;II
TC21225;Dicamba Técnico Alta;Dicamba (Ácido Benzóico) (980 g/kg);Herbicida;ALTA - America Latina Tecnologia Agrícola Ltda.- Curitiba; (Ningxia Wynca Technology Co., Ltd.<CHINA, REPUBLICA POPULAR>FABRICANTE);PT;II
34117;Dicamba Técnico Atanor;Dicamba (Ácido Benzóico) (980 g/kg);Herbicida;Albaugh Agro Brasil Ltda.- São Paulo; (Shandong Weifang Rainbow Chemical Co., Ltd. - Unidade Fabril 01<CHINA, REPUBLICA POPULAR>FABRICANTE) +  (Yashashvi Rasayan PVT. Ltd.<ÍNDIA>FABRICANTE);I;II
TC06820;Dicamba Técnico CCAB;Dicamba (Ácido Benzóico) (970 g/kg);Herbicida;CCAB Agro S.A.   São Paulo; (Gharda Chemical Limited - Lote Plant<ÍNDIA>FABRICANTE);PT;II
TC06520;Dicamba Técnico CHD'S;Dicamba (Ácido Benzóico) (980 g/kg);Herbicida;CHDS do Brasil Comércio de Insumos Agrícolas Ltda - São Miguel do Iguaçu/PR   ; (Jiangsu Good Harvest - Weien Agrochemical Co. Ltd.<CHINA, REPUBLICA POPULAR>FABRICANTE);PT;II
TC08324;Dicamba Técnico Crop;Dicamba (Ácido Benzóico) (980 g/kg);Herbicida;Prospecta Soluções Biológicas Ltda, - Porto Alegre/RS; (Cropnosys India PVT. Ltd  Valsad<ÍNDIA>FABRICANTE);PT;II
TC13022;Dicamba Técnico Cropchem I;Dicamba (Ácido Benzóico) (965 g/kg);Herbicida;Cropchem Ltda - Porto Alegre; (Jiangsu Changqing Agrochemical Nantong Co., Ltd.<CHINA, REPUBLICA POPULAR>FABRICANTE);PT;II
TC11921;Dicamba Técnico DT;Dicamba (Ácido Benzóico) (970 g/kg);Herbicida;Yonon Brasil Defensivos Agricolas Ltda; (Yongnong Biosciences Co., Ltd.<CHINA, REPUBLICA POPULAR>FABRICANTE);PT;II
TC09521;Dicamba Técnico FB;Dicamba (Ácido Benzóico) (980 g/kg);Herbicida;Agroallianz S.A; (Jiangsu Flag Chemical Industry Co., Ltd.<CHINA, REPUBLICA POPULAR>FABRICANTE);PT;II
TC18523;Dicamba Técnico FB III;Dicamba (Ácido Benzóico) (980 g/kg);Herbicida;Agroallianz S.A; (Cropnosys India PVT. Ltd  Valsad<ÍNDIA>FABRICANTE);PT;II
37118;Dicamba Técnico GHA;Dicamba (Ácido Benzóico) (980 g/kg);Herbicida;AllierBrasil Agro Ltda.; (Jiangsu Good Harvest - Weien Agrochemical Co. Ltd.<CHINA, REPUBLICA POPULAR>FABRICANTE);I;II
TC06720;Dicamba Técnico Gharda;Dicamba (Ácido Benzóico) (970 g/kg);Herbicida;Gharda do Brasil Soluções Agrícolas Ltda. ; (Gharda Chemical Limited - Lote Plant<ÍNDIA>FABRICANTE);PT;II
TC09421;Dicamba Técnico Gilmore;Dicamba (Ácido Benzóico) (980 g/kg);Herbicida;Gilmore Agro do Brasil Ltda - ME ; (Jiangsu Flag Chemical Industry Co., Ltd.<CHINA, REPUBLICA POPULAR>FABRICANTE);PT;II
TC14520;Dicamba Técnico HY-GREEN;Dicamba (Ácido Benzóico) (965 g/kg);Herbicida;Changqing do Brasil Produtos Agrícolas Ltda; (Jiangsu Changqing Agrochemical Nantong Co., Ltd.<CHINA, REPUBLICA POPULAR>FABRICANTE);PT;II
TC22825;Dicamba Técnico Hemani;Dicamba (Ácido Benzóico) (980 g/kg);Herbicida;Hemani Agro do Brasil Ltda; (Hemani Industries Limited - Unit III - Dahej<ÍNDIA>FABRICANTE);PT;II
TC07020;Dicamba Técnico Monsanto I;Dicamba (Ácido Benzóico) (970 g/kg);Herbicida;Monsanto do Brasil Ltda - São Paulo; (Gharda Chemical Limited - Lote Plant<ÍNDIA>FABRICANTE);PT;II
TC06325;Dicamba Técnico Monsanto II;Dicamba (Ácido Benzóico) (970 g/kg);Herbicida;Monsanto do Brasil Ltda - São Paulo; (Bayer CropScience LLC - Lulling Plant<ESTADOS UNIDOS>FABRICANTE);PT;II
TC22422;Dicamba Técnico NGC;Dicamba (Ácido Benzóico) (980 g/kg);Herbicida;NGC Agrosciences Brasil Ltda - Botucatu/SP; (Youjia Crop Protection Co Ltd<CHINA, REPUBLICA POPULAR>FABRICANTE);PT;II
TC17921;Dicamba Técnico Nortox;Dicamba (Ácido Benzóico) (965 g/kg);Herbicida;Nortox S.A. - Arapongas; (Jiangsu Changqing Agrochemical Nantong Co., Ltd.<CHINA, REPUBLICA POPULAR>FABRICANTE) +  (Jiangsu Flag Chemical Industry Co., Ltd.<CHINA, REPUBLICA POPULAR>FABRICANTE) +  (Jiangsu Tuoqiu Agrochemicals Co. Ltd - Jiangsu<CHINA, REPUBLICA POPULAR>FABRICANTE);PT;II
TC26822;Dicamba Técnico Nortox BR;Dicamba (Ácido Benzóico) (980 g/kg);Herbicida;Nortox S.A. - Arapongas; (Jiangsu Lanfeng Biochemical Co. Ltd - Planta 2 Suhua<CHINA, REPUBLICA POPULAR>FABRICANTE);PT;II
TC07025;Dicamba Técnico Nortox III;Dicamba (Ácido Benzóico) (980 g/kg);Herbicida;Nortox S.A. - Arapongas; (Ningxia Wynca Technology Co., Ltd.<CHINA, REPUBLICA POPULAR>FABRICANTE);PT;II
TC13026;Dicamba Técnico Nortox IV;Dicamba (Ácido Benzóico) (980 g/kg);Herbicida;Nortox S.A. - Arapongas; (Hemani Industries Limited - Unit III - Dahej<ÍNDIA>FABRICANTE);PT;II
TC12822;Dicamba Técnico Nortox V;Dicamba (Ácido Benzóico) (980 g/kg);Herbicida;Nortox S.A. - Arapongas; (Youjia Crop Protection Co Ltd<CHINA, REPUBLICA POPULAR>FABRICANTE);PT;II
TC07220;Dicamba Técnico Ouro Fino;Dicamba (Ácido Benzóico) (970 g/kg);Herbicida;Ouro Fino Química S.A. - Uberaba; (Gharda Chemical Limited - Lote Plant<ÍNDIA>FABRICANTE);PT;II
TC06925;Dicamba Técnico Pilarquim;Dicamba (Ácido Benzóico) (980 g/kg);Herbicida;Pilarquim Br Comercial Ltda.- São Paulo; (Ningxia Wynca Technology Co., Ltd.<CHINA, REPUBLICA POPULAR>FABRICANTE);PT;II
TC08321;Dicamba Técnico Prentiss ;Dicamba (Ácido Benzóico) (980 g/kg);Herbicida;Prentiss Química Ltda. - Campo Largo/PR; (Zhejiang Shenghua Biok Biology Co. Ltd.<CHINA, REPUBLICA POPULAR>FABRICANTE);PT;II
33417;Dicamba Técnico Rainbow;Dicamba (Ácido Benzóico) (980 g/kg);Herbicida;Rainbow Defensivos Agrícolas Ltda.- Porto Alegre /RS ; (Shandong Weifang Rainbow Chemical Co., Ltd. - Unidade Fabril 01<CHINA, REPUBLICA POPULAR>FABRICANTE);I;II
TC08722;Dicamba Técnico SA;Dicamba (Ácido Benzóico) (980 g/kg);Herbicida;Sinochem Agro do Brasil Ltda. ; (Youjia Crop Protection Co Ltd<CHINA, REPUBLICA POPULAR>FABRICANTE);PT;II
TC13423;Dicamba Técnico SAU;Dicamba (Ácido Benzóico) (980 g/kg);Herbicida;Biorisk - Assessoria e Comércio de Produtos Agrícolas Ltda.; (Weifang Sino-Agri Union Chemical Co., Ltd.<CHINA, REPUBLICA POPULAR>FABRICANTE);PT;II
TC08822;Dicamba Técnico SD;Dicamba (Ácido Benzóico) (980 g/kg);Herbicida;Sharda do Brasil Comércio de Produtos Químicos e Agroquímicos LTDA; (Jiangsu Good Harvest - Weien Agrochemical Co. Ltd.<CHINA, REPUBLICA POPULAR>FABRICANTE);PT;II
TC06620;Dicamba Técnico SOGP;Dicamba (Ácido Benzóico) (980 g/kg);Herbicida;AllierBrasil Agro Ltda.; (Jiangsu Good Harvest - Weien Agrochemical Co. Ltd.<CHINA, REPUBLICA POPULAR>FABRICANTE);PT;II
TC30125;Dicamba Técnico Sino-Agri ;Dicamba (Ácido Benzóico) (980 g/kg);Herbicida;Lemma Agronegócios Importação e Exportação Ltda.; (Youjia Crop Protection Co Ltd<CHINA, REPUBLICA POPULAR>FABRICANTE);PT;II
TC13223;Dicamba Técnico Stockton;Dicamba (Ácido Benzóico) (980 g/kg);Herbicida;Globachem Proteção de Cultivos do Brasil Ltda. - Campinas/SP; (Weifang Sino-Agri Union Chemical Co., Ltd.<CHINA, REPUBLICA POPULAR>FABRICANTE);PT;II
TC06920;Dicamba Técnico Sulphur Mills;Dicamba (Ácido Benzóico) (970 g/kg);Herbicida;SM Agrocare Brasil Importação Comércio e Serviços Agrícolas Ltda; (Gharda Chemical Limited - Lote Plant<ÍNDIA>FABRICANTE);PT;II
33517;Dicamba Técnico Sumitomo;Dicamba (Ácido Benzóico) (980 g/kg);Herbicida;Sumitomo Chemical Brasil Indústria Química S.A. - Maracanaú/CE; (Shandong Weifang Rainbow Chemical Co., Ltd. - Unidade Fabril 01<CHINA, REPUBLICA POPULAR>FABRICANTE);I;II
TC01721;Dicamba Técnico Sumitomo BR;Dicamba (Ácido Benzóico) (965 g/kg);Herbicida;Sumitomo Chemical Brasil Indústria Química S.A. - Maracanaú/CE; (Jiangsu Changqing Agrochemical Nantong Co., Ltd.<CHINA, REPUBLICA POPULAR>FABRICANTE);PT;II
TC10122;Dicamba Técnico Syn;Dicamba (Ácido Benzóico) (980 g/kg);Herbicida;Syngenta Proteção de Cultivos Ltda.  São Paulo/SP; (Youjia Crop Protection Co Ltd<CHINA, REPUBLICA POPULAR>FABRICANTE);PT;II
TC04325;Dicamba Técnico Tecnomyl;Dicamba (Ácido Benzóico) (980 g/kg);Herbicida;Tecnomyl Brasil Distribuidora de Produtos Agrícolas Ltda - Foz do Iguaçu; (Gharda Chemical Limited - Lote Plant<ÍNDIA>FABRICANTE) +  (Jiangsu Lanfeng Biochemical Co. Ltd - Planta 2 Suhua<CHINA, REPUBLICA POPULAR>FABRICANTE) +  (Cropnosys India PVT. Ltd  Valsad<ÍNDIA>FABRICANTE);PT;II
TC03523;Dicamba Técnico Tide;Dicamba (Ácido Benzóico) (980 g/kg);Herbicida;Tide do Brasil Ltda - Porto Alegre/RS; (Jiangsu Lanfeng Biochemical Co. Ltd - Planta 2 Suhua<CHINA, REPUBLICA POPULAR>FABRICANTE);PT;II
TC08921;Dicamba Técnico Tide II ;Dicamba (Ácido Benzóico) (980 g/kg);Herbicida;Tide do Brasil Ltda - Porto Alegre/RS; (Zhejiang Shenghua Biok Biology Co. Ltd.<CHINA, REPUBLICA POPULAR>FABRICANTE);PT;II
TC08121;Dicamba Técnico UPL;Dicamba (Ácido Benzóico) (980 g/kg);Herbicida;UPL do Brasil Indústria e Comércio de Insumos Agropecuários S.A. - Matriz Ituverava/SP ; (UPL Limited - Unit-3 -  Akleshwar<ÍNDIA>FABRICANTE);PT;II
TC12125;Dicamba Técnico Wynca;Dicamba (Ácido Benzóico) (980 g/kg);Herbicida;Wynca do Brasil Ltda  São Paulo ; (Ningxia Wynca Technology Co., Ltd.<CHINA, REPUBLICA POPULAR>FABRICANTE);PT;II
2099;Dicloran Técnico;diclorana (cloroaromático) (950 g/kg);Fungicida;Gowan Produtos Agrícolas Ltda. - Matriz Campinas/SP; (Wujang Lusen Chemicals Company Ltd.<CHINA, REPUBLICA POPULAR>FABRICANTE);III;II
19116;Diclosulam Técnico;diclosulam (sulfonanilida triazolopirimidina) (943 g/kg);Herbicida;CTVA Proteção de Cultivos Ltda - Barueri (Tamboré); (Corteva Agriscience LLC - Midland - Michigan<ESTADOS UNIDOS>FABRICANTE) +  (Deccan Fine Chemicals (India) Limited - Andhra Pradesh<ÍNDIA>FABRICANTE) +  (Deccan Fine Chemicals (India) Limited - Andhra Pradesh<ÍNDIA>FABRICANTE);III;II
TC06825;Diclosulam Técnico Alta;diclosulam (sulfonanilida triazolopirimidina) (970 g/kg);Herbicida;ALTA - America Latina Tecnologia Agrícola Ltda.- Curitiba; (Jiangsu Agrochem Laboratory Co., Ltd - Changzhou <CHINA, REPUBLICA POPULAR>FABRICANTE);PT;II
TC28325;Diclosulam Técnico Avgust;diclosulam (sulfonanilida triazolopirimidina) (970 g/kg);Herbicida;Avgust Crop Protection Importação e Exportação Ltda.; (Jiangsu Agrochem Laboratory Co., Ltd - Changzhou <CHINA, REPUBLICA POPULAR>FABRICANTE);PT;II
TC21325;Diclosulam Técnico Bioseen;diclosulam (sulfonanilida triazolopirimidina) (975 g/kg);Herbicida;Biorisk - Assessoria e Comércio de Produtos Agrícolas Ltda.; (Inner Mongolia Join Dream Fine Chemicals Co. Ltd.<CHINA, REPUBLICA POPULAR>FABRICANTE);PT;II
TC14226;Diclosulam Técnico CCAB;diclosulam (sulfonanilida triazolopirimidina) (970 g/kg);Herbicida;CCAB Agro S.A.   São Paulo; (Inner Mongolia Join Dream Fine Chemicals Co. Ltd.<CHINA, REPUBLICA POPULAR>FABRICANTE) +  (Jiangsu Agrochem Laboratory Co., Ltd - Changzhou <CHINA, REPUBLICA POPULAR>FABRICANTE) +  (Max (Rudong) Chemicals Co., Ltd.<CHINA, REPUBLICA POPULAR>FABRICANTE);PT;II
TC05825;Diclosulam Técnico Cropchem;diclosulam (sulfonanilida triazolopirimidina) (970 g/kg);Herbicida;Cropchem Ltda - Porto Alegre; (Jiangsu Agrochem Laboratory Co., Ltd - Changzhou <CHINA, REPUBLICA POPULAR>FABRICANTE) +  (Inner Mongolia Join Dream Fine Chemicals Co. Ltd.<CHINA, REPUBLICA POPULAR>FABRICANTE);PT;II
TC19924;Diclosulam Técnico FB;diclosulam (sulfonanilida triazolopirimidina) (970 g/kg);Herbicida;Agroallianz S.A; (Jiangsu Agrochem Laboratory Co., Ltd - Changzhou <CHINA, REPUBLICA POPULAR>FABRICANTE);PT;II
TC28025;Diclosulam Técnico Loveland;diclosulam (sulfonanilida triazolopirimidina) (970 g/kg);Herbicida;Agriconnection Importadora e Exportadora de Insumos Agrícolas - Barueri/SP; (Jiangsu Agrochem Laboratory Co., Ltd - Changzhou <CHINA, REPUBLICA POPULAR>FABRICANTE);PT;II
TC19925;Diclosulam Técnico NGC;diclosulam (sulfonanilida triazolopirimidina) (975 g/kg);Herbicida;NGC Agrosciences Brasil Ltda - Botucatu/SP; (Inner Mongolia Join Dream Fine Chemicals Co. Ltd.<CHINA, REPUBLICA POPULAR>FABRICANTE);PT;II
TC10825;Diclosulam Técnico Nortox;diclosulam (sulfonanilida triazolopirimidina) (970 g/kg);Herbicida;Nortox S.A. - Arapongas; (Jiangsu Agrochem Laboratory Co., Ltd - Changzhou <CHINA, REPUBLICA POPULAR>FABRICANTE);PT;II
TC28125;Diclosulam Técnico RTM;diclosulam (sulfonanilida triazolopirimidina) (975 g/kg);Herbicida;Albaugh Agro Brasil Ltda.- São Paulo; (Inner Mongolia Join Dream Fine Chemicals Co. Ltd.<CHINA, REPUBLICA POPULAR>FABRICANTE);PT;II
TC06526;Diclosulam Técnico Rainbow;diclosulam (sulfonanilida triazolopirimidina) (980 g/kg);Herbicida;Rainbow Defensivos Agrícolas Ltda.- Porto Alegre /RS ; (Shandong Weifang Rainbow Chemical Co., Ltd. - Unidade Fabril 02<CHINA, REPUBLICA POPULAR>FABRICANTE);PT;II
TC07925;Diclosulam Técnico Tecnomyl;diclosulam (sulfonanilida triazolopirimidina) (975 g/kg);Herbicida;Tecnomyl Brasil Distribuidora de Produtos Agrícolas Ltda - Foz do Iguaçu; (Inner Mongolia Join Dream Fine Chemicals Co. Ltd.<CHINA, REPUBLICA POPULAR>FABRICANTE);PT;II
5114;Difcor Tecnico;difenoconazol (triazol) (970 g/kg);Fungicida;Globachem Proteção de Cultivos do Brasil Ltda. - Campinas/SP; (Zhejiang Heben Pesticide & Chemicals Co. Ltd.<CHINA, REPUBLICA POPULAR>FABRICANTE);I;II
TC14720;Difen Técnico;difenoconazol (triazol) (950 g/kg);Fungicida;CHDS do Brasil Comércio de Insumos Agrícolas Ltda - São Miguel do Iguaçu/PR   ; (Huikwang Corporation-Tainan<TAIWAN (ILHA FORMOSA)>FABRICANTE);PT;II
TC01425;Difenoconazol Ascenza Técnico;difenoconazol (triazol) (965 g/kg);Fungicida;Ascenza Brasil Ltda - Hortolândia/SP; (Shandong United Pesticide Industry Co., Ltd.<CHINA, REPUBLICA POPULAR>FABRICANTE) +  (Zhejiang Udragon Bioscience Co. Ltd<CHINA, REPUBLICA POPULAR>FABRICANTE);PT;II
TC10125;Difenoconazol Técnico Ada BR;difenoconazol (triazol) (965 g/kg);Fungicida;Adama Brasil S.A.- Londrina/PR; (Zhejiang Udragon Bioscience Co. Ltd<CHINA, REPUBLICA POPULAR>FABRICANTE);PT;II
TC05620;Difenoconazol Técnico Adama;difenoconazol (triazol) (965 g/kg);Fungicida;Adama Brasil S.A.- Londrina/PR; (Tagros Chemicals India Private Limited - Tamil Nadu <ÍNDIA>FABRICANTE);PT;II
TC06024;Difenoconazol Técnico Adama 2;difenoconazol (triazol) (980 g/kg);Fungicida;Adama Brasil S.A.- Londrina/PR; (Shandong Weifang Rainbow Chemical Co., Ltd. - Unidade Fabril 01<CHINA, REPUBLICA POPULAR>FABRICANTE);PT;II
14819;Difenoconazol Técnico Adama BR;difenoconazol (triazol) (950 g/kg);Fungicida;Adama Brasil S.A.- Londrina/PR; (Jiangsu Sevencontinent Green Chemical Co., Ltd - Unit II<CHINA, REPUBLICA POPULAR>FABRICANTE);I;II
TC10025;Difenoconazol Técnico Alta;difenoconazol (triazol) (950 g/kg);Fungicida;ALTA - America Latina Tecnologia Agrícola Ltda.- Curitiba; (Jiangsu Sevencontinent Green Chemical Co., Ltd - Unit I<CHINA, REPUBLICA POPULAR>FABRICANTE) +  (Tagros Chemicals India Private Limited - Tamil Nadu <ÍNDIA>FABRICANTE);PT;II
03419;Difenoconazol Técnico CCAB;difenoconazol (triazol) (980 g/kg);Fungicida;CCAB Agro S.A.   São Paulo; (Shandong Weifang Shuangxing Pesticide Co. Ltd.<CHINA, REPUBLICA POPULAR>FABRICANTE);I;II
TC20226;Difenoconazol Técnico Cropchem III;difenoconazol (triazol) (970 g/kg);Fungicida;Cropchem Ltda - Porto Alegre; (Jiangsu Heben Biochemical Co., Ltd. <CHINA, REPUBLICA POPULAR>FABRICANTE);PT;II
TC22822;Difenoconazol Técnico FMC;difenoconazol (triazol) (950 g/kg);Fungicida;FMC Química do Brasil Ltda. - Campinas/SP; (Limin Chemical Co.,Ltd (Unidade II)<CHINA, REPUBLICA POPULAR>FABRICANTE);PT;II
TC14325;Difenoconazol Técnico Ihara II;difenoconazol (triazol) (960 g/kg);Fungicida;Iharabras S.A. Indústria Químicas - Sorocaba; (Qingdao Hengning Biotechnology Co., Ltd.<CHINA, REPUBLICA POPULAR>FABRICANTE);PT;II
TC09925;Difenoconazol Técnico Ihara III;difenoconazol (triazol) (950 g/kg);Fungicida;Iharabras S.A. Indústria Químicas - Sorocaba; (Jiangsu Sevencontinent Green Chemical Co., Ltd - Unit I<CHINA, REPUBLICA POPULAR>FABRICANTE);PT;II
TC04925;Difenoconazol Técnico OF;difenoconazol (triazol) (960 g/kg);Fungicida;Ouro Fino Química S.A. - Uberaba; (Jiangsu Chengyang Crop Science Co. Ltd. <CHINA, REPUBLICA POPULAR>FABRICANTE);PT;II
TC04825;Difenoconazol Técnico Ouro Fino;difenoconazol (triazol) (950 g/kg);Fungicida;Ouro Fino Química S.A. - Uberaba; (Jiangsu Sevencontinent Green Chemical Co., Ltd - Unit II<CHINA, REPUBLICA POPULAR>FABRICANTE);PT;II
TC14225;Difenoconazol Técnico Oxiquímica ;difenoconazol (triazol) (960 g/kg);Fungicida;Oxiquímica Agrociência Ltda; (Qingdao Hengning Biotechnology Co., Ltd.<CHINA, REPUBLICA POPULAR>FABRICANTE);PT;II
TC11526;Difenoconazol Técnico Perterra;difenoconazol (triazol) (970 g/kg);Fungicida;Perterra Insumos Agropecuários S.A.  São Paulo/SP; (Jiangsu Heben Biochemical Co., Ltd. <CHINA, REPUBLICA POPULAR>FABRICANTE);PT;II
TC02521;Difenoconazol Técnico Rainbow;difenoconazol (triazol) (980 g/kg);Fungicida;Rainbow Defensivos Agrícolas Ltda.- Porto Alegre /RS ; (Shandong Weifang Rainbow Chemical Co., Ltd. - Unidade Fabril 01<CHINA, REPUBLICA POPULAR>FABRICANTE);PT;II
44919;Difenoconazol Técnico Stockton;difenoconazol (triazol) (980 g/kg);Fungicida;Stockton Agrimor do Brasil Ltda.; (Shandong Weifang Shuangxing Pesticide Co. Ltd.<CHINA, REPUBLICA POPULAR>FABRICANTE);PT;II
TC04525;Difenoconazol Técnico Tecnomyl;difenoconazol (triazol) (950 g/kg);Fungicida;Tecnomyl Brasil Distribuidora de Produtos Agrícolas Ltda - Foz do Iguaçu; (Jiangsu Sevencontinent Green Chemical Co., Ltd - Unit I<CHINA, REPUBLICA POPULAR>FABRICANTE);PT;II
TC08726;Difenoconazol Técnico Tecnomyl II;difenoconazol (triazol) (960 g/kg);Fungicida;Tecnomyl Brasil Distribuidora de Produtos Agrícolas Ltda - Foz do Iguaçu; (Jiangsu Chengyang Crop Science Co. Ltd. <CHINA, REPUBLICA POPULAR>FABRICANTE);PT;II
TC20626;Difenoconazol Técnico UPL;difenoconazol (triazol) (970 g/kg);Fungicida;UPL do Brasil Indústria e Comércio de Insumos Agropecuários S.A. - Matriz Ituverava/SP ; (Jiangsu Heben Biochemical Co., Ltd. <CHINA, REPUBLICA POPULAR>FABRICANTE);PT;II
4306;Difenoconazole 94 Técnico Helm;difenoconazol (triazol) (940 g/kg);Fungicida;Helm do Brasil Mercantil - São Paulo/SP; (Atul Limited<ÍNDIA>FABRICANTE);III;II
00219;Difenoconazole JS Técnico Helm;difenoconazol (triazol) (950 g/kg);Fungicida;Helm do Brasil Mercantil - São Paulo/SP; (Jiangsu Sevencontinent Green Chemical Co., Ltd - Unit I<CHINA, REPUBLICA POPULAR>FABRICANTE) +  (Jiangsu Chengyang Crop Science Co. Ltd. <CHINA, REPUBLICA POPULAR>FABRICANTE);I;II
TC25022;Difenoconazole L Técnico Helm;difenoconazol (triazol) (950 g/kg);Fungicida;Helm do Brasil Mercantil - São Paulo/SP; (Limin Chemical Co.,Ltd (Unidade II)<CHINA, REPUBLICA POPULAR>FABRICANTE);PT;II
TC06020;Difenoconazole Tecnico Nortox IV;difenoconazol (triazol) (965 g/kg);Fungicida;Nortox S.A. - Arapongas; (Tagros Chemicals Índia Limited - Egmore Chennai<ÍNDIA>FABRICANTE);PT;II
TC26222;Difenoconazole Técnico ADA;difenoconazol (triazol) (950 g/kg);Fungicida;Adama Brasil S.A.- Londrina/PR; (Limin Chemical Co.,Ltd (Unidade I)<CHINA, REPUBLICA POPULAR>FABRICANTE);PT;II
19816;Difenoconazole Técnico Avgust;difenoconazol (triazol) (950 g/kg);Fungicida;Avgust Crop Protection Importação e Exportação Ltda.; (Changzhou August Agrochem Company Limited<CHINA, REPUBLICA POPULAR>FABRICANTE) +  (Lion Agrevo (Jiangsu) Co,.Ltd<CHINA, REPUBLICA POPULAR>FABRICANTE);I;II
TC05820;Difenoconazole Técnico CCAB ;difenoconazol (triazol) (965 g/kg);Fungicida;CCAB Agro S.A.   São Paulo; (Tagros Chemicals India Private Limited - Tamil Nadu <ÍNDIA>FABRICANTE);PT;II
TC07325;Difenoconazole Técnico FB;difenoconazol (triazol) (950 g/kg);Fungicida;Agroallianz S.A; (Jiangsu Sevencontinent Green Chemical Co., Ltd - Unit II<CHINA, REPUBLICA POPULAR>FABRICANTE);PT;II
TC09826;Difenoconazole Técnico GSP;difenoconazol (triazol) (970 g/kg);Fungicida;GSP Agroquímica do Brasil Ltda - Porto Alegra/RS; (GSP Crop Science Limited - Nandesari<ÍNDIA>FABRICANTE);PT;II
TC14125;Difenoconazole Técnico Hailir;difenoconazol (triazol) (960 g/kg);Fungicida;Hailir Brasil Defensivos Agricolas Ltda - São Paulo/SP; (Qingdao Hengning Biotechnology Co., Ltd.<CHINA, REPUBLICA POPULAR>FABRICANTE);PT;II
TC12626;Difenoconazole Técnico Heben;difenoconazol (triazol) (970 g/kg);Fungicida;Biorisk - Assessoria e Comércio de Produtos Agrícolas Ltda.; (Jiangsu Heben Biochemical Co., Ltd. <CHINA, REPUBLICA POPULAR>FABRICANTE);PT;II
14919;Difenoconazole Técnico JS FMC;difenoconazol (triazol) (950 g/kg);Fungicida;FMC Química do Brasil Ltda. - Campinas/SP; (Jiangsu Sevencontinent Green Chemical Co., Ltd - Unit I<CHINA, REPUBLICA POPULAR>FABRICANTE);I;II
TC11926;Difenoconazole Técnico JXT;difenoconazol (triazol) (970 g/kg);Fungicida;Voagri Biotec do Brasil Ltda- Brasília/DF; (Jiangxi Xinzhen Technology Co., Ltd.<CHINA, REPUBLICA POPULAR>FABRICANTE);PT;II
TC22922;Difenoconazole Técnico Limin;difenoconazol (triazol) (950 g/kg);Fungicida;Limin Biotechnology do Brasil Ltda - São Paulo/SP; (Limin Chemical Co.,Ltd (Unidade II)<CHINA, REPUBLICA POPULAR>FABRICANTE);PT;II
TC12523;Difenoconazole Técnico Nortox;difenoconazol (triazol) (950 g/kg);Fungicida;Nortox S.A. - Arapongas; (Limin Chemical Co.,Ltd (Unidade II)<CHINA, REPUBLICA POPULAR>FABRICANTE);PT;II
TC24825;Difenoconazole Técnico Nortox II;difenoconazol (triazol) (965 g/kg);Fungicida;Nortox S.A. - Arapongas; (Zhejiang Udragon Bioscience Co. Ltd<CHINA, REPUBLICA POPULAR>FABRICANTE);PT;II
40418;Difenoconazole Técnico Pilarquim;difenoconazol (triazol) (980 g/L);Fungicida;Pilarquim Br Comercial Ltda.- São Paulo;;I;II
TC01025;Difenoconazole Técnico Rotam;difenoconazol (triazol) (965 g/kg);Fungicida;Albaugh Agro Brasil Ltda.- São Paulo; (Zhejiang Udragon Bioscience Co. Ltd<CHINA, REPUBLICA POPULAR>FABRICANTE);PT;II
TC02424;Difenoconazole Técnico SAU;difenoconazol (triazol) (970 g/kg);Fungicida;Biorisk - Assessoria e Comércio de Produtos Agrícolas Ltda.; (Shandong United Pesticide Industry Co., Ltd.<CHINA, REPUBLICA POPULAR>FABRICANTE);PT;II
TC09125;Difenoconazole Técnico SC;difenoconazol (triazol) (950 g/kg);Fungicida;Lemma Agronegócios Importação e Exportação Ltda.; (Jiangsu Sevencontinent Green Chemical Co., Ltd - Unit I<CHINA, REPUBLICA POPULAR>FABRICANTE);PT;II
TC16625;Difenoconazole Técnico SCH;difenoconazol (triazol) (960 g/kg);Fungicida;Sinochem Agro do Brasil Ltda. ; (Jiangsu Chengyang Crop Science Co. Ltd. <CHINA, REPUBLICA POPULAR>FABRICANTE);PT;II
00319;Difenoconazole Técnico SNB;difenoconazol (triazol) (950 g/kg);Fungicida;Sipcam Nichino Brasil S.A. - Uberaba/MG; (Jiangsu Sevencontinent Green Chemical Co., Ltd - Unit II<CHINA, REPUBLICA POPULAR>FABRICANTE);I;II
TC03925;Difenoconazole Técnico STK;difenoconazol (triazol) (965 g/kg);Fungicida;Stockton Agrimor do Brasil Ltda.; (Zhejiang Udragon Bioscience Co. Ltd<CHINA, REPUBLICA POPULAR>FABRICANTE);PT;II
TC15726;Difenoconazole Técnico Sino-Agri;difenoconazol (triazol) (950 g/kg);Fungicida;Lemma Agronegócios Importação e Exportação Ltda.; (Jiangsu Frey Agrochemicals Co., Ltd<CHINA, REPUBLICA POPULAR>FABRICANTE);PT;II
TC03225;Difenoconazole Técnico Sumitomo;difenoconazol (triazol) (965 g/kg);Fungicida;Sumitomo Chemical Brasil Indústria Química S.A. - Maracanaú/CE; (Zhejiang Udragon Bioscience Co. Ltd<CHINA, REPUBLICA POPULAR>FABRICANTE);PT;II
TC00824;Difenoconazole Técnico Sumitomo BR;difenoconazol (triazol) (950 g/kg);Fungicida;Sumitomo Chemical Brasil Indústria Química S.A. - Maracanaú/CE; (Jiangsu Sevencontinent Green Chemical Co., Ltd - Unit I<CHINA, REPUBLICA POPULAR>FABRICANTE);PT;II
TC05720;Difenoconazole Técnico Tagros;difenoconazol (triazol) (965 g/kg);Fungicida;Tagros Brasil Comércio de Produtos Químicos Ltda.; (Tagros Chemicals India Private Limited - Tamil Nadu <ÍNDIA>FABRICANTE);PT;II
TC00125;Difenoconazole Técnico Udragon;difenoconazol (triazol) (965 g/kg);Fungicida;Syncrom Assessoria e Comércio de Produtos Agropecuários  Ltda.; (Zhejiang Udragon Bioscience Co. Ltd<CHINA, REPUBLICA POPULAR>FABRICANTE);PT;II
TC19525;Difenoconazole Técnico YNX;difenoconazol (triazol) (950 g/kg);Fungicida;Longwind Cropscience Brazil Ltda - Porto Alegre/RS; (Ningxia Yifan Biotechnology Co. Ltd.<CHINA, REPUBLICA POPULAR>FABRICANTE);PT;II
TC03021;Difenoconazole Y Técnico Helm;difenoconazol (triazol) (965 g/kg);Fungicida;Helm do Brasil Mercantil - São Paulo/SP; (Yifan Biotechnology Group Co. Ltd.<CHINA, REPUBLICA POPULAR>FABRICANTE);PT;II
TC01125;Difenoconazole ZB Técnico Helm;difenoconazol (triazol) (965 g/kg);Fungicida;Helm do Brasil Mercantil - São Paulo/SP; (Zhejiang Udragon Bioscience Co. Ltd<CHINA, REPUBLICA POPULAR>FABRICANTE);PT;II
4117;Diflubenzurom Tecnico Sumitomo BR;diflubenzurom (benzoiluréia) (980 g/kg);Inseticida;Sumitomo Chemical Brasil Indústria Química S.A. - Maracanaú/CE; (Shangyu Nutrichem Co., Ltd.<CHINA, REPUBLICA POPULAR>FABRICANTE);II;III
TC19022;Diflubenzurom Técnico Consagro;diflubenzurom (benzoiluréia) (960 g/kg);Inseticida;Albaugh Agro Brasil Ltda.- São Paulo; (Jiangsu Agrochem Laboratory Co., Ltd - Changzhou <CHINA, REPUBLICA POPULAR>FABRICANTE);PT;II
32718;Diflubenzurom Técnico Cropchem;diflubenzurom (benzoiluréia) (970 g/kg);Acaricida/Inseticida;Cropchem Ltda - Porto Alegre; (Dezhou Luba Fine Chemical Co. Ltd<CHINA, REPUBLICA POPULAR>FABRICANTE);II;III
TC10722;Diflubenzurom Técnico Gharda;diflubenzurom (benzoiluréia) (970 g/kg);Acaricida/Inseticida;Gharda do Brasil Soluções Agrícolas Ltda. ; (Gharda Chemical Limited - Lote Plant<ÍNDIA>FABRICANTE);PT;II
17518;Diflubenzurom Técnico ME2;diflubenzurom (benzoiluréia) (980 g/kg);Acaricida/Inseticida;UPL do Brasil Indústria e Comércio de Insumos Agropecuários S.A. - Matriz Ituverava/SP ; (Shangyu Nutrichem Co., Ltd.<CHINA, REPUBLICA POPULAR>FABRICANTE);II;II
TC06220;Diflubenzurom Técnico OF;diflubenzurom (benzoiluréia) (970 g/kg);Inseticida;Ouro Fino Química S.A. - Uberaba; (Dezhou Luba Fine Chemical Co. Ltd<CHINA, REPUBLICA POPULAR>FABRICANTE);PT;II
05518;Diflubenzurom Técnico Ouro Fino;diflubenzurom (benzoiluréia) (950 g/kg);Acaricida/Inseticida;Ouro Fino Química S.A. - Uberaba; (Jiangyin Suli Chemical Co. Ltd. - Jiangsu<CHINA, REPUBLICA POPULAR>FABRICANTE) +  (Gharda Chemical Limited - Lote Plant<ÍNDIA>FABRICANTE) +  (Taizhou Bailly Chemical Co., Limited<CHINA, REPUBLICA POPULAR>FABRICANTE);II;II
TC02323;Diflubenzurom Técnico Rainbow;diflubenzurom (benzoiluréia) (970 g/kg);Acaricida/Inseticida;Rainbow Defensivos Agrícolas Ltda.- Porto Alegre /RS ; (Dezhou Luba Fine Chemical Co. Ltd<CHINA, REPUBLICA POPULAR>FABRICANTE);PT;II
TC04122;Diflubenzurom Técnico SL;diflubenzurom (benzoiluréia) (970 g/kg);Acaricida/Inseticida;CHDS do Brasil Comércio de Insumos Agrícolas Ltda - São Miguel do Iguaçu/PR   ; (Dezhou Luba Fine Chemical Co. Ltd<CHINA, REPUBLICA POPULAR>FABRICANTE);PT;III
3507;Diflubenzuron 96 Técnico Helm;diflubenzurom (benzoiluréia) (960 g/kg);Acaricida/Inseticida;Helm do Brasil Mercantil - São Paulo/SP; (Hebei Veyong Bio-Chemical CO., Ltd<CHINA, REPUBLICA POPULAR>FABRICANTE);II;II
2616;Diflubenzuron Tecnico Avgust;diflubenzurom (benzoiluréia) (970 g/kg);Acaricida/Inseticida;Avgust Crop Protection Importação e Exportação Ltda.; (Changzhou August Agrochem Company Limited<CHINA, REPUBLICA POPULAR>FABRICANTE) +  (Taizhou Bailly Chemical Co., Limited<CHINA, REPUBLICA POPULAR>FABRICANTE);II;II
25617;Diflubenzuron Tecnico CCAB;diflubenzurom (benzoiluréia) (980 g/kg);Acaricida/Inseticida;CCAB Agro S.A.   São Paulo; (Shangyu Nutrichem Co., Ltd.<CHINA, REPUBLICA POPULAR>FABRICANTE);II;III
25917;Diflubenzuron Tecnico Tecnomyl;diflubenzurom (benzoiluréia) (980 g/kg);Acaricida/Inseticida;Tecnomyl Brasil Distribuidora de Produtos Agrícolas Ltda - Foz do Iguaçu; (Shangyu Nutrichem Co., Ltd.<CHINA, REPUBLICA POPULAR>FABRICANTE);II;III
1608300;Diflubenzuron Técnico;diflubenzurom (benzoiluréia) (960 g/kg);Inseticida;UPL do Brasil Indústria e Comércio de Insumos Agropecuários S.A. - Matriz Ituverava/SP ; (Lanxess Manufacturing Netherlands B.V.<PAÍSES BAIXOS, HOLANDA>FABRICANTE) +  (Taizhou Bailly Chemical Co., Limited<CHINA, REPUBLICA POPULAR>FABRICANTE);II;II
9016;Diflubenzuron Técnico 970 AGCN;diflubenzurom (benzoiluréia) (970 g/kg);Acaricida/Inseticida;Agriconnection Importadora e Exportadora de Insumos Agrícolas - Barueri/SP; (Dezhou Luba Fine Chemical Co. Ltd<CHINA, REPUBLICA POPULAR>FABRICANTE);II;II
9313;Diflubenzuron Técnico Agroimport;diflubenzurom (benzoiluréia) (950 g/kg);Acaricida/Inseticida;Agro Import do Brasil Ltda. - Porto Alegre/RS; (Jiangyin Suli Chemical Co. Ltd. - Jiangsu<CHINA, REPUBLICA POPULAR>FABRICANTE);II;III
35218;Diflubenzuron Técnico Prentiss;diflubenzurom (benzoiluréia) (970 g/kg);Acaricida/Inseticida;Prentiss Química Ltda. - Campo Largo/PR; (Dezhou Luba Fine Chemical Co. Ltd<CHINA, REPUBLICA POPULAR>FABRICANTE) +  (Shangyu Nutrichem Co., Ltd.<CHINA, REPUBLICA POPULAR>FABRICANTE);II;III
4017;Diflubenzuron Técnico Proventis;diflubenzurom (benzoiluréia) (980 g/kg);Acaricida/Inseticida;Proventis Lifescience Defensivos Agrícolas Ltda; (Shangyu Nutrichem Co., Ltd.<CHINA, REPUBLICA POPULAR>FABRICANTE);II;II
04319;Diflubenzuron Técnico SH;diflubenzurom (benzoiluréia) (970 g/kg);Acaricida/Inseticida;Sharda do Brasil Comércio de Produtos Químicos e Agroquímicos LTDA; (Anyang Anlin Biochemistry - Anyang<CHINA, REPUBLICA POPULAR>FABRICANTE) +  (Dezhou Luba Fine Chemical Co. Ltd<CHINA, REPUBLICA POPULAR>FABRICANTE);II;III
5607;Diflubenzuron Técnico Sinon;diflubenzurom (benzoiluréia) (959.7 g/kg);Acaricida/Inseticida;Sinon do Brasil Ltda. - Porto Alegre /RS.; (Sinon Corporation - Taiwan<TAIWAN (ILHA FORMOSA)>FABRICANTE) +  (Sinon Chemical CO. Ltd - Hubei/Shanghai<CHINA, REPUBLICA POPULAR>FABRICANTE);III;II
32818;Diflubenzuron Técnico Sulphur Mills;diflubenzurom (benzoiluréia) (970 g/kg);Inseticida;SM Agrocare Brasil Importação Comércio e Serviços Agrícolas Ltda; (Dezhou Luba Fine Chemical Co. Ltd<CHINA, REPUBLICA POPULAR>FABRICANTE);II;II
2904;Diflubenzuron Técnico Sumitomo;diflubenzurom (benzoiluréia) (950 g/kg);Inseticida;Sumitomo Chemical Brasil Indústria Química S.A. - Maracanaú/CE; (Gharda Chemical Limited - Lote Plant<ÍNDIA>FABRICANTE) +  (Sumitomo Chemical Brasil Indústria Química S.A. - Maracanaú/CE<BRASIL>FABRICANTE);III;III
9110;Diflubenzuron Técnico UPL;diflubenzurom (benzoiluréia) (950 g/kg);Acaricida/Inseticida;UPL do Brasil Indústria e Comércio de Insumos Agropecuários S.A. - Matriz Ituverava/SP ; (Jiangyin Suli Chemical Co. Ltd. - Jiangsu<CHINA, REPUBLICA POPULAR>FABRICANTE);II;II
TC15725;Diflufenicam Técnico Nortox;diflufenicam (anilida) (980 g/kg);Herbicida;Nortox S.A. - Arapongas; (Jiangsu Corechem Co. Ltd.<CHINA, REPUBLICA POPULAR>FABRICANTE);PT;II
TC15825;Diflufenican Técnico Cropchem II;diflufenicam (anilida) (980 g/kg);Herbicida;Cropchem Ltda - Porto Alegre; (Jiangsu Corechem Co. Ltd.<CHINA, REPUBLICA POPULAR>FABRICANTE);PT;II
40518;Difo Técnico;difenoconazol (triazol) (960 g/kg);Fungicida;Sharda do Brasil Comércio de Produtos Químicos e Agroquímicos LTDA; (Lier Chemical Co. Ltd.<CHINA, REPUBLICA POPULAR>FABRICANTE);I;II
2395;Dimethomorph Técnico;dimetomorfe (morfolina) (950 g/kg);Fungicida;Basf Agricultural Solutions Brasil Ltda  São Paulo/SP; (Servatis S.A., Massa Falida da Sociedade Empresaria <BRASIL>FABRICANTE) +  (BASF SE  - Ludwigshafen<ALEMANHA>FABRICANTE) +  (Adama Huifeng (Jiangsu) Ltd.<CHINA, REPUBLICA POPULAR>FABRICANTE);III;III
TC01423;Dimethomorph Técnico Brilliance I;dimetomorfe (morfolina) (975 g/kg);Fungicida;Brilliance Produtos Agrícolas Ltda; (Shandong Cynda Chemical Co. LTD<CHINA, REPUBLICA POPULAR>FABRICANTE);PT;III
TC14120;Dimethomorph Técnico Rotam;dimetomorfe (morfolina) (975 g/kg);Fungicida;Albaugh Agro Brasil Ltda.- São Paulo; (Shandong Cynda Chemical Co. LTD<CHINA, REPUBLICA POPULAR>FABRICANTE);PT;III
1168998;Dimetoato Técnico Cheminova;dimetoato (organofosforado) (960 g/kg);Acaricida/Inseticida;FMC Química do Brasil Ltda. - Campinas/SP; (Cheminova  A/S - Harboore<DINAMARCA>FABRICANTE) +  (Jiangsu Tenglong Biological & Medicinal Co., Ltd.<CHINA, REPUBLICA POPULAR>FABRICANTE);II;II
1418798;Dimetoato Técnico Nortox;dimetoato (organofosforado) (970 g/kg);Acaricida;Nortox S.A. - Arapongas; (Nortox S.A. - Arapongas<BRASIL>FABRICANTE) +  (Nortox S.A. - Arapongas<BRASIL>FABRICANTE);II;II
118904;Dimetoato Técnico Sumitomo;dimetoato (organofosforado) (950 g/kg);Inseticida;Sumitomo Chemical Brasil Indústria Química S.A. - Maracanaú/CE; (Rallis India Ltd. - Bangalore<ÍNDIA>FABRICANTE) +  (Tianjin Rotam Chemical Industry., LTD<CHINA, REPUBLICA POPULAR>FABRICANTE) +  (Fujian Sannong Chemisty CO. LTD.<CHINA, REPUBLICA POPULAR>FABRICANTE);II;II
TC07121;Dimetomorfe Tradecorp Técnico;dimetomorfe (morfolina) (971 g/kg);Fungicida;Ascenza Brasil Ltda - Hortolândia/SP; (Jiangsu Flag Chemical Industry Co., Ltd.<CHINA, REPUBLICA POPULAR>FABRICANTE) +  (Shandong United Pesticide Industry Co., Ltd.<CHINA, REPUBLICA POPULAR>FABRICANTE);PT;III
TC15020;Dimetomorfe Técnico Adama;dimetomorfe (morfolina) (975 g/kg);Fungicida;Adama Brasil S.A.- Londrina/PR; (Shandong Cynda Chemical Co. LTD<CHINA, REPUBLICA POPULAR>FABRICANTE);PT;III
6815;Dimetomorfe Técnico Milenia;dimetomorfe (morfolina) (960 g/kg);Fungicida;Adama Brasil S.A.- Londrina/PR; (Adama Agricultural Solutions Ltd. - Beer Sheva<ISRAEL>FABRICANTE) +  (Hebei Wanquan Lihua Chemicals Co. Ltd<CHINA, REPUBLICA POPULAR>FABRICANTE) +  (Shandong Cynda Chemical Co. LTD<CHINA, REPUBLICA POPULAR>FABRICANTE);III;III
TC14620;Dimetomorfe Técnico Nortox II;dimetomorfe (morfolina) (975 g/kg);Fungicida;Nortox S.A. - Arapongas; (Shandong Cynda Chemical Co. LTD<CHINA, REPUBLICA POPULAR>FABRICANTE);PT;III
TC12124;Dimetomorfe Técnico SAU;dimetomorfe (morfolina) (980 g/kg);Fungicida;Biorisk - Assessoria e Comércio de Produtos Agrícolas Ltda.; (Shandong United Pesticide Industry Co., Ltd.<CHINA, REPUBLICA POPULAR>FABRICANTE);PT;III
TC14220;Dimetomorfe Técnico SD;dimetomorfe (morfolina) (975 g/kg);Fungicida;Sharda do Brasil Comércio de Produtos Químicos e Agroquímicos LTDA; (Shandong Cynda Chemical Co. LTD<CHINA, REPUBLICA POPULAR>FABRICANTE);PT;III
12815;Dimoxystrobin Técnico;dimoxistrobin (estrobilurina) (980 g/kg);Fungicida;Basf Agricultural Solutions Brasil Ltda  São Paulo/SP; (Basf Agri-Production SAS-Usine d'Elbeuf<FRANÇA>FABRICANTE) +  (Basf S.A.  Guaratinguetá<BRASIL>FABRICANTE);II;II
10299;Dinamaz Técnico Cheminova;imazetapir (imidazolinona) (980 g/kg);Herbicida;FMC Química do Brasil Ltda. - Campinas/SP; (Cheminova India Ltd. - Panoli<ÍNDIA>FABRICANTE) +  (Shandong Cynda Chemical Co. LTD<CHINA, REPUBLICA POPULAR>FABRICANTE);III;III
10501;Dinamic Técnico;amicarbazona (triazolinona) (965 g/kg);Herbicida;UPL do Brasil Indústria e Comércio de Insumos Agropecuários S.A. - Matriz Ituverava/SP ; (Saltigo GmbH- Leverkusen<ALEMANHA>FABRICANTE) +  (Deccan Fine Chemicals (India) Limited - Andhra Pradesh<ÍNDIA>FABRICANTE) +  (UPL Limited - Jhagadia<ÍNDIA>FABRICANTE);III;II
04413;Dinamic Técnico Arysta;amicarbazona (triazolinona) (965 g/kg);Herbicida;UPL do Brasil Indústria e Comércio de Insumos Agropecuários S.A. - Matriz Ituverava/SP ; (Green Life Science Co., Ltd.<CORÉIA (DO SUL), REPÚBLICA DA>FABRICANTE);III;II
21718;Dinamic Técnico DC;amicarbazona (triazolinona) (965 g/kg);Fungicida/Herbicida;UPL do Brasil Indústria e Comércio de Insumos Agropecuários S.A. - Matriz Ituverava/SP ;;III;II
00518;Dinamic Técnico RL;amicarbazona (triazolinona) (965 g/kg);Herbicida;UPL do Brasil Indústria e Comércio de Insumos Agropecuários S.A. - Matriz Ituverava/SP ; (Rallis India Limited - Bharuch<ÍNDIA>FABRICANTE);III;II
29119;Dinno Técnico;Dinotefuram (neonicotinóide) (991 g/kg);Inseticida;Iharabras S.A. Indústria Químicas - Sorocaba; (Mitsui Chemicals INC. - Fukuoka<JAPÃO>FABRICANTE) +  (Deccan Fine Chemicals (India) Limited - Andhra Pradesh<ÍNDIA>FABRICANTE);I;II
TC09220;Dinotefuran Técnico ;Dinotefuram (neonicotinóide) (991 g/kg);Inseticida;Mitsui Chemicals do Brasil Comércio Ltda.; (Mitsui Chemicals INC. - Fukuoka<JAPÃO>FABRICANTE) +  (Deccan Fine Chemicals (India) Limited - Andhra Pradesh<ÍNDIA>FABRICANTE);Não;II
01158191;Dipel Técnico;Bacillus thuringiensis (Produto Microbiológico) (251.45 g/kg);Inseticida Microbiológico;Sumitomo Chemical Brasil Indústria Química S.A. - Maracanaú/CE; (Abbott Laboratories  - Illinois<ESTADOS UNIDOS>FABRICANTE) +  (Valent Bioscience LLC - Iowa<ESTADOS UNIDOS>FABRICANTE);IV;IV
TC19325;Diquat Dibromide Técnico ABT;Dibrometo de diquate (bipiridílio) (400 g/kg);Herbicida;Agrobeats Defensivos Agrícolas Ltda ; (Lier Chemical Co. Ltd.<CHINA, REPUBLICA POPULAR>FABRICANTE);PT;II
23317;Diquat NH Técnico Helm;Dibrometo de diquate (bipiridílio) (400 g/kg);Herbicida;Helm do Brasil Mercantil - São Paulo/SP; (Nanjing Huazhou Pharmaceutical Co., Ltd.<CHINA, REPUBLICA POPULAR>FABRICANTE);II;II
TC17625;Diquat TK Técnico Lier;Dibrometo de diquate (bipiridílio) (400 g/kg);Herbicida;Foison do Brasil Defensivos Agrícolas e Comércio Ltda; (Lier Chemical Co. Ltd.<CHINA, REPUBLICA POPULAR>FABRICANTE) +  (Guangan Lier Chemical Co., Ltd.<CHINA, REPUBLICA POPULAR>FABRICANTE);PT;II
2016;Diquat Tecnico CCAB;Dibrometo de diquate (bipiridílio) (410 g/kg);Herbicida;CCAB Agro S.A.   São Paulo;;II;II
TC16520;Diquat Tecnico CCAB II;Dibrometo de diquate (bipiridílio) (400 g/kg);Herbicida;CCAB Agro S.A.   São Paulo; (Dezhou Luba Fine Chemical Co. Ltd<CHINA, REPUBLICA POPULAR>FABRICANTE) +  (ZheJiang Funong Biotech Co. Ltd.<CHINA, REPUBLICA POPULAR>FABRICANTE) +  (Nanjing Huazhou Pharmaceutical Co., Ltd.<CHINA, REPUBLICA POPULAR>FABRICANTE);PT;II
3428388;Diquat Técnico;Dibrometo de diquate (bipiridílio) (511.5 g/kg);Herbicida;Syngenta Proteção de Cultivos Ltda.  São Paulo/SP; (Syngenta Limited - Huddersfield<REINO UNIDO>FABRICANTE) +  (Ningxia Yongnong Biosciences Co., Ltd<CHINA, REPUBLICA POPULAR>FABRICANTE) +  (Nanjing Huazhou Pharmaceutical Co., Ltd.<CHINA, REPUBLICA POPULAR>FABRICANTE);I;II
TC09020;Diquat Técnico  NGC;Dibrometo de diquate (bipiridílio) (400 g/kg);Herbicida;NGC Agrosciences Brasil Ltda - Botucatu/SP; (Nanjing Huazhou Pharmaceutical Co., Ltd.<CHINA, REPUBLICA POPULAR>FABRICANTE);PT;II
TC13920;Diquat Técnico Agrogill;Dibrometo de diquate (bipiridílio) (410 g/kg);Herbicida;Agrogill Chemicals Ltda; (Dezhou Luba Fine Chemical Co. Ltd<CHINA, REPUBLICA POPULAR>FABRICANTE);PT;II
TC01924;Diquat Técnico Albaugh;Dibrometo de diquate (bipiridílio) (400 g/kg);Herbicida;Albaugh Agro Brasil Ltda.- São Paulo; (Nanjing Huazhou Pharmaceutical Co., Ltd.<CHINA, REPUBLICA POPULAR>FABRICANTE);PT;II
TC13720;Diquat Técnico Alta;Dibrometo de diquate (bipiridílio) (410 g/kg);Herbicida;ALTA - America Latina Tecnologia Agrícola Ltda.- Curitiba; (Nanjing Huazhou Pharmaceutical Co., Ltd.<CHINA, REPUBLICA POPULAR>FABRICANTE);PT;II
TC07620;Diquat Técnico CCAB III;Dibrometo de diquate (bipiridílio) (400 g/kg);Herbicida;CCAB Agro S.A.   São Paulo; (Nanjing Huazhou Pharmaceutical Co., Ltd.<CHINA, REPUBLICA POPULAR>FABRICANTE);PT;II
TC07720;Diquat Técnico Cropchem II;Dibrometo de diquate (bipiridílio) (400 g/kg);Herbicida;Cropchem Ltda - Porto Alegre; (Nanjing Huazhou Pharmaceutical Co., Ltd.<CHINA, REPUBLICA POPULAR>FABRICANTE);PT;II
TC09321;Diquat Técnico Cropchem III;Dibrometo de diquate (bipiridílio) (410 g/kg);Herbicida;Cropchem Ltda - Porto Alegre; (Dezhou Luba Fine Chemical Co. Ltd<CHINA, REPUBLICA POPULAR>FABRICANTE);PT;II
TC02124;Diquat Técnico EA;Dibrometo de diquate (bipiridílio) (400 g/kg);Herbicida;Eastchem do Brasil Ltda - Mogi das Cruzes/SP; (Nanjing Huazhou Pharmaceutical Co., Ltd.<CHINA, REPUBLICA POPULAR>FABRICANTE);PT;II
TC08920;Diquat Técnico FB;Dibrometo de diquate (bipiridílio) (400 g/kg);Herbicida;Agroallianz S.A; (Nanjing Huazhou Pharmaceutical Co., Ltd.<CHINA, REPUBLICA POPULAR>FABRICANTE);PT;II
TC13620;Diquat Técnico Ihara;Dibrometo de diquate (bipiridílio) (400 g/kg);Herbicida;Iharabras S.A. Indústria Químicas - Sorocaba; (Dezhou Luba Fine Chemical Co. Ltd<CHINA, REPUBLICA POPULAR>FABRICANTE) +  (ZheJiang Funong Biotech Co. Ltd.<CHINA, REPUBLICA POPULAR>FABRICANTE);PT;II
TC17726;Diquat Técnico Noon;Dibrometo de diquate (bipiridílio) (410 g/kg);Herbicida;Solagro Soluções Agrícolas Ltda - São Paulo/SP; (Jiangsu Noon Crop Science Co., Ltd.<CHINA, REPUBLICA POPULAR>FABRICANTE);PT;II
26218;Diquat Técnico Nortox;Dibrometo de diquate (bipiridílio) (400 g/kg);Herbicida;Nortox S.A. - Arapongas; (ZheJiang Funong Biotech Co. Ltd.<CHINA, REPUBLICA POPULAR>FABRICANTE);I;II
TC13820;Diquat Técnico Nortox BR;Dibrometo de diquate (bipiridílio) (410 g/kg);Herbicida;Nortox S.A. - Arapongas; (Dezhou Luba Fine Chemical Co. Ltd<CHINA, REPUBLICA POPULAR>FABRICANTE);PT;II
23417;Diquat Técnico Nortox III ;Dibrometo de diquate (bipiridílio) (400 g/kg);Herbicida;Nortox S.A. - Arapongas; (Nanjing Huazhou Pharmaceutical Co., Ltd.<CHINA, REPUBLICA POPULAR>FABRICANTE);II;II
12015;Diquat Técnico Rainbow;Dibrometo de diquate (bipiridílio) (410 g/kg);Herbicida;Rainbow Defensivos Agrícolas Ltda.- Porto Alegre /RS ;;II;II
TC17725;Diquat Técnico SCH;Dibrometo de diquate (bipiridílio) (400 g/kg);Herbicida;Sinochem Agro do Brasil Ltda. ; (Lier Chemical Co. Ltd.<CHINA, REPUBLICA POPULAR>FABRICANTE);PT;II
TC08724;Diquat Técnico Sinon;Dibrometo de diquate (bipiridílio) (400 g/kg);Herbicida;Sinon do Brasil Ltda. - Porto Alegre /RS.; (Nanjing Huazhou Pharmaceutical Co., Ltd.<CHINA, REPUBLICA POPULAR>FABRICANTE);PT;II
11715;Diquat Técnico Sumitomo;Dibrometo de diquate (bipiridílio) (400 g/kg);Herbicida;Sumitomo Chemical Brasil Indústria Química S.A. - Maracanaú/CE; (Shandong Weifang Rainbow Chemical Co., Ltd. - Unidade Fabril 01<CHINA, REPUBLICA POPULAR>FABRICANTE);II;II
TC15320;Diquat Técnico Tecnomyl;Dibrometo de diquate (bipiridílio) (410 g/kg);Herbicida;Tecnomyl Brasil Distribuidora de Produtos Agrícolas Ltda - Foz do Iguaçu; (Dezhou Luba Fine Chemical Co. Ltd<CHINA, REPUBLICA POPULAR>FABRICANTE);PT;II
TC02324;Diquat Técnico Tecnomyl II;Dibrometo de diquate (bipiridílio) (400 g/kg);Herbicida;Tecnomyl Brasil Distribuidora de Produtos Agrícolas Ltda - Foz do Iguaçu; (Nanjing Huazhou Pharmaceutical Co., Ltd.<CHINA, REPUBLICA POPULAR>FABRICANTE);PT;II
26118;Diquat Técnico YN;Dibrometo de diquate (bipiridílio) (400 g/kg);Herbicida;Yonon Brasil Defensivos Agricolas Ltda; (ZheJiang Funong Biotech Co. Ltd.<CHINA, REPUBLICA POPULAR>FABRICANTE) +  (Yongnong Biosciences Co., Ltd.<CHINA, REPUBLICA POPULAR>FABRICANTE) +  (Ningxia Yongnong Biosciences Co., Ltd<CHINA, REPUBLICA POPULAR>FABRICANTE);I;II
TC13525;Diquat Técnico ZS;Dibrometo de diquate (bipiridílio) (400 g/kg);Herbicida;Zhongshan Química do Brasil - Sorocaba/SP; (Yongnong Biosciences Co., Ltd.<CHINA, REPUBLICA POPULAR>FABRICANTE);PT;II
00919;Diquat ZF Técnico Helm;Dibrometo de diquate (bipiridílio) (400 g/kg);Herbicida;Helm do Brasil Mercantil - São Paulo/SP; (ZheJiang Funong Biotech Co. Ltd.<CHINA, REPUBLICA POPULAR>FABRICANTE);I;II
TC17925;Diquate L Técnico Helm;Dibrometo de diquate (bipiridílio) (400 g/kg);Herbicida;Helm do Brasil Mercantil - São Paulo/SP; (Lier Chemical Co. Ltd.<CHINA, REPUBLICA POPULAR>FABRICANTE);PT;II
TC01621;Diquate Tecnico Alamos;Dibrometo de diquate (bipiridílio) (400 g/L);Herbicida;Crotect Crop Science Ltda - São Paulo/SP;;PT;II
TC14020;Diquate Técnico LA;Dibrometo de diquate (bipiridílio) (410 g/kg);Herbicida;AllierBrasil Agro Ltda.; (Dezhou Luba Fine Chemical Co. Ltd<CHINA, REPUBLICA POPULAR>FABRICANTE);PT;II
TC19125;Diquate Técnico Tide;Dibrometo de diquate (bipiridílio) (400 g/kg);Herbicida;Tide do Brasil Ltda - Porto Alegre/RS; (Lier Chemical Co. Ltd.<CHINA, REPUBLICA POPULAR>FABRICANTE);PT;II
TC07520;Diquate Técnico Vanon;Dibrometo de diquate (bipiridílio) (400 g/kg);Herbicida;Vanon do Brasil Comércio e Importação de Insumos Agrícolas Ltda.; (Nanjing Huazhou Pharmaceutical Co., Ltd.<CHINA, REPUBLICA POPULAR>FABRICANTE);PT;II
908601;Dithianon Técnico;ditianona (quinona) (930 g/kg);Fungicida;Basf Agricultural Solutions Brasil Ltda  São Paulo/SP; (BASF SE  - Ludwigshafen<ALEMANHA>FABRICANTE) +  (Adama Huifeng (Jiangsu) Ltd.<CHINA, REPUBLICA POPULAR>FABRICANTE);II;II
807;Dithianon Técnico Basf;ditianona (quinona) (900 g/kg);Fungicida;Basf Agricultural Solutions Brasil Ltda  São Paulo/SP; (Merck KGaA<ALEMANHA>FABRICANTE);I;II
1768702;Diurex Agricur Técnico;diurom (uréia) (960 g/kg);Herbicida;Adama Brasil S.A.- Londrina/PR; (Adama Agricultural Solutions Ltd. - Ashdod <ISRAEL>FABRICANTE);III;II
TC10022;Diurom Ascenza Técnico II;diurom (uréia) (970 g/kg);Herbicida;Ascenza Brasil Ltda - Hortolândia/SP; (Ningxia Ruitai Technology Co. Ltd.<CHINA, REPUBLICA POPULAR>FABRICANTE) +  (Ningxia Wynca Technology Co., Ltd.<CHINA, REPUBLICA POPULAR>FABRICANTE);PT;II
11915;Diurom Tecnico CN;diurom (uréia) (950 g/kg);Herbicida;Albaugh Agro Brasil Ltda.- São Paulo; (Ningxia Wynca Technology Co., Ltd.<CHINA, REPUBLICA POPULAR>FABRICANTE) +  (Jiangsu Kuaida Agrochemical Co., Ltd<CHINA, REPUBLICA POPULAR>FABRICANTE) +  (Jingma Chemicals Co., Ltd. - Zhejiang<CHINA, REPUBLICA POPULAR>FABRICANTE);III;II
5214;Diurom Tecnico Hailir;diurom (uréia) (971 g/kg);Herbicida;Hailir Brasil Defensivos Agricolas Ltda - São Paulo/SP; (Jiangsu Kuaida Agrochemical Co., Ltd<CHINA, REPUBLICA POPULAR>FABRICANTE);III;II
33519;Diurom Técnico OF;diurom (uréia) (970 g/kg);Herbicida;Ouro Fino Química S.A. - Uberaba; (Jiangsu Lanfeng Biochemical Co. Ltd - Planta 2 Suhua<CHINA, REPUBLICA POPULAR>FABRICANTE);PT;II
3410;Diurom Técnico Ouro Fino;diurom (uréia) (970 g/kg);Herbicida;Ouro Fino Química S.A. - Uberaba; (Anhui Guangxin Agrochemical Co., Ltd. - Anhui<CHINA, REPUBLICA POPULAR>FABRICANTE) +  (Ningxia Wynca Technology Co., Ltd.<CHINA, REPUBLICA POPULAR>FABRICANTE);III;II
13015;Diurom Técnico Pilarquim;diurom (uréia) (970 g/kg);Herbicida;Pilarquim Br Comercial Ltda.- São Paulo; (Ningxia Wynca Technology Co., Ltd.<CHINA, REPUBLICA POPULAR>FABRICANTE);III;II
12711;Diurom Técnico SD;diurom (uréia) (970 g/kg);Herbicida;Sharda do Brasil Comércio de Produtos Químicos e Agroquímicos LTDA; (Ningxia Wynca Technology Co., Ltd.<CHINA, REPUBLICA POPULAR>FABRICANTE);III;II
TC10422;Diurom Técnico Sino-Agri;diurom (uréia) (970 g/kg);Herbicida;Lemma Agronegócios Importação e Exportação Ltda.;;PT;II
9817;Diurom Técnico Sumitomo BR;diurom (uréia) (970 g/kg);Herbicida;Sumitomo Chemical Brasil Indústria Química S.A. - Maracanaú/CE; (Nufarm Australia Limited - Pipe<AUSTRÁLIA>FABRICANTE);III;II
10315;Diurom Técnico Sumitomo NG;diurom (uréia) (975 g/kg);Herbicida;Sumitomo Chemical Brasil Indústria Química S.A. - Maracanaú/CE; (Ningxia Ruitai Technology Co. Ltd.<CHINA, REPUBLICA POPULAR>FABRICANTE);III;I
11315;Diurom Técnico UPL;diurom (uréia) (975 g/kg);Herbicida;UPL do Brasil Indústria e Comércio de Insumos Agropecuários S.A. - Matriz Ituverava/SP ; (Anhui Guangxin Agrochemical Co., Ltd. - Anhui<CHINA, REPUBLICA POPULAR>FABRICANTE);III;II
11615;Diurom Técnico Wynca;diurom (uréia) (970 g/kg);Herbicida;Wynca do Brasil Ltda  São Paulo ; (Ningxia Wynca Technology Co., Ltd.<CHINA, REPUBLICA POPULAR>FABRICANTE);III;II
TC19524;Diurom Técnico ZS;diurom (uréia) (980 g/kg);Herbicida;Zhongshan Química do Brasil - Sorocaba/SP; (Xiangshui Zhongshan Bioscience Co. Ltd<CHINA, REPUBLICA POPULAR>FABRICANTE);PT;II
08313;DiuromTécnico Alta;diurom (uréia) (980 g/kg);Herbicida;ALTA - America Latina Tecnologia Agrícola Ltda.- Curitiba; (Shandong Weifang Rainbow Chemical Co., Ltd. - Unidade Fabril 01<CHINA, REPUBLICA POPULAR>FABRICANTE) +  (Ningxia Wynca Technology Co., Ltd.<CHINA, REPUBLICA POPULAR>FABRICANTE);III;II
07213;Diuron Tecnico Agroimport;diurom (uréia) (970 g/kg);Herbicida;Agro Import do Brasil Ltda. - Porto Alegre/RS; (Anhui Guangxin Agrochemical Co., Ltd. - Anhui<CHINA, REPUBLICA POPULAR>FABRICANTE);III;II
14212;Diuron Tecnico Avgust;diurom (uréia) (967 g/kg);Herbicida;Avgust Crop Protection Importação e Exportação Ltda.; (Changzhou August Agrochem Company Limited<CHINA, REPUBLICA POPULAR>FABRICANTE);III;II
0416;Diuron Tecnico Biesterfeld;diurom (uréia) (970 g/kg);Herbicida;Fuhua Brasil Comercio de Produtos Quimicos Ltda. ; (Ningxia Wynca Technology Co., Ltd.<CHINA, REPUBLICA POPULAR>FABRICANTE);III;II
12215;Diuron Tecnico CCAB;diurom (uréia) (970 g/kg);Herbicida;CCAB Agro S.A.   São Paulo; (Ningxia Wynca Technology Co., Ltd.<CHINA, REPUBLICA POPULAR>FABRICANTE) +  (Shandong Weifang Rainbow Chemical Co., Ltd. - Unidade Fabril 01<CHINA, REPUBLICA POPULAR>FABRICANTE) +  (Ningxia Ruitai Technology Co. Ltd.<CHINA, REPUBLICA POPULAR>FABRICANTE) +  (Anhui Guangxin Agrochemical Co., Ltd. - Anhui<CHINA, REPUBLICA POPULAR>FABRICANTE) +  (Jiangsu Lanfeng Biochemical Co. Ltd - Planta 2 Suhua<CHINA, REPUBLICA POPULAR>FABRICANTE);III;II
14812;Diuron Tecnico Rainbow;diurom (uréia) (980 g/kg);Herbicida;Rainbow Defensivos Agrícolas Ltda.- Porto Alegre /RS ; (Shandong Weifang Rainbow Chemical Co., Ltd. - Unidade Fabril 01<CHINA, REPUBLICA POPULAR>FABRICANTE);III;II
12115;Diuron Tecnico Tecnomyl;diurom (uréia) (970 g/kg);Herbicida;Tecnomyl Brasil Distribuidora de Produtos Agrícolas Ltda - Foz do Iguaçu; (Ningxia Wynca Technology Co., Ltd.<CHINA, REPUBLICA POPULAR>FABRICANTE) +  (Shandong Weifang Rainbow Chemical Co., Ltd. - Unidade Fabril 01<CHINA, REPUBLICA POPULAR>FABRICANTE) +  (Anhui Guangxin Agrochemical Co., Ltd. - Anhui<CHINA, REPUBLICA POPULAR>FABRICANTE) +  (Jiangsu Lanfeng Biochemical Co. Ltd - Planta 2 Suhua<CHINA, REPUBLICA POPULAR>FABRICANTE);III;II
5512;Diuron Técnico 970 AGCN;diurom (uréia) (970 g/kg);Herbicida;Agriconnection Importadora e Exportadora de Insumos Agrícolas - Barueri/SP; (Jiangsu Kuaida Agrochemical Co., Ltd<CHINA, REPUBLICA POPULAR>FABRICANTE);III;II
2194;Diuron Técnico 970 BR;diurom (uréia) (970 g/kg);Herbicida;Adama Brasil S.A.- Londrina/PR;;III;II
808400;Diuron Técnico BR;diurom (uréia) (950 g/kg);Herbicida;CTVA Proteção de Cultivos Ltda - Barueri (Tamboré); (Uniphos Colombia Plant Limited<COLÔMBIA>FABRICANTE) +  (Anhui Guangxin Agrochemical Co., Ltd. - Anhui<CHINA, REPUBLICA POPULAR>FABRICANTE);III;II
5412;Diuron Técnico Cropchem;diurom (uréia) (970 g/kg);Herbicida;Cropchem Ltda - Porto Alegre; (Ningxia Wynca Technology Co., Ltd.<CHINA, REPUBLICA POPULAR>FABRICANTE) +  (Jiangsu Lanfeng Biochemical Co. Ltd - Planta 2 Suhua<CHINA, REPUBLICA POPULAR>FABRICANTE) +  (Ningxia Ruitai Technology Co. Ltd.<CHINA, REPUBLICA POPULAR>FABRICANTE);III;II
1338802;Diuron Técnico Fersol 980;diurom (uréia) (980 g/kg);Herbicida;Ameribrás Indústria e Comércio Ltda.; (Fersol Indústria e Comércio S.A. - EM RECUPERACAO JUDICIAL<BRASIL>FABRICANTE) +  (Xiangshui Zhongshan Bioscience Co. Ltd<CHINA, REPUBLICA POPULAR>FABRICANTE) +  (Jiangsu Lanfeng Biochemical Co. Ltd - Planta 2 Suhua<CHINA, REPUBLICA POPULAR>FABRICANTE);III;II
58902;Diuron Técnico Milenia;diurom (uréia) (800 g/kg);Herbicida;Adama Brasil S.A.- Londrina/PR; (Adama Agricultural Solutions Ltd. - Ashdod <ISRAEL>FABRICANTE) +  (Adama Brasil S.A. - Taquari<BRASIL>FABRICANTE) +  (Adama Brasil S.A.- Londrina/PR<BRASIL>FABRICANTE);III;II
2418795;Diuron Técnico Nortox;diurom (uréia) (950 g/kg);Herbicida;Nortox S.A. - Arapongas; (Nortox S.A. - Arapongas<BRASIL>FABRICANTE) +  (Jiangsu Kuaida Agrochemical Co., Ltd<CHINA, REPUBLICA POPULAR>FABRICANTE);III;II
0616;Diuron Técnico Nortox BR;diurom (uréia) (970 g/kg);Herbicida;Nortox S.A. - Arapongas; (Anhui Guangxin Agrochemical Co., Ltd. - Anhui<CHINA, REPUBLICA POPULAR>FABRICANTE) +  (Jiangsu Kuaida Agrochemical Co., Ltd<CHINA, REPUBLICA POPULAR>FABRICANTE) +  (Jiangsu Lanfeng Biochemical Co. Ltd - Planta 2 Suhua<CHINA, REPUBLICA POPULAR>FABRICANTE);III;II
TC15024;Diuron Técnico Nortox III;diurom (uréia) (970 g/kg);Herbicida;Nortox S.A. - Arapongas; (Ningxia Wynca Technology Co., Ltd.<CHINA, REPUBLICA POPULAR>FABRICANTE);PT;II
5612;Diuron Técnico Prentiss ;diurom (uréia) (980 g/kg);Herbicida;Prentiss Química Ltda. - Campo Largo/PR; (Ningxia Wynca Technology Co., Ltd.<CHINA, REPUBLICA POPULAR>FABRICANTE) +  (Jiangsu Lanfeng Biochemical Co. Ltd - Planta 2 Suhua<CHINA, REPUBLICA POPULAR>FABRICANTE);III;II
10215;Diuron Técnico Proventis;diurom (uréia) (980 g/kg);Herbicida;Proventis Lifescience Defensivos Agrícolas Ltda; (Ningxia Ruitai Technology Co. Ltd.<CHINA, REPUBLICA POPULAR>FABRICANTE);III;II
04202;Diuron Técnico Sumitomo;diurom (uréia) (980 g/kg);Herbicida;Sumitomo Chemical Brasil Indústria Química S.A. - Maracanaú/CE; (Adama Agricultural Solutions Ltd. - Beer Sheva<ISRAEL>FABRICANTE) +  (Sumitomo Chemical Brasil Indústria Química S.A. - Maracanaú/CE<BRASIL>FABRICANTE);III;II
7113;Diuron Técnico Tide;diurom (uréia) (970 g/kg);Herbicida;Tide do Brasil Ltda - Porto Alegre/RS; (Anhui Guangxin Agrochemical Co., Ltd. - Anhui<CHINA, REPUBLICA POPULAR>FABRICANTE);III;II
4107;Diuron Técnico Volcano;diurom (uréia) (970 g/kg);Herbicida;UPL do Brasil Indústria e Comércio de Insumos Agropecuários S.A. - Matriz Ituverava/SP ; (Zhejiang Shenghua Biok Biology Co. Ltd.<CHINA, REPUBLICA POPULAR>FABRICANTE) +  (Shandong Weifang Rainbow Chemical Co., Ltd. - Unidade Fabril 01<CHINA, REPUBLICA POPULAR>FABRICANTE) +  (Jiangsu Lanfeng Biochemical Co. Ltd - Planta 2 Suhua<CHINA, REPUBLICA POPULAR>FABRICANTE);II;II
188403;Dodine Técnico Sipcam;dodina (guanidina) (950 g/kg);Fungicida;Oxon Brasil Defensivos Agrícolas Ltda.; (Sipcam Nichino Brasil S.A. - Uberaba/MG<BRASIL>FABRICANTE) +  (Sipcam Oxon S.P.A. - Salerano Sul Lambro <ITÁLIA>FABRICANTE);III;III
00603;Envidor Técnico;Espirodiclofeno (cetoenol) (955 g/kg);Acaricida;Gowan Produtos Agrícolas Ltda. - Matriz Campinas/SP; (Bayer AG - Dormagen<ALEMANHA>FABRICANTE);III;III
TC16223;Epoxiconazol Técnico Adama 2;epoxiconazol (triazol) (970 g/kg);Fungicida;Adama Brasil S.A.- Londrina/PR; (Adama Huifeng (Jiangsu) Ltd.<CHINA, REPUBLICA POPULAR>FABRICANTE);PT;II
TC02226;Epoxiconazol Técnico Hy-Green;epoxiconazol (triazol) (972 g/kg);Fungicida;Changqing do Brasil Produtos Agrícolas Ltda; (Jiangsu Changqing Agrochemical Nantong Co., Ltd.<CHINA, REPUBLICA POPULAR>FABRICANTE);PT;II
1712;Epoxiconazol Técnico Milenia;epoxiconazol (triazol) (970 g/kg);Fungicida;Adama Brasil S.A.- Londrina/PR; (Adama Agricultural Solutions Ltd. - Beer Sheva<ISRAEL>FABRICANTE) +  (Nutrichem Laboratory CO. LTD- Beijing<CHINA, REPUBLICA POPULAR>FABRICANTE);III;II
TC08423;Epoxiconazol Técnico Rainbow;epoxiconazol (triazol) (970 g/kg);Fungicida;Rainbow Defensivos Agrícolas Ltda.- Porto Alegre /RS ; (Shandong Weifang Rainbow Chemical Co., Ltd. - Unidade Fabril 02<CHINA, REPUBLICA POPULAR>FABRICANTE);PT;II
TC06122;Epoxiconazol Técnico SH;epoxiconazol (triazol) (980 g/kg);Fungicida;Sinochem Agro do Brasil Ltda. ; (Shenyang Sciencreat Chemicals Co.,Ltd.<CHINA, REPUBLICA POPULAR>FABRICANTE);PT;II
2697;Epoxiconazole Técnico;epoxiconazol (triazol) (920 g/kg);Fungicida;Basf Agricultural Solutions Brasil Ltda  São Paulo/SP; (Basf Schwarzheide Gmbh - Schwarzheide<ALEMANHA>FABRICANTE);III;II
TC04922;Epoxiconazole Técnico Adama;epoxiconazol (triazol) (980 g/kg);Fungicida;Adama Brasil S.A.- Londrina/PR; (Shenyang Sciencreat Chemicals Co.,Ltd.<CHINA, REPUBLICA POPULAR>FABRICANTE);PT;II
TC19624;Epoxiconazole Técnico CropChem II;epoxiconazol (triazol) (980 g/kg);Fungicida;Cropchem Ltda - Porto Alegre; (Adama Huifeng (Jiangsu) Ltd.<CHINA, REPUBLICA POPULAR>FABRICANTE);PT;II
TC01022;Epoxiconazole Técnico ET;epoxiconazol (triazol) (970 g/kg);Fungicida;Yonon Brasil Defensivos Agricolas Ltda; (Yongnong Biosciences Co., Ltd.<CHINA, REPUBLICA POPULAR>FABRICANTE);PT;II
TC02522;Epoxiconazole Técnico Limuda;epoxiconazol (triazol) (975 g/kg);Fungicida;Agrolimuda do Brasil Ltda - Guarulhos/SP; (Yongnong Biosciences Co., Ltd.<CHINA, REPUBLICA POPULAR>FABRICANTE);PT;II
TC16323;Epoxiconazole Técnico NGC;epoxiconazol (triazol) (970 g/kg);Fungicida;Syncrom Assessoria e Comércio de Produtos Agropecuários  Ltda.; (Adama Huifeng (Jiangsu) Ltd.<CHINA, REPUBLICA POPULAR>FABRICANTE);PT;II
TC11422;Epoxiconazole Técnico Nortox;epoxiconazol (triazol) (980 g/kg);Fungicida;Nortox S.A. - Arapongas; (Shenyang Sciencreat Chemicals Co.,Ltd.<CHINA, REPUBLICA POPULAR>FABRICANTE);PT;II
TC15723;Epoxiconazole Técnico Nortox II;epoxiconazol (triazol) (970 g/kg);Fungicida;Nortox S.A. - Arapongas; (Adama Huifeng (Jiangsu) Ltd.<CHINA, REPUBLICA POPULAR>FABRICANTE);PT;II
TC11322;Epoxiconazole Técnico Nortox III ;epoxiconazol (triazol) (975 g/kg);Fungicida;Nortox S.A. - Arapongas; (Yongnong Biosciences Co., Ltd.<CHINA, REPUBLICA POPULAR>FABRICANTE);PT;II
4914;Epoxiconazole Técnico Sinon;epoxiconazol (triazol) (920 g/kg);Fungicida;Sinon do Brasil Ltda. - Porto Alegre /RS.; (Sinon Corporation - Taiwan<TAIWAN (ILHA FORMOSA)>FABRICANTE) +  (Sinon Chemical CO., LTD. Fengxian/Shanghai<CHINA, REPUBLICA POPULAR>FABRICANTE);III;II
TC12022;Espirodiclofen Técnico Nortox;Espirodiclofeno (cetoenol) (980 g/kg);Acaricida;Nortox S.A. - Arapongas; (Shijiazhuang Richem Co., Ltd - Zhaoxian<CHINA, REPUBLICA POPULAR>FABRICANTE) +  (Yongnong Biosciences Co., Ltd.<CHINA, REPUBLICA POPULAR>FABRICANTE);PT;III
TC01724;Espirodiclofen Técnico Nortox ii;Espirodiclofeno (cetoenol) (975 g/kg);Acaricida/Inseticida;Nortox S.A. - Arapongas; (Jiangsu Flag Chemical Industry Co., Ltd.<CHINA, REPUBLICA POPULAR>FABRICANTE);PT;III
TC00924;Espirodiclofeno Ascenza Técnico;Espirodiclofeno (cetoenol) (975 g/kg);Acaricida;Ascenza Brasil Ltda - Hortolândia/SP; (Jiangsu Flag Chemical Industry Co., Ltd.<CHINA, REPUBLICA POPULAR>FABRICANTE);PT;III
TC03522;Espirodiclofeno Ascenza Técnico II;Espirodiclofeno (cetoenol) (980 g/kg);Acaricida;Ascenza Brasil Ltda - Hortolândia/SP; (Yongnong Biosciences Co., Ltd.<CHINA, REPUBLICA POPULAR>FABRICANTE);PT;III
21018;Espirodiclofeno Tecnico Alta;Espirodiclofeno (cetoenol) (980 g/kg);Acaricida;ALTA - America Latina Tecnologia Agrícola Ltda.- Curitiba; (Jiangsu Sevencontinent Green Chemical Co., Ltd - Unit II<CHINA, REPUBLICA POPULAR>FABRICANTE);III;III
TC01626;Espirodiclofeno Técnico Ada;Espirodiclofeno (cetoenol) (980 g/kg);Acaricida;Adama Brasil S.A.- Londrina/PR; (Shandong Kangqiao Bio-technology Co. Ltd.<CHINA, REPUBLICA POPULAR>FABRICANTE);PT;III
TC11822;Espirodiclofeno Técnico Adama;Espirodiclofeno (cetoenol) (980 g/kg);Acaricida;Adama Brasil S.A.- Londrina/PR; (Shijiazhuang Richem Co., Ltd - Zhaoxian<CHINA, REPUBLICA POPULAR>FABRICANTE);PT;III
TC03422;Espirodiclofeno Técnico Adama BR ;Espirodiclofeno (cetoenol) (980 g/kg);Acaricida;Adama Brasil S.A.- Londrina/PR; (Yongnong Biosciences Co., Ltd.<CHINA, REPUBLICA POPULAR>FABRICANTE);PT;III
TC01426;Espirodiclofeno Técnico Cropchem II;Espirodiclofeno (cetoenol) (980 g/kg);Acaricida;Cropchem Ltda - Porto Alegre; (Shandong Kangqiao Bio-technology Co. Ltd.<CHINA, REPUBLICA POPULAR>FABRICANTE);PT;III
TC00124;Espirodiclofeno Técnico Ihara;Espirodiclofeno (cetoenol) (980 g/kg);Acaricida;Iharabras S.A. Indústria Químicas - Sorocaba; (Yongnong Biosciences Co., Ltd.<CHINA, REPUBLICA POPULAR>FABRICANTE);PT;III
TC32125;Espirodiclofeno Técnico Ihara II;Espirodiclofeno (cetoenol) (980 g/kg);Acaricida;Iharabras S.A. Indústria Químicas - Sorocaba; (Shandong Kangqiao Bio-technology Co. Ltd.<CHINA, REPUBLICA POPULAR>FABRICANTE);PT;III
TC07322;Espirodiclofeno Técnico OF;Espirodiclofeno (cetoenol) (980 g/kg);Acaricida;Ouro Fino Química S.A. - Uberaba; (Shijiazhuang Richem Co., LTD<CHINA, REPUBLICA POPULAR>FABRICANTE);PT;III
15519;Espirodiclofeno Técnico Ouro Fino;Espirodiclofeno (cetoenol) (980 g/kg);Acaricida;Ouro Fino Química S.A. - Uberaba; (Jiangsu Sevencontinent Green Chemical Co., Ltd - Unit II<CHINA, REPUBLICA POPULAR>FABRICANTE);III;III
TC02122;Espirodiclofeno Técnico Pilarquim;Espirodiclofeno (cetoenol) (980 g/kg);Acaricida;Pilarquim Br Comercial Ltda.- São Paulo; (Yongnong Biosciences Co., Ltd.<CHINA, REPUBLICA POPULAR>FABRICANTE);PT;III
TC07822;Espirodiclofeno Técnico SRC-Cropchem;Espirodiclofeno (cetoenol) (980 g/kg);Acaricida;Cropchem Ltda - Porto Alegre; (Shijiazhuang Richem Co., Ltd - Zhaoxian<CHINA, REPUBLICA POPULAR>FABRICANTE);PT;III
TC01722;Espirodiclofeno Técnico Sumitomo;Espirodiclofeno (cetoenol) (980 g/kg);Acaricida;Sumitomo Chemical Brasil Indústria Química S.A. - Maracanaú/CE; (Yongnong Biosciences Co., Ltd.<CHINA, REPUBLICA POPULAR>FABRICANTE);PT;III
TC00126;Espirodiclofeno Técnico Syncrom;Espirodiclofeno (cetoenol) (980 g/kg);Acaricida;Syncrom Assessoria e Comércio de Produtos Agropecuários  Ltda.; (Shandong Kangqiao Bio-technology Co. Ltd.<CHINA, REPUBLICA POPULAR>FABRICANTE);PT;III
TC11324;Espirodiclofeno Técnico UPL;Espirodiclofeno (cetoenol) (980 g/kg);Acaricida;UPL do Brasil Indústria e Comércio de Insumos Agropecuários S.A. - Matriz Ituverava/SP ; (UPL Limited - Hadia<ÍNDIA>FABRICANTE);PT;III
TC11624;Espiromesifeno Técnico Cropchem;Espiromesifeno (cetoenol) (980 g/kg);Acaricida/Inseticida;Cropchem Ltda - Porto Alegre; (Shandong Kangqiao Bio-technology Co. Ltd.<CHINA, REPUBLICA POPULAR>FABRICANTE);PT;III
TC24925;Espiromesifeno Técnico Rainbow;Espiromesifeno (cetoenol) (980 g/kg);Acaricida/Inseticida;Rainbow Defensivos Agrícolas Ltda.- Porto Alegre /RS ; (Shandong Weifang Rainbow Chemical Co., Ltd. - Unidade Fabril 01<CHINA, REPUBLICA POPULAR>FABRICANTE);PT;III
TC11024;Espiromesifeno Técnico Tecnomyl ;Espiromesifeno (cetoenol) (980 g/kg);Acaricida/Inseticida;Tecnomyl Brasil Distribuidora de Produtos Agrícolas Ltda - Foz do Iguaçu; (Shandong Kangqiao Bio-technology Co. Ltd.<CHINA, REPUBLICA POPULAR>FABRICANTE);PT;III
TC16723;Etefom Técnico Adama Brasil;etefom (etileno (precursor de)) (750 g/kg);Regulador de Crescimento;Adama Brasil S.A.- Londrina/PR; (Jiangsu Corechem Co. Ltd.<CHINA, REPUBLICA POPULAR>FABRICANTE);PT;III
TC12823;Etefom Técnico BCS;etefom (etileno (precursor de)) (750 g/kg);Regulador de Crescimento;Bayer S.A. - São Paulo/ SP; (Jiangsu Corechem Co. Ltd.<CHINA, REPUBLICA POPULAR>FABRICANTE);PT;III
TC12323;Etefom Técnico Nortox;etefom (etileno (precursor de)) (910 g/kg);Regulador de Crescimento;Nortox S.A. - Arapongas; (Jiangsu Corechem Co. Ltd.<CHINA, REPUBLICA POPULAR>FABRICANTE);PT;III
TC13023;Etefom Técnico RB;etefom (etileno (precursor de)) (750 g/kg);Regulador de Crescimento;Rainbow Defensivos Agrícolas Ltda.- Porto Alegre /RS ; (Jiangsu Corechem Co. Ltd.<CHINA, REPUBLICA POPULAR>FABRICANTE);PT;III
TC18123;Etefom Técnico Rainbow;etefom (etileno (precursor de)) (910 g/kg);Regulador de Crescimento;Rainbow Defensivos Agrícolas Ltda.- Porto Alegre /RS ; (Jiangsu Corechem Co. Ltd.<CHINA, REPUBLICA POPULAR>FABRICANTE);PT;III
TC13723;Etefom Técnico Sumitomo;etefom (etileno (precursor de)) (750 g/kg);Regulador de Crescimento;Sumitomo Chemical Brasil Indústria Química S.A. - Maracanaú/CE; (Jiangsu Corechem Co. Ltd.<CHINA, REPUBLICA POPULAR>FABRICANTE);PT;III
TC28725;Etefom Técnico Tecnomyl;etefom (etileno (precursor de)) (750 g/kg);Regulador de Crescimento;Tecnomyl Brasil Distribuidora de Produtos Agrícolas Ltda - Foz do Iguaçu; (Jiangsu Corechem Co. Ltd.<CHINA, REPUBLICA POPULAR>FABRICANTE);PT;III
TC12423;Etefon Técnico Nortox II;etefom (etileno (precursor de)) (750 g/kg);Regulador de Crescimento;Nortox S.A. - Arapongas; (Jiangsu Corechem Co. Ltd.<CHINA, REPUBLICA POPULAR>FABRICANTE);PT;III
TC12623;Ethephon Técnico 910 AGCN;etefom (etileno (precursor de)) (910 g/kg);Regulador de Crescimento;Agriconnection Importadora e Exportadora de Insumos Agrícolas - Barueri/SP; (Jiangsu Corechem Co. Ltd.<CHINA, REPUBLICA POPULAR>FABRICANTE);PT;III
TC18023;Ethephon Técnico CCAB;etefom (etileno (precursor de)) (750 g/kg);Regulador de Crescimento;CCAB Agro S.A.   São Paulo; (Jiangsu Corechem Co. Ltd.<CHINA, REPUBLICA POPULAR>FABRICANTE);PT;III
TC13826;Ethiprole Técnico Bharat;Etiprole (Fenilpirazol) (960 g/kg);Inseticida;Biorisk - Assessoria e Comércio de Produtos Agrícolas Ltda.; (Bharat Rasayan Ltd. - Unit II - Gujarat<ÍNDIA>FABRICANTE);PT;II
TC13123;Ethiprole Técnico ET;Etiprole (Fenilpirazol) (950 g/kg);Inseticida;Yonon Brasil Defensivos Agricolas Ltda; (Yongnong Biosciences Co., Ltd.<CHINA, REPUBLICA POPULAR>FABRICANTE);PT;III
TC20526;Ethiprole Técnico SJ;Etiprole (Fenilpirazol) (950 g/kg);Inseticida;Solagro Soluções Agrícolas Ltda - São Paulo/SP; (Tuoqiu Biotechnology (Lanzhou) Co. Ltd.<CHINA, REPUBLICA POPULAR>FABRICANTE);PT;II
TC04725;Ethiprole Técnico Tecnomyl;Etiprole (Fenilpirazol) (970 g/kg);Inseticida;Tecnomyl Brasil Distribuidora de Produtos Agrícolas Ltda - Foz do Iguaçu; (Jiangsu Tuoqiu Agrochemicals Co. Ltd - Jiangsu<CHINA, REPUBLICA POPULAR>FABRICANTE);PT;III
518700;Ethoprop Técnico;etoprofós (organofosforado) (940 g/kg);Inseticida/Nematicida;Bayer S.A. - São Paulo/ SP; (Bayer Cropscience LP - Tenesse<ESTADOS UNIDOS>FABRICANTE);I;I
6798;Ethoxysulfuron Técnico;etoxissulfurom (sulfoniluréia) (950 g/kg);Herbicida;Bayer S.A. - São Paulo/ SP; (Arxada AG - Visp<SUÍCA>FABRICANTE);III;III
8905;Ethrel Técnico BCS;etefom (etileno (precursor de)) (700 g/kg);Regulador de Crescimento;Bayer S.A. - São Paulo/ SP; (Lanxess Corporation - Carolina do Sul<ESTADOS UNIDOS>FABRICANTE) +  (CBW - Chemie GmbH Bitterfeld - Wolfen<ALEMANHA>FABRICANTE);I;III
TC12923;Etiprole Técnico CHD´S;Etiprole (Fenilpirazol) (950 g/kg);Inseticida;CHDS do Brasil Comércio de Insumos Agrícolas Ltda - São Miguel do Iguaçu/PR   ; (Yongnong Biosciences Co., Ltd.<CHINA, REPUBLICA POPULAR>FABRICANTE);PT;III
TC02223;Etiprole Técnico Rainbow;Etiprole (Fenilpirazol) (970 g/kg);Inseticida;Rainbow Defensivos Agrícolas Ltda.- Porto Alegre /RS ; (Shandong Weifang Rainbow Chemical Co., Ltd. - Unidade Fabril 01<CHINA, REPUBLICA POPULAR>FABRICANTE);PT;III
TC30625;Etiprole Técnico Tecnomyl II;Etiprole (Fenilpirazol) (950 g/kg);Inseticida;Tecnomyl Brasil Distribuidora de Produtos Agrícolas Ltda - Foz do Iguaçu; (Yongnong Biosciences Co., Ltd.<CHINA, REPUBLICA POPULAR>FABRICANTE);PT;III
TC09626;Etiprole Técnico UPL;Etiprole (Fenilpirazol) (940 g/kg);Inseticida;UPL do Brasil Indústria e Comércio de Insumos Agropecuários S.A. - Matriz Ituverava/SP ; (Ningxia Yifan Biotechnology Co. Ltd.<CHINA, REPUBLICA POPULAR>FABRICANTE) +  (Superform Chemistries Limited<ÍNDIA>FABRICANTE);PT;III
TC01926;Etiprole Técnico YN;Etiprole (Fenilpirazol) (940 g/kg);Inseticida;Longwind Cropscience Brazil Ltda - Porto Alegre/RS; (Ningxia Yifan Biotechnology Co. Ltd.<CHINA, REPUBLICA POPULAR>FABRICANTE);PT;III
TC06223;Everest Técnico;Flucarbazona sódica  (sulfoniluréia) (900 g/kg);Herbicida;UPL do Brasil Indústria e Comércio de Insumos Agropecuários S.A. - Matriz Ituverava/SP ; (NACL Industries Limited <ÍNDIA>FABRICANTE) +  (Deccan Fine Chemical (Índia) Private Limited - Telangana (Escritorio)<ÍNDIA>FABRICANTE);Não;III
TC16522;FMX Técnico;flumioxazina (ciclohexenodicarboximida) (980 g/kg);Herbicida;Maxunitech do Brasil Ltda; (Max (Rudong) Chemicals Co., Ltd.<CHINA, REPUBLICA POPULAR>FABRICANTE);PT;III
TC02120;Falgro Técnico;ácido giberélico (giberelina) (900 g/kg);Regulador de Crescimento;Tradecorp do Brasil Comércio de Insumos Agrícolas Ltda  Monte Mor/SP ; (Fine Agrochemicals Limited - Worcester <INGLATERRA>FABRICANTE);Não;IV
2508;Famoxadone Técnico;famoxadona (oxazolidinadiona) (960 g/kg);Fungicida;CTVA Proteção de Cultivos Ltda - Barueri (Tamboré); (Corteva Agriscience Spain, S.L. - Asturias/Espanha<ESPANHA>FABRICANTE) +  (FMC Corporation - Mobile Plant - Alabama<ESTADOS UNIDOS>FABRICANTE) +  (Anhui Guangxin Agrochemical Co., Ltd. - Anhui<CHINA, REPUBLICA POPULAR>FABRICANTE) +  (Deccan Fine Chemicals (India) Private Limited. - Site Goa<ÍNDIA>FABRICANTE);III;III
3093;Fastac Técnico;alfa-cipermetrina (piretróide) (900 g/kg);Inseticida;Basf Agricultural Solutions Brasil Ltda  São Paulo/SP; (Servatis S.A., Massa Falida da Sociedade Empresaria <BRASIL>FABRICANTE);II;I
00102;Fenamidone Técnico;fenamidona (imidazolinona) (970 g/kg);Fungicida;Gowan Produtos Agrícolas Ltda. - Matriz Campinas/SP; (Isochem S.A. -Toulouse<FRANÇA>FABRICANTE) +  (Hikal Limited<ÍNDIA>FABRICANTE);III;II
04802;Fenoxaprop Técnico Cheminova;fenoxaprope-P-etílico (ácido ariloxifenoxipropiônico) (930 g/kg);Herbicida;FMC Química do Brasil Ltda. - Campinas/SP; (Cheminova India Ltd. - Panoli<ÍNDIA>FABRICANTE) +  (Shenyang Research Institute of Chemical Industry - Pilot Plant of Syrici <CHINA, REPUBLICA POPULAR>FABRICANTE) +  (Hangzhou Udragon Chemical Co., Ltd<CHINA, REPUBLICA POPULAR>FABRICANTE) +  (Zhejiang Hisun Chemical Co., Ltd<CHINA, REPUBLICA POPULAR>FABRICANTE);II;III
TC08825;Fenpropidin Técnico;Fenpropidina (Piperidina) (980 g/kg);Fungicida;Syngenta Proteção de Cultivos Ltda.  São Paulo/SP; (DSM Nutrional Products AG<SUÍCA>FABRICANTE) +  (BASF SE  - Ludwigshafen<ALEMANHA>FABRICANTE);Não;II
TC08225;Fenpropimorfe F Técnico Helm;fenpropimorfe (morfolina) (970 g/kg);Fungicida;Helm do Brasil Mercantil - São Paulo/SP; (Jiangsu Fopia Chemicals Co., Ltd.<CHINA, REPUBLICA POPULAR>FABRICANTE);PT;II
TC05625;Fenpropimorfe Técnico Alta;fenpropimorfe (morfolina) (970 g/kg);Fungicida;ALTA - America Latina Tecnologia Agrícola Ltda.- Curitiba; (Jiangsu Fopia Chemicals Co., Ltd.<CHINA, REPUBLICA POPULAR>FABRICANTE);PT;II
TC11025;Fenpropimorfe Técnico CCAB;fenpropimorfe (morfolina) (970 g/kg);Fungicida;CCAB Agro S.A.   São Paulo; (Jiangsu Fopia Chemicals Co., Ltd.<CHINA, REPUBLICA POPULAR>FABRICANTE);PT;II
TC05425;Fenpropimorfe Técnico CHDS;fenpropimorfe (morfolina) (970 g/kg);Fungicida;CHDS do Brasil Comércio de Insumos Agrícolas Ltda - São Miguel do Iguaçu/PR   ; (Jiangsu Fopia Chemicals Co., Ltd.<CHINA, REPUBLICA POPULAR>FABRICANTE);PT;II
TC05925;Fenpropimorfe Técnico CropChem;fenpropimorfe (morfolina) (970 g/kg);Fungicida;Cropchem Ltda - Porto Alegre; (Jiangsu Fopia Chemicals Co., Ltd.<CHINA, REPUBLICA POPULAR>FABRICANTE);PT;II
TC12826;Fenpropimorfe Técnico Cropchem II;fenpropimorfe (morfolina) (970 g/kg);Fungicida;Cropchem Ltda - Porto Alegre; (Henan Jinpeng Chemicals Co., Ltd<CHINA, REPUBLICA POPULAR>FABRICANTE);PT;II
TC07825;Fenpropimorfe Técnico Nortox;fenpropimorfe (morfolina) (970 g/kg);Fungicida;Nortox S.A. - Arapongas; (Jiangsu Fopia Chemicals Co., Ltd.<CHINA, REPUBLICA POPULAR>FABRICANTE);PT;II
TC18526;Fenpropimorfe Técnico Tecnomyl;fenpropimorfe (morfolina) (970 g/kg);Fungicida;Tecnomyl Brasil Distribuidora de Produtos Agrícolas Ltda - Foz do Iguaçu; (Henan Jinpeng Chemicals Co., Ltd<CHINA, REPUBLICA POPULAR>FABRICANTE);PT;II
TC08821;Fenpropimorph Técnico;fenpropimorfe (morfolina) (935 g/kg);Fungicida;Basf Agricultural Solutions Brasil Ltda  São Paulo/SP; (BASF SE  - Ludwigshafen<ALEMANHA>FABRICANTE);Não;II
TC19225;Fenpropimorph Técnico ABT;fenpropimorfe (morfolina) (970 g/kg);Fungicida;Agrobeats Defensivos Agrícolas Ltda ; (Jiangsu Fopia Chemicals Co., Ltd.<CHINA, REPUBLICA POPULAR>FABRICANTE);PT;II
TC10126;Fenpropimorph Técnico Agrolead;fenpropimorfe (morfolina) (970 g/kg);Fungicida;Agro-Lead Brasil Assessoria em Produtos Agrícolas Ltda - EPP; (Henan Jinpeng Chemicals Co., Ltd<CHINA, REPUBLICA POPULAR>FABRICANTE);PT;II
TC06525;Fenpropimorph Técnico EA;fenpropimorfe (morfolina) (960 g/kg);Fungicida;Eastchem do Brasil Ltda - Mogi das Cruzes/SP;;PT;II
TC19425;Fenpropimorph Técnico FB;fenpropimorfe (morfolina) (970 g/kg);Fungicida;Agroallianz S.A; (Jiangsu Fopia Chemicals Co., Ltd.<CHINA, REPUBLICA POPULAR>FABRICANTE);PT;II
TC17220;Fenpyrazamine Técnico;Fenpirazamina (pirazol) (940 g/kg);Fungicida;Sumitomo Chemical Brasil Indústria Química S.A. - Maracanaú/CE; (Sumitomo Chemical Company Ltd - Osaka<JAPÃO>FABRICANTE) +  (Sumitomo Chemical Company, Ltd - (Fábrica) - Misawa<JAPÃO>FABRICANTE);Não;III
TC21022;Fico e Fico Técnico;octanoato de ioxinila  (benzonitrila) (980 g/kg);Herbicida;GreenUp Assessoria e Agricultura Sustentável Ltda; (Jiangsu Heben Biochemical Co., Ltd. <CHINA, REPUBLICA POPULAR>FABRICANTE);PT;II
591;Finale Técnico;Glufosinato - sal de amônio (homoalanina substituída) (500 g/kg);Herbicida;Basf Agricultural Solutions Brasil Ltda  São Paulo/SP; (Basf Agricultural Solutions GmbH - Frankfurt<ALEMANHA>FABRICANTE);III;III
05500;Finale Técnico AT;Glufosinato - sal de amônio (homoalanina substituída) (500 g/kg);Herbicida;Basf Agricultural Solutions Brasil Ltda  São Paulo/SP; (Basf Agricultural Solutions GmbH - Frankfurt<ALEMANHA>FABRICANTE) +  (Basf Agricultural Solutions US LLC- Michigan<ESTADOS UNIDOS>FABRICANTE);III;III
TC01520;Fipronil S Técnico Helm;fipronil (pirazol) (950 g/kg);Cupinicida/Formicida/Inseticida;Helm do Brasil Mercantil - São Paulo/SP; (Lianyungang Avilive Chemical Co, Ltd. - Jiangsu <CHINA, REPUBLICA POPULAR>FABRICANTE);PT;II
44119;Fipronil Tecnico AT;fipronil (pirazol) (970 g/kg);Cupinicida/Formicida/Inseticida;AllierBrasil Agro Ltda.;;PT;II
16212;Fipronil Tecnico Helm;fipronil (pirazol) (970 g/kg);Inseticida;Helm do Brasil Mercantil - São Paulo/SP; (Bhagiradha Chemicals & Industries Limited<ÍNDIA>FABRICANTE);II;II
1412;Fipronil Tecnico Mil;fipronil (pirazol) (950 g/kg);Cupinicida/Formicida/Inseticida;Adama Brasil S.A.- Londrina/PR; (Adama Agricultural Solutions Ltd. - Beer Sheva<ISRAEL>FABRICANTE) +  (Dalian Raizer Pesticides Co. Ltd.<CHINA, REPUBLICA POPULAR>FABRICANTE) +  (Jiangsu Changqing Agrochemical Co., Ltd - Yangzhou<CHINA, REPUBLICA POPULAR>FABRICANTE);II;II
12111;Fipronil Tecnico Nortox;fipronil (pirazol) (970 g/kg);Cupinicida/Formicida/Inseticida;Nortox S.A. - Arapongas; (Jiangsu Tuoqiu Agrochemicals Co. Ltd - Jiangsu<CHINA, REPUBLICA POPULAR>FABRICANTE) +  (Crimsun Organics Private Ltd.<ÍNDIA>FABRICANTE);II;II
8217;Fipronil Tecnico Rainbow;fipronil (pirazol) (965 g/kg);Cupinicida/Formicida/Inseticida;Rainbow Defensivos Agrícolas Ltda.- Porto Alegre /RS ; (Zhejiang Huangyan Rongfeng Chemical Engineering Factory - Taizhou<CHINA, REPUBLICA POPULAR>FABRICANTE);II;II
34217;Fipronil Tecnico Sulphur Mills;fipronil (pirazol) (972 g/kg);Cupinicida/Formicida/Inseticida;SM Agrocare Brasil Importação Comércio e Serviços Agrícolas Ltda; (Tagros Chemicals India Private Limited - Tamil Nadu <ÍNDIA>FABRICANTE);II;II
14914;Fipronil Tecnico Sumitomo;fipronil (pirazol) (950 g/kg);Inseticida;Sumitomo Chemical Brasil Indústria Química S.A. - Maracanaú/CE; (Lianyungang Avilive Chemical Co, Ltd. - Jiangsu <CHINA, REPUBLICA POPULAR>FABRICANTE) +  (Jiangsu Changging Agrochemical Co. Ltd.- Jiangdu<CHINA, REPUBLICA POPULAR>FABRICANTE) +  (Jiangsu Changqing Agrochemical Co., Ltd - Yangzhou<CHINA, REPUBLICA POPULAR>FABRICANTE);II;II
26416;Fipronil Tecnico YNG;fipronil (pirazol) (977.4 g/kg);Inseticida;Yonon Brasil Defensivos Agricolas Ltda;;II;II
5912;Fipronil Técnico 950 AGCN;fipronil (pirazol) (950 g/kg);Cupinicida/Inseticida;AllierBrasil Agro Ltda.;;II;II
TC01620;Fipronil Técnico AG;fipronil (pirazol) (950 g/kg);Cupinicida/Formicida/Inseticida;AllierBrasil Agro Ltda.; (Lianyungang Avilive Chemical Co, Ltd. - Jiangsu <CHINA, REPUBLICA POPULAR>FABRICANTE);PT;II
TC01120;Fipronil Técnico AK;fipronil (pirazol) (950 g/kg);Cupinicida/Formicida/Inseticida;Dinagro Agropecuária Ltda.; (Lianyungang Avilive Chemical Co, Ltd. - Jiangsu <CHINA, REPUBLICA POPULAR>FABRICANTE);PT;II
30719;Fipronil Técnico Ada;fipronil (pirazol) (960 g/kg);Cupinicida/Formicida/Inseticida;Adama Brasil S.A.- Londrina/PR; (Jiangsu Changqing Agrochemical Co., Ltd - Yangzhou<CHINA, REPUBLICA POPULAR>FABRICANTE);II;II
26016;Fipronil Técnico Adama;fipronil (pirazol) (977 g/kg);Inseticida;Adama Brasil S.A.- Londrina/PR; (ZheJiang Funong Biotech Co. Ltd.<CHINA, REPUBLICA POPULAR>FABRICANTE);II;II
25916;Fipronil Técnico Adama Br;fipronil (pirazol) (977 g/kg);Inseticida;Adama Brasil S.A.- Londrina/PR; (ZheJiang Funong Biotech Co. Ltd.<CHINA, REPUBLICA POPULAR>FABRICANTE);II;II
8117;Fipronil Técnico Agroimport;fipronil (pirazol) (965 g/kg);Cupinicida/Formicida/Inseticida;Agro Import do Brasil Ltda. - Porto Alegre/RS; (Zhejiang Huangyan Rongfeng Chemical Engineering Factory - Taizhou<CHINA, REPUBLICA POPULAR>FABRICANTE);II;II
2712;Fipronil Técnico Alta;fipronil (pirazol) (970 g/kg);Cupinicida/Formicida/Inseticida;ALTA - America Latina Tecnologia Agrícola Ltda.- Curitiba; (Jiangsu Changging Agrochemical Co. Ltd.- Jiangdu<CHINA, REPUBLICA POPULAR>FABRICANTE);II;II
10712;Fipronil Técnico CCAB;fipronil (pirazol) (950 g/kg);Inseticida;CCAB Agro S.A.   São Paulo; (Lianyungang Avilive Chemical Co, Ltd. - Jiangsu <CHINA, REPUBLICA POPULAR>FABRICANTE) +  (Jiangsu Changqing Agrochemical Co., Ltd - Yangzhou<CHINA, REPUBLICA POPULAR>FABRICANTE) +  (ZheJiang Funong Biotech Co. Ltd.<CHINA, REPUBLICA POPULAR>FABRICANTE);II;II
15217;Fipronil Técnico CCAB II;fipronil (pirazol) (975 g/kg);Cupinicida/Formicida/Inseticida;CCAB Agro S.A.   São Paulo; (Jiangsu Changging Agrochemical Co. Ltd.- Jiangdu<CHINA, REPUBLICA POPULAR>FABRICANTE) +  (ZheJiang Funong Biotech Co. Ltd.<CHINA, REPUBLICA POPULAR>FABRICANTE);II;II
TC11020;Fipronil Técnico CH;fipronil (pirazol) (950 g/kg);Cupinicida/Formicida/Inseticida;CHDS do Brasil Comércio de Insumos Agrícolas Ltda - São Miguel do Iguaçu/PR   ; (Lianyungang Avilive Chemical Co, Ltd. - Jiangsu <CHINA, REPUBLICA POPULAR>FABRICANTE) +  (Hailir Pesticides and Chemicals Group Co., Ltd.<CHINA, REPUBLICA POPULAR>FABRICANTE);PT;II
25816;Fipronil Técnico CSG;fipronil (pirazol) (975 g/kg);Inseticida;Albaugh Agro Brasil Ltda.- São Paulo; (ZheJiang Funong Biotech Co. Ltd.<CHINA, REPUBLICA POPULAR>FABRICANTE);II;II
12318;Fipronil Técnico Consagro;fipronil (pirazol) (960 g/kg);Inseticida;Albaugh Agro Brasil Ltda.- São Paulo; (Dalian Chemphy Chemical CO. Ltd<CHINA, REPUBLICA POPULAR>FABRICANTE);II;II
16919;Fipronil Técnico Coromandel;fipronil (pirazol) (970 g/kg);Cupinicida/Formicida/Inseticida;Coromandel Brasil Ltda.- Cotia/SP; (Coromandel Fertilizers Limited (Coromandel International Limited) - Ankleshwar<ÍNDIA>FABRICANTE);II;II
TC01320;Fipronil Técnico DN;fipronil (pirazol) (950 g/kg);Cupinicida/Formicida/Inseticida;Dinagro Agropecuária Ltda.;;PT;II
TC02221;Fipronil Técnico FB;fipronil (pirazol) (977.4 g/kg);Cupinicida/Formicida/Inseticida;Agroallianz S.A; (ZheJiang Funong Biotech Co. Ltd.<CHINA, REPUBLICA POPULAR>FABRICANTE);PT;II
TC12926;Fipronil Técnico Fanghua;fipronil (pirazol) (950 g/kg);Cupinicida/Formicida/Inseticida;Biorisk - Assessoria e Comércio de Produtos Agrícolas Ltda.;;PT;II
10614;Fipronil Técnico Gharda;fipronil (pirazol) (980 g/kg);Inseticida;Gharda do Brasil Soluções Agrícolas Ltda. ;;II;II
35318;Fipronil Técnico HY-Green;fipronil (pirazol) (960 g/kg);Cupinicida/Formicida/Inseticida;Changqing do Brasil Produtos Agrícolas Ltda;;II;II
31418;Fipronil Técnico Hailir;fipronil (pirazol) (970 g/kg);Cupinicida/Formicida/Inseticida;Contacta Registros e Gestão Agropecuária Ltda;;II;II
15317;Fipronil Técnico ME2;fipronil (pirazol) (980 g/kg);Inseticida;UPL do Brasil Indústria e Comércio de Insumos Agropecuários S.A. - Matriz Ituverava/SP ; (Jiangsu Changqing Biotechnology Co. Ltd.<CHINA, REPUBLICA POPULAR>FABRICANTE);II;II
1112;Fipronil Técnico Milenia;fipronil (pirazol) (950 g/kg);Cupinicida/Formicida/Inseticida;Adama Brasil S.A.- Londrina/PR; (Adama Agricultural Solutions Ltd. - Beer Sheva<ISRAEL>FABRICANTE) +  (Dalian Raizer Pesticides Co. Ltd.<CHINA, REPUBLICA POPULAR>FABRICANTE);II;II
TC01420;Fipronil Técnico NAG;fipronil (pirazol) (950 g/kg);Cupinicida/Formicida/Inseticida;AllierBrasil Agro Ltda.; (Lianyungang Avilive Chemical Co, Ltd. - Jiangsu <CHINA, REPUBLICA POPULAR>FABRICANTE);PT;II
TC15121;Fipronil Técnico Nortox BR;fipronil (pirazol) (977.4 g/kg);Cupinicida/Formicida/Inseticida;Nortox S.A. - Arapongas; (ZheJiang Funong Biotech Co. Ltd.<CHINA, REPUBLICA POPULAR>FABRICANTE);PT;II
TC07725;Fipronil Técnico Nortox III;fipronil (pirazol) (950 g/kg);Cupinicida/Formicida/Inseticida;Nortox S.A. - Arapongas; (Shandong Avilive Chemical CO., LTD.<CHINA, REPUBLICA POPULAR>FABRICANTE);PT;II
11111;Fipronil Técnico Ouro Fino;fipronil (pirazol) (950 g/kg);Inseticida;Ouro Fino Química S.A. - Uberaba; (Gharda Chemical Limited - Lote Plant<ÍNDIA>FABRICANTE) +  (Lianyungang Avilive Chemical Co, Ltd. - Jiangsu <CHINA, REPUBLICA POPULAR>FABRICANTE);II;II
31318;Fipronil Técnico Pilarquim.;fipronil (pirazol) (970 g/kg);Cupinicida/Formicida/Inseticida;Pilarquim Br Comercial Ltda.- São Paulo; (Hailir Pesticides and Chemicals Group Co., Ltd.<CHINA, REPUBLICA POPULAR>FABRICANTE);II;II
18217;Fipronil Técnico Proventis;fipronil (pirazol) (960 g/kg);Inseticida;Proventis Lifescience Defensivos Agrícolas Ltda; (Jiangsu Changqing Biotechnology Co. Ltd.<CHINA, REPUBLICA POPULAR>FABRICANTE) +  (Jiangsu Changqing Agrochemical Co., Ltd - Yangzhou<CHINA, REPUBLICA POPULAR>FABRICANTE);II;II
TC01820;Fipronil Técnico Rawell;fipronil (pirazol) (950 g/kg);Cupinicida/Formicida/Inseticida;Rawell Agro Ltda - ME ; (Lianyungang Avilive Chemical Co, Ltd. - Jiangsu <CHINA, REPUBLICA POPULAR>FABRICANTE);PT;II
4513;Fipronil Técnico Rotam;fipronil (pirazol) (960 g/kg);Formicida/Inseticida;Albaugh Agro Brasil Ltda.- São Paulo; (Jiangsu Tuoqiu Agrochemicals Co. Ltd - Jiangsu<CHINA, REPUBLICA POPULAR>FABRICANTE);II;II
TC03121;Fipronil Técnico Sino-Agri;fipronil (pirazol) (977.4 g/kg);Cupinicida/Formicida/Inseticida;Inovatis Agronegocios Importação e Exportação Ltda.; (ZheJiang Funong Biotech Co. Ltd.<CHINA, REPUBLICA POPULAR>FABRICANTE);PT;II
16219;Fipronil Técnico Sinon ;fipronil (pirazol) (960 g/kg);Cupinicida/Formicida/Inseticida;Sinon do Brasil Ltda. - Porto Alegre /RS.; (Sinon Corporation - Taiwan<TAIWAN (ILHA FORMOSA)>FABRICANTE) +  (Sinon Chemical CO., LTD. Fengxian/Shanghai<CHINA, REPUBLICA POPULAR>FABRICANTE);II;II
34317;Fipronil Técnico Tagros;fipronil (pirazol) (972 g/kg);Inseticida;Tagros Brasil Comércio de Produtos Químicos Ltda.; (Tagros Chemicals India Private Limited - Tamil Nadu <ÍNDIA>FABRICANTE);II;II
15617;Fipronil Técnico Tecnomyl;fipronil (pirazol) (975 g/kg);Cupinicida/Formicida/Inseticida;Tecnomyl Brasil Distribuidora de Produtos Agrícolas Ltda - Foz do Iguaçu; (Jiangsu Changqing Biotechnology Co. Ltd.<CHINA, REPUBLICA POPULAR>FABRICANTE) +  (ZheJiang Funong Biotech Co. Ltd.<CHINA, REPUBLICA POPULAR>FABRICANTE);II;II
TC01220;Fipronil Técnico UN;fipronil (pirazol) (950 g/kg);Cupinicida/Inseticida;Unibrás Agro Química Ltda.;;PT;II
7511;Fipronil Técnico UPL;fipronil (pirazol) (960 g/kg);Inseticida;UPL do Brasil Indústria e Comércio de Insumos Agropecuários S.A. - Matriz Ituverava/SP ; (Anhui Huaxing Chemical Industry Co. Ltd.<CHINA, REPUBLICA POPULAR>FABRICANTE) +  (Crimsun Organics Private Ltd.<ÍNDIA>FABRICANTE);II;II
10311;Fipronil Técnico UPL BR;fipronil (pirazol) (960 g/kg);Cupinicida/Formicida/Inseticida;UPL do Brasil Indústria e Comércio de Insumos Agropecuários S.A. - Matriz Ituverava/SP ; (Anhui Huaxing Chemical Industry Co. Ltd.<CHINA, REPUBLICA POPULAR>FABRICANTE) +  (Crimsun Organics Private Ltd.<ÍNDIA>FABRICANTE);II;II
5812;Fipronil Técnico YN;fipronil (pirazol) (950 g/kg);Inseticida;Yonon Brasil Defensivos Agricolas Ltda; (Yongnong Biosciences Co., Ltd.<CHINA, REPUBLICA POPULAR>FABRICANTE);II;II
6012;Fipronil Técnico ZJ;fipronil (pirazol) (950 g/kg);Inseticida;AllierBrasil Agro Ltda.;;II;II
TC01024;Fipronil Técnico ZS;fipronil (pirazol) (980 g/kg);Inseticida;Zhongshan Química do Brasil - Sorocaba/SP; (Xiangshui Zhongshan Bioscience Co. Ltd<CHINA, REPUBLICA POPULAR>FABRICANTE);PT;II
397;Flazasulfuron Técnico ISK;flazasulfurom (sulfoniluréia) (940 g/kg);Herbicida;ISK Biosciences do Brasil Defensivos Agricolas Ltda; (Ishihara Sangyo Kaisha Ltd. (Fábrica)<JAPÃO>FABRICANTE);III;III
TC06926;Flonicamid Técnico Brilliance ;flonicamida (nicotinóide) (980 g/kg);Inseticida;Brilliance Produtos Agrícolas Ltda; (Jiangxi Huihe Chemical Co. Ltd.<CHINA, REPUBLICA POPULAR>FABRICANTE);PT;III
TC13426;Flonicamid Técnico FT;flonicamida (nicotinóide) (960 g/kg);Inseticida;Yonon Brasil Defensivos Agricolas Ltda; (Yongnong Biosciences Co., Ltd.<CHINA, REPUBLICA POPULAR>FABRICANTE);PT;III
4505;Flonicamid Técnico ISK;flonicamida (nicotinóide) (960 g/kg);Inseticida;ISK Biosciences do Brasil Defensivos Agricolas Ltda; (Ishihara Sangyo Kaisha Ltd. (Fábrica)<JAPÃO>FABRICANTE) +  (Wuxi Jiabao Pesticide & Pharmaceutical Co., Ltd.<CHINA, REPUBLICA POPULAR>FABRICANTE) +  (FarmHannong Co. Ltd.  - Unidade Banwol<CORÉIA (DO SUL), REPÚBLICA DA>FABRICANTE) +  (UPL Limited - Ankleshwar Unit-11 <ÍNDIA>FABRICANTE);III;III
4405;Flonicamid Técnico ISK II;flonicamida (nicotinóide) (960 g/kg);Inseticida;ISK Biosciences do Brasil Defensivos Agricolas Ltda; (Ishihara Sangyo Kaisha Ltd. (Fábrica)<JAPÃO>FABRICANTE) +  (Wuxi Jiabao Pesticide & Pharmaceutical Co., Ltd.<CHINA, REPUBLICA POPULAR>FABRICANTE);III;III
TC01526;Flonicamid Técnico SJ;flonicamida (nicotinóide) (980 g/kg);Inseticida;Biorisk - Assessoria e Comércio de Produtos Agrícolas Ltda.; (Shandong Jingbo Agrochemicals Technology Co. Ltd.<CHINA, REPUBLICA POPULAR>FABRICANTE);PT;III
TC18326;Flonicamid Técnico Wynca;flonicamida (nicotinóide) (980 g/kg);Inseticida;Proregistros Registros de Produtos Ltda - EPP ; (Jiangxi Huihe Chemical Co. Ltd.<CHINA, REPUBLICA POPULAR>FABRICANTE);PT;III
TC18226;Flonicamid Técnico ZHC;flonicamida (nicotinóide) (980 g/kg);Inseticida;Proregistros Registros de Produtos Ltda - EPP ; (Jiangxi Huihe Chemical Co. Ltd.<CHINA, REPUBLICA POPULAR>FABRICANTE);PT;III
TC14526;Flonicamida Técnica Nortox;flonicamida (nicotinóide) (980 g/kg);Inseticida;Nortox S.A. - Arapongas; (Jiangxi Huihe Chemical Co. Ltd.<CHINA, REPUBLICA POPULAR>FABRICANTE);PT;III
TC20026;Flonicamida Técnico Nortox II;flonicamida (nicotinóide) (970 g/kg);Inseticida;Nortox S.A. - Arapongas; (Jiangsu Flag Chemical Industry Co., Ltd.<CHINA, REPUBLICA POPULAR>FABRICANTE);PT;III
TC19926;Flonicamida Técnico Nortox III;flonicamida (nicotinóide) (960 g/kg);Inseticida;Nortox S.A. - Arapongas; (Yongnong Biosciences Co., Ltd.<CHINA, REPUBLICA POPULAR>FABRICANTE);PT;III
TC07525;Flonicamida Técnico Rainbow;flonicamida (nicotinóide) (980 g/kg);Inseticida;Rainbow Defensivos Agrícolas Ltda.- Porto Alegre /RS ; (Qingdao Rainbow Chemical Co., Ltd <CHINA, REPUBLICA POPULAR>FABRICANTE);PT;III
TC06626;Flonicamida Técnico ZS;flonicamida (nicotinóide) (980 g/kg);Inseticida;Zhongshan Química do Brasil - Sorocaba/SP; (Jiangxi Huihe Chemical Co. Ltd.<CHINA, REPUBLICA POPULAR>FABRICANTE);PT;III
10111;Fluazifop Tecnico Sinon;fluazifope-P-butílico (ácido ariloxifenoxipropiônico) (969.2 g/kg);Herbicida;Sinon do Brasil Ltda. - Porto Alegre /RS.; (Sinon Corporation - Taiwan<TAIWAN (ILHA FORMOSA)>FABRICANTE);III;II
2638794;Fluazifop-P-Butil Técnico;fluazifope-P-butílico (ácido ariloxifenoxipropiônico) (820 g/kg);Herbicida;Syngenta Proteção de Cultivos Ltda.  São Paulo/SP; (Syngenta Limited - Huddersfield<REINO UNIDO>FABRICANTE);III;I
TC18024;Fluazinam C Técnico Helm;fluazinam (fenilpiridinilamina) (980 g/kg);Acaricida/Fungicida;Helm do Brasil Mercantil - São Paulo/SP; (Jiangsu Corechem Co. Ltd.<CHINA, REPUBLICA POPULAR>FABRICANTE);PT;II
21818;Fluazinam Tecnico SH;fluazinam (fenilpiridinilamina) (985 g/kg);Acaricida/Fungicida;Sinochem Agro do Brasil Ltda. ; (Zhejiang Hetian Chemical Co., Ltd.<CHINA, REPUBLICA POPULAR>FABRICANTE);I;II
TC13523;Fluazinam Técnico 980 AGCN;fluazinam (fenilpiridinilamina) (980 g/kg);Acaricida/Fungicida;Agriconnection Importadora e Exportadora de Insumos Agrícolas - Barueri/SP; (Jiangsu Corechem Co. Ltd.<CHINA, REPUBLICA POPULAR>FABRICANTE);PT;II
TC14524;Fluazinam Técnico Ada;fluazinam (fenilpiridinilamina) (980 g/kg);Acaricida/Fungicida;Adama Brasil S.A.- Londrina/PR; (Youjia Crop Protection Co Ltd<CHINA, REPUBLICA POPULAR>FABRICANTE);PT;II
TC17624;Fluazinam Técnico Ada BR;fluazinam (fenilpiridinilamina) (980 g/kg);Acaricida/Fungicida;Adama Brasil S.A.- Londrina/PR; (Jiangsu Corechem Co. Ltd.<CHINA, REPUBLICA POPULAR>FABRICANTE);PT;II
37618;Fluazinam Técnico Adama;fluazinam (fenilpiridinilamina) (985 g/kg);Fungicida;Adama Brasil S.A.- Londrina/PR; (Zhejiang Hetian Chemical Co., Ltd.<CHINA, REPUBLICA POPULAR>FABRICANTE);I;II
TC08023;Fluazinam Técnico Adama BR;fluazinam (fenilpiridinilamina) (985 %);Acaricida/Fungicida;Adama Brasil S.A.- Londrina/PR; (Zhejiang Hetian Chemical Co., Ltd.<CHINA, REPUBLICA POPULAR>FABRICANTE);I;II
TC14625;Fluazinam Técnico Agrolead;fluazinam (fenilpiridinilamina) (980 g/kg);Acaricida/Fungicida;Agro-Lead Brasil Assessoria em Produtos Agrícolas Ltda - EPP; (Shandong United Pesticide Industry Co., Ltd.<CHINA, REPUBLICA POPULAR>FABRICANTE);PT;II
TC12624;Fluazinam Técnico Alta ;fluazinam (fenilpiridinilamina) (980 g/kg);Acaricida/Fungicida;ALTA - America Latina Tecnologia Agrícola Ltda.- Curitiba; (Inner Mongolia Join Dream Fine Chemicals Co. Ltd.<CHINA, REPUBLICA POPULAR>FABRICANTE);PT;II
41519;Fluazinam Técnico Bailly;fluazinam (fenilpiridinilamina) (980 g/kg);Fungicida;Proregistros Registros de Produtos Ltda - EPP ; (Taizhou Bailly Chemical Co., Limited<CHINA, REPUBLICA POPULAR>FABRICANTE);PT;II
37418;Fluazinam Técnico CCAB;fluazinam (fenilpiridinilamina) (975 g/kg);Acaricida/Fungicida;CCAB Agro S.A.   São Paulo; (Zhejiang Hetian Chemical Co., Ltd.<CHINA, REPUBLICA POPULAR>FABRICANTE) +  (Huaian Glory Chemical Co., Ltd.<CHINA, REPUBLICA POPULAR>FABRICANTE) +  (Hebei Wanquan Lihua Chemicals Co. Ltd<CHINA, REPUBLICA POPULAR>FABRICANTE);I;II
TC17924;Fluazinam Técnico CCAB II;fluazinam (fenilpiridinilamina) (980 g/kg);Acaricida/Fungicida;CCAB Agro S.A.   São Paulo; (Jiangsu Corechem Co. Ltd.<CHINA, REPUBLICA POPULAR>FABRICANTE);PT;II
2208;Fluazinam Técnico Cheminova;fluazinam (fenilpiridinilamina) (959.3 g/kg);Fungicida;FMC Química do Brasil Ltda. - Campinas/SP; (Cheminova  A/S - Harboore<DINAMARCA>FABRICANTE) +  (Lianhe Chemical Technology (Yancheng) Co. Ltd.<CHINA, REPUBLICA POPULAR>FABRICANTE);I;II
TC17524;Fluazinam Técnico Corechem;fluazinam (fenilpiridinilamina) (980 g/kg);Acaricida/Fungicida;Solagro Soluções Agrícolas Ltda - São Paulo/SP; (Jiangsu Corechem Co. Ltd.<CHINA, REPUBLICA POPULAR>FABRICANTE);PT;II
TC05120;Fluazinam Técnico Crystal;fluazinam (fenilpiridinilamina) (980 g/kg);Acaricida/Fungicida;Crystal Agro Ltda; (Inner Mongolia Join Dream Fine Chemicals Co. Ltd.<CHINA, REPUBLICA POPULAR>FABRICANTE);PT;II
TC11423;Fluazinam Técnico Crystal II;fluazinam (fenilpiridinilamina) (980 g/kg);Acaricida/Fungicida;Crystal Agro Ltda;;PT;II
TC10623;Fluazinam Técnico Finchimica;fluazinam (fenilpiridinilamina) (980 g/kg);Acaricida/Fungicida;Solagro Soluções Agrícolas Ltda - São Paulo/SP; (Inner Mongolia Join Dream Fine Chemicals Co. Ltd.<CHINA, REPUBLICA POPULAR>FABRICANTE);PT;II
TC08824;Fluazinam Técnico Fluz;fluazinam (fenilpiridinilamina) (980 g/kg);Acaricida/Fungicida;Biorisk - Assessoria e Comércio de Produtos Agrícolas Ltda.;;PT;II
TC17324;Fluazinam Técnico Gilmore;fluazinam (fenilpiridinilamina) (980 g/kg);Acaricida/Fungicida;Gilmore Agro do Brasil Ltda - ME ; (Inner Mongolia Join Dream Fine Chemicals Co. Ltd.<CHINA, REPUBLICA POPULAR>FABRICANTE);PT;II
7595;Fluazinam Técnico ISK;fluazinam (fenilpiridinilamina) (960 g/kg);Acaricida/Fungicida;ISK Biosciences do Brasil Defensivos Agricolas Ltda; (Ishihara Sangyo Kaisha Ltd. (Fábrica)<JAPÃO>FABRICANTE) +  (Union Chemical Corporation <CORÉIA (DO SUL), REPÚBLICA DA>FABRICANTE) +  (FarmHannong Co. Ltd.  - Unidade Banwol<CORÉIA (DO SUL), REPÚBLICA DA>FABRICANTE) +  (Union Chemical Corporation <CORÉIA (DO SUL), REPÚBLICA DA>FABRICANTE) +  (Iharabras S.A. Indústria Químicas - Sorocaba<BRASIL>FABRICANTE) +  (Union Chemical Corporation <CORÉIA (DO SUL), REPÚBLICA DA>FABRICANTE);I;II
TC16124;Fluazinam Técnico Junkai;fluazinam (fenilpiridinilamina) (980 g/kg);Acaricida/Fungicida;Biorisk - Assessoria e Comércio de Produtos Agrícolas Ltda.; (Inner Mongolia Join Dream Fine Chemicals Co. Ltd.<CHINA, REPUBLICA POPULAR>FABRICANTE);PT;II
34017;Fluazinam Técnico ME2;fluazinam (fenilpiridinilamina) (975 g/kg);Acaricida/Fungicida;UPL do Brasil Indústria e Comércio de Insumos Agropecuários S.A. - Matriz Ituverava/SP ;;I;II
14217;Fluazinam Técnico Milenia ;fluazinam (fenilpiridinilamina) (980 g/kg);Acaricida/Fungicida;Adama Brasil S.A.- Londrina/PR;;I;II
TC14424;Fluazinam Técnico NGC;fluazinam (fenilpiridinilamina) (980 g/kg);Acaricida/Fungicida;NGC Agrosciences Brasil Ltda - Botucatu/SP; (Youjia Crop Protection Co Ltd<CHINA, REPUBLICA POPULAR>FABRICANTE);PT;II
25618;Fluazinam Técnico Nortox;fluazinam (fenilpiridinilamina) (980 g/kg);Acaricida/Fungicida;Nortox S.A. - Arapongas; (Nortox S.A. - Arapongas<BRASIL>FABRICANTE);I;II
25518;Fluazinam Técnico Nortox BR;fluazinam (fenilpiridinilamina) (985 g/kg);Acaricida/Fungicida;Nortox S.A. - Arapongas; (Zhejiang Hetian Chemical Co., Ltd.<CHINA, REPUBLICA POPULAR>FABRICANTE) +  (Huaian Glory Chemical Co., Ltd.<CHINA, REPUBLICA POPULAR>FABRICANTE);I;II
TC18124;Fluazinam Técnico Nortox III;fluazinam (fenilpiridinilamina) (980 g/kg);Acaricida/Fungicida;Nortox S.A. - Arapongas; (Jiangsu Corechem Co. Ltd.<CHINA, REPUBLICA POPULAR>FABRICANTE);PT;II
TC14924;Fluazinam Técnico Nortox IV;fluazinam (fenilpiridinilamina) (980 g/kg);Acaricida/Fungicida;Nortox S.A. - Arapongas; (Youjia Crop Protection Co Ltd<CHINA, REPUBLICA POPULAR>FABRICANTE);PT;II
TC14023;Fluazinam Técnico Ouro Fino;fluazinam (fenilpiridinilamina) (980 g/kg);Acaricida/Fungicida;Ouro Fino Química S.A. - Uberaba; (Jiangsu Corechem Co. Ltd.<CHINA, REPUBLICA POPULAR>FABRICANTE);PT;II
38719;Fluazinam Técnico Oxon;fluazinam (fenilpiridinilamina) (980 g/kg);Acaricida/Fungicida;Oxon Brasil Defensivos Agrícolas Ltda.; (Taizhou Bailly Chemical Co., Limited<CHINA, REPUBLICA POPULAR>FABRICANTE);PT;II
TC14324;Fluazinam Técnico Oxon II;fluazinam (fenilpiridinilamina) (980 g/kg);Acaricida/Fungicida;Oxon Brasil Defensivos Agrícolas Ltda.; (Youjia Crop Protection Co Ltd<CHINA, REPUBLICA POPULAR>FABRICANTE);PT;II
TC14124;Fluazinam Técnico Pilarquim;fluazinam (fenilpiridinilamina) (980 g/kg);Acaricida/Fungicida;Pilarquim Br Comercial Ltda.- São Paulo; (Jiangsu Corechem Co. Ltd.<CHINA, REPUBLICA POPULAR>FABRICANTE);PT;II
33917;Fluazinam Técnico Proventis;fluazinam (fenilpiridinilamina) (975 g/kg);Acaricida/Fungicida;Proventis Lifescience Defensivos Agrícolas Ltda; (Hebei Wanquan Lihua Chemicals Co. Ltd<CHINA, REPUBLICA POPULAR>FABRICANTE);I;II
TC13623;Fluazinam Técnico RTM;fluazinam (fenilpiridinilamina) (980 g/kg);Acaricida/Fungicida;Albaugh Agro Brasil Ltda.- São Paulo; (Jiangsu Corechem Co. Ltd.<CHINA, REPUBLICA POPULAR>FABRICANTE);PT;II
TC07321;Fluazinam Técnico Rainbow;fluazinam (fenilpiridinilamina) (980 g/kg);Acaricida/Fungicida;Rainbow Defensivos Agrícolas Ltda.- Porto Alegre /RS ; (Shandong Weifang Rainbow Chemical Co., Ltd. - Unidade Fabril 02<CHINA, REPUBLICA POPULAR>FABRICANTE);PT;II
07018;Fluazinam Técnico Rotam;fluazinam (fenilpiridinilamina) (980 g/kg);Fungicida/Regulador de Crescimento;Albaugh Agro Brasil Ltda.- São Paulo; (Youth Chemical Co. Ltd. - Jiangsu<CHINA, REPUBLICA POPULAR>FABRICANTE);I;II
TC14624;Fluazinam Técnico SA;fluazinam (fenilpiridinilamina) (980 g/kg);Acaricida/Fungicida;Sinochem Agro do Brasil Ltda. ; (Youjia Crop Protection Co Ltd<CHINA, REPUBLICA POPULAR>FABRICANTE);PT;II
TC20926;Fluazinam Técnico SC;fluazinam (fenilpiridinilamina) (980 g/kg);Acaricida/Fungicida;Biorisk - Assessoria e Comércio de Produtos Agrícolas Ltda.; (Inner Mongolia Join Dream Fine Chemicals Co. Ltd.<CHINA, REPUBLICA POPULAR>FABRICANTE);PT;II
39519;Fluazinam Técnico SNB;fluazinam (fenilpiridinilamina) (980 g/kg);Acaricida/Fungicida;Oxon Brasil Defensivos Agrícolas Ltda.; (Taizhou Bailly Chemical Co., Limited<CHINA, REPUBLICA POPULAR>FABRICANTE);PT;II
TC14725;Fluazinam Técnico Sau;fluazinam (fenilpiridinilamina) (980 g/kg);Acaricida/Fungicida;Solagro Soluções Agrícolas Ltda - São Paulo/SP; (Shandong United Pesticide Industry Co., Ltd.<CHINA, REPUBLICA POPULAR>FABRICANTE);PT;II
TC17724;Fluazinam Técnico Sino-Agri;fluazinam (fenilpiridinilamina) (980 g/kg);Acaricida/Fungicida;Lemma Agronegócios Importação e Exportação Ltda.; (Jiangsu Corechem Co. Ltd.<CHINA, REPUBLICA POPULAR>FABRICANTE);PT;II
TC12525;Fluazinam Técnico Stockton;fluazinam (fenilpiridinilamina) (980 g/kg);Acaricida/Fungicida;Globachem Proteção de Cultivos do Brasil Ltda. - Campinas/SP; (Shandong United Pesticide Industry Co., Ltd.<CHINA, REPUBLICA POPULAR>FABRICANTE);PT;II
6816;Fluazinam Técnico Sumitomo;fluazinam (fenilpiridinilamina) (985 g/kg);Fungicida;Sumitomo Chemical Brasil Indústria Química S.A. - Maracanaú/CE; (Jiangsu Yangnong Chemical Co. Ltd<CHINA, REPUBLICA POPULAR>FABRICANTE);III;II
TC14724;Fluazinam Técnico Sumitomo BR;fluazinam (fenilpiridinilamina) (980 g/kg);Acaricida/Fungicida;Sumitomo Chemical Brasil Indústria Química S.A. - Maracanaú/CE; (Youjia Crop Protection Co Ltd<CHINA, REPUBLICA POPULAR>FABRICANTE);PT;II
TC14823;Fluazinam Técnico Sumitomo II;fluazinam (fenilpiridinilamina) (980 g/kg);Acaricida/Fungicida;Sumitomo Chemical Brasil Indústria Química S.A. - Maracanaú/CE; (Jiangsu Corechem Co. Ltd.<CHINA, REPUBLICA POPULAR>FABRICANTE);PT;II
TC13924;Fluazinam Técnico Tecnomyl II;fluazinam (fenilpiridinilamina) (980 g/kg);Acaricida/Fungicida;Tecnomyl Brasil Distribuidora de Produtos Agrícolas Ltda - Foz do Iguaçu; (Inner Mongolia Join Dream Fine Chemicals Co. Ltd.<CHINA, REPUBLICA POPULAR>FABRICANTE);PT;II
TC14224;Fluazinam Técnico Tide;fluazinam (fenilpiridinilamina) (980 g/kg);Acaricida/Fungicida;Tide do Brasil Ltda - Porto Alegre/RS; (Youjia Crop Protection Co Ltd<CHINA, REPUBLICA POPULAR>FABRICANTE);PT;II
TC13424;Fluazinam Técnico Wuhai ;fluazinam (fenilpiridinilamina) (980 g/kg);Acaricida/Fungicida;HY-Green Produtos Agrícolas Ltda.; (Inner Mongolia Join Dream Fine Chemicals Co. Ltd.<CHINA, REPUBLICA POPULAR>FABRICANTE);PT;II
TC14824;Fluazinam Técnico Wynca ;fluazinam (fenilpiridinilamina) (980 g/kg);Acaricida/Fungicida;Wynca do Brasil Ltda  São Paulo ; (Youjia Crop Protection Co Ltd<CHINA, REPUBLICA POPULAR>FABRICANTE);PT;II
TC16724;Fluazinam Técnico ZS;fluazinam (fenilpiridinilamina) (980 g/kg);Acaricida/Fungicida;Zhongshan Química do Brasil - Sorocaba/SP; (Inner Mongolia Join Dream Fine Chemicals Co. Ltd.<CHINA, REPUBLICA POPULAR>FABRICANTE);PT;II
TC09425;Flubendiamida Técnico Rainbow;Flubendiamida (Diamida do ácido ftálico) (960 g/kg);Inseticida;Rainbow Defensivos Agrícolas Ltda.- Porto Alegre /RS ; (Qingdao Rainbow Chemical Co., Ltd <CHINA, REPUBLICA POPULAR>FABRICANTE);PT;II
38018;Fludioxonil Técnico Adama;fludioxonil (fenilpirrol) (990 g/kg);Fungicida;Adama Brasil S.A.- Londrina/PR; (Shangyu Nutrichem Co., Ltd.<CHINA, REPUBLICA POPULAR>FABRICANTE);III;II
TC03022;Fludioxonil Técnico Adama BR;fludioxonil (fenilpirrol) (980 g/kg);Fungicida;Adama Brasil S.A.- Londrina/PR; (Rudong Zhongyi Chemical Co., Ltd.<CHINA, REPUBLICA POPULAR>FABRICANTE);PT;II
TC25625;Fludioxonil Técnico FB;fludioxonil (fenilpirrol) (990 g/kg);Fungicida;Agroallianz S.A; (Zhejiang Udragon Bioscience Co. Ltd<CHINA, REPUBLICA POPULAR>FABRICANTE);PT;II
10718;Fludioxonil Técnico Milenia;fludioxonil (fenilpirrol) (970 g/kg);Fungicida;Adama Brasil S.A.- Londrina/PR; (Adama Agricultural Solutions Ltd. - Beer Sheva<ISRAEL>FABRICANTE);III;II
TC24125;Fludioxonil Técnico Nortox;fludioxonil (fenilpirrol) (990 g/kg);Fungicida;Nortox S.A. - Arapongas; (Zhejiang Udragon Bioscience Co. Ltd<CHINA, REPUBLICA POPULAR>FABRICANTE);PT;III
TC06126;Fludioxonil Técnico Nortox II;fludioxonil (fenilpirrol) (990 g/kg);Fungicida;Nortox S.A. - Arapongas; (Vision Fluorochem (Nanjing) Ltd.<CHINA, REPUBLICA POPULAR>FABRICANTE);PT;II
33118;Fludioxonil Técnico Proventis;fludioxonil (fenilpirrol) (985 g/kg);Fungicida;Proventis Lifescience Defensivos Agrícolas Ltda; (Shangyu Nutrichem Co., Ltd.<CHINA, REPUBLICA POPULAR>FABRICANTE);III;II
TC13823;Fludioxonil Técnico Rainbow;fludioxonil (fenilpirrol) (970 g/kg);Fungicida;Rainbow Defensivos Agrícolas Ltda.- Porto Alegre /RS ; (Shandong Weifang Rainbow Chemical Co., Ltd. - Unidade Fabril 01<CHINA, REPUBLICA POPULAR>FABRICANTE);PT;II
TC11925;Fludioxonil Técnico Stockton;fludioxonil (fenilpirrol) (990 g/kg);Fungicida;Stockton Agrimor do Brasil Ltda.; (Zhejiang Udragon Bioscience Co. Ltd<CHINA, REPUBLICA POPULAR>FABRICANTE);PT;II
33018;Fludioxonil Técnico Sumitomo;fludioxonil (fenilpirrol) (985 g/kg);Fungicida;Sumitomo Chemical Brasil Indústria Química S.A. - Maracanaú/CE; (Shangyu Nutrichem Co., Ltd.<CHINA, REPUBLICA POPULAR>FABRICANTE);III;II
TC12025;Fludioxonil Técnico Udragon;fludioxonil (fenilpirrol) (990 g/kg);Fungicida;Syncrom Assessoria e Comércio de Produtos Agropecuários  Ltda.; (Zhejiang Udragon Bioscience Co. Ltd<CHINA, REPUBLICA POPULAR>FABRICANTE);PT;II
TC10226;Fludioxonil Técnico VFC ;fludioxonil (fenilpirrol) (990 g/kg);Fungicida;Biorisk - Assessoria e Comércio de Produtos Agrícolas Ltda.; (Vision Fluorochem (Nanjing) Ltd.<CHINA, REPUBLICA POPULAR>FABRICANTE);PT;II
08018;Fluensulfone Técnico ;Fluensulfona (fluoroalkenyle (-thiother)) (950 g/kg);Nematicida;Adama Brasil S.A.- Londrina/PR; (Adama Agricultural Solutions Ltd. - Beer Sheva<ISRAEL>FABRICANTE);IV;III
36717;Flufenoxuron Tecnico Basf;flufenoxurom (benzoiluréia) (960 g/kg);Acaricida/Inseticida;Basf Agricultural Solutions Brasil Ltda  São Paulo/SP; (Vertellus Specialties UK Ltd<REINO UNIDO>FABRICANTE);IV;I
TC06123;Fluindapyr Técnico FMC;Fluindapyr (pirazol carboxamida) (960 g/kg);Herbicida;FMC Química do Brasil Ltda. - Campinas/SP; (PI Industries Ltd. (Industrial Plant)  Panoli<ÍNDIA>FABRICANTE) +  (Cheminova India Ltd. - Gujarat<ÍNDIA>FABRICANTE);Não;II
TC09223;Fluindapyr Técnico Isagro;Fluindapyr (pirazol carboxamida) (960 g/kg);Fungicida;Gowan Produtos Agrícolas Ltda. - Matriz Campinas/SP; (PI Industries Ltd. (Industrial Plant)  Panoli<ÍNDIA>FABRICANTE) +  (Cheminova India Ltd. - Gujarat<ÍNDIA>FABRICANTE);Não;II
3710;Flumetralin Técnico Luxembourg;flumetralina (dinitroanilina) (980 g/kg);Regulador de Crescimento;Luxembourg Brasil Comércio de Produtos Químicos Ltda; (Luxembourg Industries Ltd<ISRAEL>FABRICANTE);I;II
00106;Flumetralin Técnico Milenia;flumetralina (dinitroanilina) (900 g/kg);Regulador de Crescimento;Adama Brasil S.A.- Londrina/PR; (Adama Brasil S.A. - Taquari<BRASIL>FABRICANTE) +  (Adama Agricultural Solutions Ltd. - Ashdod <ISRAEL>FABRICANTE) +  (Adama Brasil S.A.- Londrina/PR<BRASIL>FABRICANTE);III;III
7298;Flumetralin Técnico Novartis;flumetralina (dinitroanilina) (920 g/kg);Regulador de Crescimento;Syngenta Proteção de Cultivos Ltda.  São Paulo/SP; (Syngenta Grimsby Ltd <REINO UNIDO>FABRICANTE) +  (Syngenta Crop Protection, LLC  - Greensboro/ Carolina do Norte (Escritório)<ESTADOS UNIDOS>FABRICANTE) +  (Bayer CropScience Schweiz AG - Muttenz<SUÍCA>FABRICANTE) +  (Ciba-Geigy Specialities - St. Fons<FRANÇA>FABRICANTE);IV;II
8605;Flumetralin Técnico Syngenta;flumetralina (dinitroanilina) (980 g/kg);Regulador de Crescimento;Syngenta Proteção de Cultivos Ltda.  São Paulo/SP; (Chem Desing Corporation<ESTADOS UNIDOS>FABRICANTE) +  (ChemDesign Products, Inc.,<ESTADOS UNIDOS>FABRICANTE) +  (WeylChem US INC<ESTADOS UNIDOS>FABRICANTE);II;II
8906;Flumetralin Técnico WT;flumetralina (dinitroanilina) (930 g/kg);Regulador de Crescimento;AllierBrasil Agro Ltda.;;III;II
994;Flumetsulam Técnico;flumetsulam (sulfonanilida triazolopirimidina) (970 g/kg);Herbicida;CTVA Proteção de Cultivos Ltda - Barueri (Tamboré); (Corteva Agriscience LLC - Midland - Michigan<ESTADOS UNIDOS>FABRICANTE) +  (W. R. Grace & Co-Conn<ESTADOS UNIDOS>FABRICANTE) +  (Deccan Fine Chemicals (India) Limited - Andhra Pradesh<ÍNDIA>FABRICANTE);IV;III
TC27622;Flumioxazim Ascenza Técnico;flumioxazina (ciclohexenodicarboximida) (970 g/kg);Herbicida;Ascenza Brasil Ltda - Hortolândia/SP; (Shandong Binnong Technology CO., LTD<CHINA, REPUBLICA POPULAR>FABRICANTE);PT;III
TC04921;Flumioxazim Técnico Agrogill;flumioxazina (ciclohexenodicarboximida) (990 g/kg);Herbicida;Agrogill Chemicals Ltda; (Jiangsu Yunfan Chemicals Co., Ltd.<CHINA, REPUBLICA POPULAR>FABRICANTE);PT;III
TC01023;Flumioxazim Técnico CHDS;flumioxazina (ciclohexenodicarboximida) (970 g/kg);Herbicida;CHDS do Brasil Comércio de Insumos Agrícolas Ltda - São Miguel do Iguaçu/PR   ;;PT;III
TC16321;Flumioxazim Técnico Rainbow;flumioxazina (ciclohexenodicarboximida) (978 g/kg);Herbicida;Rainbow Defensivos Agrícolas Ltda.- Porto Alegre /RS ;;PT;III
TC17322;Flumioxazim Técnico Solus;flumioxazina (ciclohexenodicarboximida) (970 g/kg);Herbicida;Solus do Brasil Ltda. - Apucarana/PR- Parque Industrial ; (Shandong Binnong Technology CO., LTD<CHINA, REPUBLICA POPULAR>FABRICANTE);PT;III
TC14922;Flumioxazin Técnico 980 AGCN;flumioxazina (ciclohexenodicarboximida) (980 g/kg);Herbicida;Agriconnection Importadora e Exportadora de Insumos Agrícolas - Barueri/SP; (Yifan Biotechnology Group Co. Ltd.<CHINA, REPUBLICA POPULAR>FABRICANTE);PT;III
TC14121;Flumioxazin Técnico Adama;flumioxazina (ciclohexenodicarboximida) (980 g/kg);Herbicida;Adama Brasil S.A.- Londrina/PR; (Shangyu Nutrichem Co., Ltd.<CHINA, REPUBLICA POPULAR>FABRICANTE);PT;III
TC01323;Flumioxazin Técnico Alamos ;flumioxazina (ciclohexenodicarboximida) (970 g/kg);Herbicida;Crotect Crop Science Ltda - São Paulo/SP; (Lier Chemical Co. Ltd.<CHINA, REPUBLICA POPULAR>FABRICANTE);PT;III
TC18922;Flumioxazin Técnico Albaugh I;flumioxazina (ciclohexenodicarboximida) (980 g/kg);Herbicida;Albaugh Agro Brasil Ltda.- São Paulo; (Lier Chemical Co. Ltd.<CHINA, REPUBLICA POPULAR>FABRICANTE);PT;III
TC16422;Flumioxazin Técnico Binnong;flumioxazina (ciclohexenodicarboximida) (970 g/kg);Herbicida;Biorisk - Assessoria e Comércio de Produtos Agrícolas Ltda.; (Shandong Binnong Technology CO., LTD<CHINA, REPUBLICA POPULAR>FABRICANTE);PT;III
TC12126;Flumioxazin Técnico CCAB;flumioxazina (ciclohexenodicarboximida) (990 g/kg);Herbicida;CCAB Agro S.A.   São Paulo; (Shandong Jingbo Agrochemicals Technology Co. Ltd.<CHINA, REPUBLICA POPULAR>FABRICANTE);PT;III
TC03421;Flumioxazin Técnico CCAB II;flumioxazina (ciclohexenodicarboximida) (990 g/kg);Herbicida;CCAB Agro S.A.   São Paulo; (Jiangsu Yunfan Chemicals Co., Ltd.<CHINA, REPUBLICA POPULAR>FABRICANTE);PT;III
TC06022;Flumioxazin Técnico CHDS II;flumioxazina (ciclohexenodicarboximida) (980 g/kg);Herbicida;CHDS do Brasil Comércio de Insumos Agrícolas Ltda - São Miguel do Iguaçu/PR   ; (Lier Chemical Co. Ltd.<CHINA, REPUBLICA POPULAR>FABRICANTE);PT;III
TC21625;Flumioxazin Técnico Denong;flumioxazina (ciclohexenodicarboximida) (980 g/kg);Herbicida;Biorisk - Assessoria e Comércio de Produtos Agrícolas Ltda.; (Changshu Pesticide Factory Co. Ltd.<CHINA, REPUBLICA POPULAR>FABRICANTE);PT;III
TC12422;Flumioxazin Técnico FB;flumioxazina (ciclohexenodicarboximida) (980 g/kg);Herbicida;Agroallianz S.A; (Yifan Biotechnology Group Co. Ltd.<CHINA, REPUBLICA POPULAR>FABRICANTE);PT;III
TC08126;Flumioxazin Técnico Jingbo;flumioxazina (ciclohexenodicarboximida) (990 g/kg);Herbicida;Solagro Soluções Agrícolas Ltda - São Paulo/SP; (Shandong Jingbo Agrochemicals Technology Co. Ltd.<CHINA, REPUBLICA POPULAR>FABRICANTE);PT;III
TC01522;Flumioxazin Técnico Lier;flumioxazina (ciclohexenodicarboximida) (980 g/kg);Herbicida;Foison do Brasil Defensivos Agrícolas e Comércio Ltda;;PT;III
TC03822;Flumioxazin Técnico NGC;flumioxazina (ciclohexenodicarboximida) (980 g/kg);Herbicida;NGC Agrosciences Brasil Ltda - Botucatu/SP; (Lier Chemical Co. Ltd.<CHINA, REPUBLICA POPULAR>FABRICANTE);PT;III
TC11821;Flumioxazin Técnico Nortox;flumioxazina (ciclohexenodicarboximida) (970 g/kg);Herbicida;Nortox S.A. - Arapongas; (Shandong Binnong Technology CO., LTD<CHINA, REPUBLICA POPULAR>FABRICANTE);PT;III
TC17721;Flumioxazin Técnico Nortox II;flumioxazina (ciclohexenodicarboximida) (980 g/kg);Herbicida;Nortox S.A. - Arapongas; (Yifan Biotechnology Group Co. Ltd.<CHINA, REPUBLICA POPULAR>FABRICANTE);PT;III
TC02722;Flumioxazin Técnico Nortox III;flumioxazina (ciclohexenodicarboximida) (970 g/kg);Herbicida;Nortox S.A. - Arapongas; (Shandong Binnong Technology CO., LTD<CHINA, REPUBLICA POPULAR>FABRICANTE);PT;III
TC19122;Flumioxazin Técnico Pilarquim LC;flumioxazina (ciclohexenodicarboximida) (980 g/kg);Herbicida;Pilarquim Br Comercial Ltda.- São Paulo; (Lier Chemical Co. Ltd.<CHINA, REPUBLICA POPULAR>FABRICANTE);PT;III
TC14021;Flumioxazin Técnico Proventis;flumioxazina (ciclohexenodicarboximida) (980 g/kg);Herbicida;Proventis Lifescience Defensivos Agrícolas Ltda; (Shangyu Nutrichem Co., Ltd.<CHINA, REPUBLICA POPULAR>FABRICANTE);PT;III
TC15022;Flumioxazin Técnico Rotam;flumioxazina (ciclohexenodicarboximida) (980 g/kg);Herbicida;Albaugh Agro Brasil Ltda.- São Paulo; (Yifan Biotechnology Group Co. Ltd.<CHINA, REPUBLICA POPULAR>FABRICANTE) +  (Lier Chemical Co. Ltd.<CHINA, REPUBLICA POPULAR>FABRICANTE);PT;III
TC15822;Flumioxazin Técnico UPL ;flumioxazina (ciclohexenodicarboximida) (980 g/kg);Herbicida;UPL do Brasil Indústria e Comércio de Insumos Agropecuários S.A. - Matriz Ituverava/SP ; (Max (Rudong) Chemicals Co., Ltd.<CHINA, REPUBLICA POPULAR>FABRICANTE);PT;III
TC16921;Flumioxazin Técnico UPL BR;flumioxazina (ciclohexenodicarboximida) (980 g/kg);Herbicida;UPL do Brasil Indústria e Comércio de Insumos Agropecuários S.A. - Matriz Ituverava/SP ; (Yifan Biotechnology Group Co. Ltd.<CHINA, REPUBLICA POPULAR>FABRICANTE);PT;III
TC17022;Flumioxazin Técnico YN;flumioxazina (ciclohexenodicarboximida) (980 g/kg);Herbicida;Longwind Cropscience Brazil Ltda - Porto Alegre/RS; (Yifan Biotechnology Group Co. Ltd.<CHINA, REPUBLICA POPULAR>FABRICANTE);PT;III
TC16922;Flumioxazina B Técnico Helm;flumioxazina (ciclohexenodicarboximida) (970 g/kg);Herbicida;Helm do Brasil Mercantil - São Paulo/SP; (Shandong Binnong Technology CO., LTD<CHINA, REPUBLICA POPULAR>FABRICANTE);PT;III
TC16026;Flumioxazina Técnico  Ada;flumioxazina (ciclohexenodicarboximida) (990 g/kg);Herbicida;Adama Brasil S.A.- Londrina/PR; (Shandong Jingbo Agrochemicals Technology Co. Ltd.<CHINA, REPUBLICA POPULAR>FABRICANTE);PT;III
TC17421;Flumioxazina Técnico ALS;flumioxazina (ciclohexenodicarboximida) (980 g/kg);Herbicida;UPL do Brasil Indústria e Comércio de Insumos Agropecuários S.A. - Matriz Ituverava/SP ; (Yifan Biotechnology Group Co. Ltd.<CHINA, REPUBLICA POPULAR>FABRICANTE);PT;III
TC17122;Flumioxazina Técnico Ada BR;flumioxazina (ciclohexenodicarboximida) (980 g/kg);Herbicida;Adama Brasil S.A.- Londrina/PR; (Max (Rudong) Chemicals Co., Ltd.<CHINA, REPUBLICA POPULAR>FABRICANTE);PT;III
TC26922;Flumioxazina Técnico Ada Brasil;flumioxazina (ciclohexenodicarboximida) (970 g/kg);Herbicida;Adama Brasil S.A.- Londrina/PR; (Shandong Binnong Technology CO., LTD<CHINA, REPUBLICA POPULAR>FABRICANTE);PT;III
TC03322;Flumioxazina Técnico Adama BR;flumioxazina (ciclohexenodicarboximida) (980 g/kg);Herbicida;Adama Brasil S.A.- Londrina/PR; (Lier Chemical Co. Ltd.<CHINA, REPUBLICA POPULAR>FABRICANTE);PT;III
TC15922;Flumioxazina Técnico Adama Brasil;flumioxazina (ciclohexenodicarboximida) (980 g/kg);Herbicida;Adama Brasil S.A.- Londrina/PR; (Yifan Biotechnology Group Co. Ltd.<CHINA, REPUBLICA POPULAR>FABRICANTE);PT;III
TC11721;Flumioxazina Técnico Alta;flumioxazina (ciclohexenodicarboximida) (970 g/kg);Herbicida;ALTA - America Latina Tecnologia Agrícola Ltda.- Curitiba;;PT;III
TC14022;Flumioxazina Técnico CropChem II;flumioxazina (ciclohexenodicarboximida) (980 g/kg);Herbicida;Cropchem Ltda - Porto Alegre; (Yifan Biotechnology Group Co. Ltd.<CHINA, REPUBLICA POPULAR>FABRICANTE) +  (Lier Chemical Co. Ltd.<CHINA, REPUBLICA POPULAR>FABRICANTE) +  (Lianyungang Shijie Agrochemicals  Co. Ltd.<CHINA, REPUBLICA POPULAR>FABRICANTE);PT;III
TC08621;Flumioxazina Técnico Cropchem;flumioxazina (ciclohexenodicarboximida) (970 g/kg);Herbicida;Cropchem Ltda - Porto Alegre; (Shandong Binnong Technology CO., LTD<CHINA, REPUBLICA POPULAR>FABRICANTE);PT;II
TC03126;Flumioxazina Técnico Greenchem;flumioxazina (ciclohexenodicarboximida) (980 g/kg);Herbicida;Proregistros Registros de Produtos Ltda - EPP ; (Shanxi Anrui Pharmaceuticals Co., Ltd.<CHINA, REPUBLICA POPULAR>FABRICANTE);PT;III
TC15222;Flumioxazina Técnico SBT;flumioxazina (ciclohexenodicarboximida) (970 g/kg);Herbicida;Biorisk - Assessoria e Comércio de Produtos Agrícolas Ltda.; (Shandong Binnong Technology CO., LTD<CHINA, REPUBLICA POPULAR>FABRICANTE);PT;III
TC00524;Flumioxazina Técnico Tecnomyl;flumioxazina (ciclohexenodicarboximida) (970 g/kg);Herbicida;Tecnomyl Brasil Distribuidora de Produtos Agrícolas Ltda - Foz do Iguaçu; (Shandong Binnong Technology CO., LTD<CHINA, REPUBLICA POPULAR>FABRICANTE);PT;III
TC02726;Flumioxazina Técnico ZS;flumioxazina (ciclohexenodicarboximida) (980 g/kg);Herbicida;Zhongshan Química do Brasil - Sorocaba/SP; (Shanxi Anrui Pharmaceuticals Co., Ltd.<CHINA, REPUBLICA POPULAR>FABRICANTE);PT;III
6895;Flumyzin Técnico;flumioxazina (ciclohexenodicarboximida) (960 g/kg);Herbicida;Sumitomo Chemical Brasil Indústria Química S.A. - Maracanaú/CE;;IV;III
TC07626;Fluopicolida Técnico Rainbow;fluopicolide (benzamida) (980 g/kg);Fungicida;Rainbow Defensivos Agrícolas Ltda.- Porto Alegre /RS ; (Qingdao Rainbow Chemical Co., Ltd <CHINA, REPUBLICA POPULAR>FABRICANTE);PT;II
29019;Fluopyram Técnico Bayer;Fluopyram (benzamida) (960 g/kg);Fungicida;Bayer S.A. - São Paulo/ SP; (Bayer AG - Dormagen<ALEMANHA>FABRICANTE) +  (Bayer Cropscience LP - Kansas City - Missouri<ESTADOS UNIDOS>FABRICANTE) +  (Lianhetech Seals Sands (Grupo Fine Organics Limited)<REINO UNIDO>FABRICANTE);III;II
TC08924;Fluoxapiprolin Técnico;Fluoxapiprolim (Piperidinil Tiazol Izoxazolina) (950 g/kg);Fungicida;Bayer S.A. - São Paulo/ SP; (Bayer AG - Dormagen<ALEMANHA>FABRICANTE);Não;III
TC04025;Fluoxastrobina Técnico Arysta;Fluoxastrobina (estrobilurina) (965 g/kg);Fungicida;UPL do Brasil Indústria e Comércio de Insumos Agropecuários S.A. - Matriz Ituverava/SP ; (Bayer AG - Dormagen<ALEMANHA>FABRICANTE) +  (Deccan Fine Chemicals (India) Limited - Andhra Pradesh<ÍNDIA>FABRICANTE);I;II
14917;Flupyradifurone Tecnico;Flupiradifurona (butenolida) (960 g/kg);Inseticida;Bayer S.A. - São Paulo/ SP; (Bayer AG - Dormagen<ALEMANHA>FABRICANTE);III;III
8705;Fluquinconazole Técnico BCS;fluquinconazol (triazol) (955 g/kg);Fungicida;Bayer S.A. - São Paulo/ SP; (Bayer AG  - Chemiepark Knapsack - Hürth<ALEMANHA>FABRICANTE);II;II
28818;Fluroxipir Meptílico Técnico Adama;Fluroxipir-meptílico (ácido piridiniloxialcanóico) (980 g/kg);Herbicida;Adama Brasil S.A.- Londrina/PR; (Shandong Luba Chemical Co., Ltd - Fabrica<CHINA, REPUBLICA POPULAR>FABRICANTE);III;III
7412;Fluroxipir Meptílico Técnico Milenia;Fluroxipir-meptílico (ácido piridiniloxialcanóico) (970 g/kg);Herbicida;Adama Brasil S.A.- Londrina/PR;;III;III
34219;Fluroxipir Meptílico Técnico Nortox;Fluroxipir-meptílico (ácido piridiniloxialcanóico) (980 g/kg);Herbicida;Nortox S.A. - Arapongas; (Shandong Luba Chemical Co., Ltd - Fabrica<CHINA, REPUBLICA POPULAR>FABRICANTE) +  (Excel Crop Care Limited (Escritorio)<ÍNDIA>FABRICANTE);PT;III
28218;Fluroxipir Tecnico CCAB;Fluroxipir-meptílico (ácido piridiniloxialcanóico) (980 g/kg);Herbicida;CCAB Agro S.A.   São Paulo; (Shandong Luba Chemical Co., Ltd - Fabrica<CHINA, REPUBLICA POPULAR>FABRICANTE);III;III
27118;Fluroxipir Tecnico Rainbow;Fluroxipir-meptílico (ácido piridiniloxialcanóico) (980 g/kg);Herbicida;Rainbow Defensivos Agrícolas Ltda.- Porto Alegre /RS ; (Shandong Luba Chemical Co., Ltd - Fabrica<CHINA, REPUBLICA POPULAR>FABRICANTE);III;III
TC06025;Fluroxipir Técnico CropChem II;Fluroxipir-meptílico (ácido piridiniloxialcanóico) (980 g/kg);Herbicida;Cropchem Ltda - Porto Alegre; (Shandong Luba Chemical <CHINA, REPUBLICA POPULAR>FABRICANTE) +  (Zhejiang Avilive Chemical Co., Ltd<CHINA, REPUBLICA POPULAR>FABRICANTE);PT;III
TC13421;Fluroxipir Técnico Cropchem;Fluroxipir-meptílico (ácido piridiniloxialcanóico) (980 g/kg);Herbicida;Cropchem Ltda - Porto Alegre; (Lier Chemical Co. Ltd.<CHINA, REPUBLICA POPULAR>FABRICANTE);PT;III
TC20126;Fluroxipir Técnico Cropchem VI;Fluroxipir-meptílico (ácido piridiniloxialcanóico) (980 g/kg);Herbicida;Cropchem Ltda - Porto Alegre; (Gansu Xinyu (Western) Chemical Co. Ltd.<CHINA, REPUBLICA POPULAR>FABRICANTE);PT;III
TC10625;Fluroxipir Técnico Ihara I;Fluroxipir-meptílico (ácido piridiniloxialcanóico) (980 g/kg);Herbicida;Iharabras S.A. Indústria Químicas - Sorocaba; (Lier Chemical Co. Ltd.<CHINA, REPUBLICA POPULAR>FABRICANTE);PT;III
TC13221;Fluroxipir Técnico Ouro Fino;Fluroxipir-meptílico (ácido piridiniloxialcanóico) (980 g/kg);Herbicida;Ouro Fino Química S.A. - Uberaba; (Lier Chemical Co. Ltd.<CHINA, REPUBLICA POPULAR>FABRICANTE);PT;III
TC11626;Fluroxipir Técnico Perterra;Fluroxipir-meptílico (ácido piridiniloxialcanóico) (980 g/kg);Herbicida;Perterra Insumos Agropecuários S.A.  São Paulo/SP; (Gansu Xinyu (Western) Chemical Co. Ltd.<CHINA, REPUBLICA POPULAR>FABRICANTE);PT;III
TC26125;Fluroxipir Técnico SD;Fluroxipir-meptílico (ácido piridiniloxialcanóico) (980 g/kg);Herbicida;Sharda do Brasil Comércio de Produtos Químicos e Agroquímicos LTDA; (Shandong Luba Chemical Co., Ltd - Fabrica<CHINA, REPUBLICA POPULAR>FABRICANTE);PT;III
TC23825;Fluroxipir Técnico Solus;Fluroxipir-meptílico (ácido piridiniloxialcanóico) (980 g/kg);Herbicida;AllierBrasil Agro Ltda.; (Shandong Luba Chemicals Co., Ltd - Escritório<CHINA, REPUBLICA POPULAR>FABRICANTE);PT;III
25418;Fluroxipir Técnico Tecnomyl;Fluroxipir-meptílico (ácido piridiniloxialcanóico) (980 g/kg);Herbicida;Tecnomyl Brasil Distribuidora de Produtos Agrícolas Ltda - Foz do Iguaçu; (Shandong Luba Chemicals Co., Ltd - Escritório<CHINA, REPUBLICA POPULAR>FABRICANTE);III;III
TC12621;Fluroxipir-Meptílico Técnico Adama BR ;Fluroxipir-meptílico (ácido piridiniloxialcanóico) (980 g/kg);Herbicida;Adama Brasil S.A.- Londrina/PR; (Lier Chemical Co. Ltd.<CHINA, REPUBLICA POPULAR>FABRICANTE);PT;III
TC13321;Fluroxipir-Meptílico Técnico Nortox BR;Fluroxipir-meptílico (ácido piridiniloxialcanóico) (980 g/kg);Herbicida;Nortox S.A. - Arapongas; (Lier Chemical Co. Ltd.<CHINA, REPUBLICA POPULAR>FABRICANTE);PT;III
TC10325;Fluroxipir-Meptílico Técnico Sumitomo BR;Fluroxipir-meptílico (ácido piridiniloxialcanóico) (980 g/kg);Herbicida;Sumitomo Chemical Brasil Indústria Química S.A. - Maracanaú/CE; (Sumitomo Chemical India Limited - Gujarat<ÍNDIA>FABRICANTE);PT;III
TC12521;Fluroxipir-Metílico Técnico BRA;Fluroxipir-meptílico (ácido piridiniloxialcanóico) (980 g/kg);Herbicida;BRA Defensivos Agrícolas Ltda - Piracicaba/SP; (Lier Chemical Co. Ltd.<CHINA, REPUBLICA POPULAR>FABRICANTE);PT;III
45919;Fluroxipir-meptílico Técnico Alta;Fluroxipir-meptílico (ácido piridiniloxialcanóico) (980 g/kg);Herbicida;ALTA - America Latina Tecnologia Agrícola Ltda.- Curitiba; (Shandong Luba Chemical Co., Ltd - Fabrica<CHINA, REPUBLICA POPULAR>FABRICANTE) +  (Zhejiang Avilive Chemical Co., Ltd<CHINA, REPUBLICA POPULAR>FABRICANTE);PT;III
TC03226;Fluroxipir-meptílico Técnico Nortox ;Fluroxipir-meptílico (ácido piridiniloxialcanóico) (980 g/kg);Herbicida;Nortox S.A. - Arapongas; (Gansu Xinyu (Western) Chemical Co. Ltd.<CHINA, REPUBLICA POPULAR>FABRICANTE);PT;III
3615;Fluroxipir-meptílico Técnico Sumitomo;Fluroxipir-meptílico (ácido piridiniloxialcanóico) (980 g/kg);Herbicida;Sumitomo Chemical Brasil Indústria Química S.A. - Maracanaú/CE; (Hebei Wanquan Lihua Chemicals Co. Ltd<CHINA, REPUBLICA POPULAR>FABRICANTE);III;III
28418;Fluroxypyr L Tecnico Helm;Fluroxipir-meptílico (ácido piridiniloxialcanóico) (980 g/kg);Herbicida;Helm do Brasil Mercantil - São Paulo/SP; (Shandong Luba Chemical Co., Ltd - Fabrica<CHINA, REPUBLICA POPULAR>FABRICANTE);III;III
28618;Fluroxypyr Meptyl Técnico UPL;Fluroxipir-meptílico (ácido piridiniloxialcanóico) (980 g/kg);Herbicida;UPL do Brasil Indústria e Comércio de Insumos Agropecuários S.A. - Matriz Ituverava/SP ; (Shandong Luba Chemical Co., Ltd - Fabrica<CHINA, REPUBLICA POPULAR>FABRICANTE);III;III
5494;Fluroxypyr Técnico;Fluroxipir-meptílico (ácido piridiniloxialcanóico) (980 g/kg);Herbicida;CTVA Proteção de Cultivos Ltda - Barueri (Tamboré);;III;III
TC12721;Fluroxypyr-Meptyl Técnico Lier;Fluroxipir-meptílico (ácido piridiniloxialcanóico) (980 g/kg);Herbicida;Foison do Brasil Defensivos Agrícolas e Comércio Ltda; (Lier Chemical Co. Ltd.<CHINA, REPUBLICA POPULAR>FABRICANTE);PT;III
TC12821;Fluroxypyr-Meptyl Técnico NGC;Fluroxipir-meptílico (ácido piridiniloxialcanóico) (980 g/kg);Herbicida;NGC Agrosciences Brasil Ltda - Botucatu/SP; (Lier Chemical Co. Ltd.<CHINA, REPUBLICA POPULAR>FABRICANTE);PT;III
TC18426;Fluroxypyr-Meptyl Técnico Wynca;Fluroxipir-meptílico (ácido piridiniloxialcanóico) (980 g/kg);Herbicida;Proregistros Registros de Produtos Ltda - EPP ; (Gansu Xinyu (Western) Chemical Co. Ltd.<CHINA, REPUBLICA POPULAR>FABRICANTE);PT;III
28718;Fluroxypyr-meptyl Técnico Agrogill;Fluroxipir-meptílico (ácido piridiniloxialcanóico) (980 g/kg);Herbicida;Agrogill Chemicals Ltda; (Shandong Luba Chemical Co., Ltd - Fabrica<CHINA, REPUBLICA POPULAR>FABRICANTE);III;III
4317;Flutri Técnico SD;flutriafol (triazol) (970 g/kg);Fungicida;Sharda do Brasil Comércio de Produtos Químicos e Agroquímicos LTDA; (Jiangsu Sevencontinent Green Chemical Co., Ltd - Unit II<CHINA, REPUBLICA POPULAR>FABRICANTE);III;III
16518;Flutriafol Ascenza Técnico;flutriafol (triazol) (950 g/kg);Fungicida;Ascenza Brasil Ltda - Hortolândia/SP; (Jiangsu Flag Chemical Industry Co., Ltd.<CHINA, REPUBLICA POPULAR>FABRICANTE);III;III
TC15720;Flutriafol JS Técnico Helm;flutriafol (triazol) (970 g/kg);Fungicida;Helm do Brasil Mercantil - São Paulo/SP; (Jiangsu Sevencontinent Green Chemical Co., Ltd - Unit II<CHINA, REPUBLICA POPULAR>FABRICANTE);PT;III
15412;Flutriafol Tecnico Alta;flutriafol (triazol) (969 g/kg);Fungicida;ALTA - America Latina Tecnologia Agrícola Ltda.- Curitiba;;III;III
0817;Flutriafol Tecnico CCAB;flutriafol (triazol) (960 g/kg);Fungicida;CCAB Agro S.A.   São Paulo; (Shangyu Nutrichem Co., Ltd.<CHINA, REPUBLICA POPULAR>FABRICANTE);III;III
1417;Flutriafol Tecnico SV-Cropchem;flutriafol (triazol) (969 g/kg);Fungicida;Cropchem Ltda - Porto Alegre; (Jiangsu Sevencontinent Green Chemical Co., Ltd - Unit I<CHINA, REPUBLICA POPULAR>FABRICANTE) +  (Jiangsu Sevencontinent Green Chemical Co., Ltd - Unit II<CHINA, REPUBLICA POPULAR>FABRICANTE);III;III
14508;Flutriafol Técnico 940 SWD - AGCN;flutriafol (triazol) (940 g/kg);Fungicida;Agriconnection Importadora e Exportadora de Insumos Agrícolas - Barueri/SP; (Jiangsu Sword Agrochemicals Co. Ltd. - Jianhu<CHINA, REPUBLICA POPULAR>FABRICANTE);III;III
33817;Flutriafol Técnico 950 ATC - AGCN;flutriafol (triazol) (950 g/kg);Fungicida;Agriconnection Importadora e Exportadora de Insumos Agrícolas - Barueri/SP; (Astec Lifesciences Limited (Fábrica 01)<ÍNDIA>FABRICANTE);III;III
1317;Flutriafol Técnico 969 7C - AGCN;flutriafol (triazol) (969 g/kg);Fungicida;Agriconnection Importadora e Exportadora de Insumos Agrícolas - Barueri/SP; (Jiangsu Sevencontinent Green Chemical Co., Ltd - Unit I<CHINA, REPUBLICA POPULAR>FABRICANTE) +  (Jiangsu Sevencontinent Green Chemical Co., Ltd - Unit II<CHINA, REPUBLICA POPULAR>FABRICANTE);III;III
33717;Flutriafol Técnico AL Prentiss;flutriafol (triazol) (950 g/kg);Fungicida;Prentiss Química Ltda. - Campo Largo/PR; (Astec Lifesciences Limited (Fábrica 01)<ÍNDIA>FABRICANTE) +  (Shangyu Nutrichem Co., Ltd.<CHINA, REPUBLICA POPULAR>FABRICANTE);III;III
TC25222;Flutriafol Técnico Adama;flutriafol (triazol) (970 g/kg);Fungicida;Adama Brasil S.A.- Londrina/PR; (Rudong Zhongyi Chemical Co., Ltd.<CHINA, REPUBLICA POPULAR>FABRICANTE);PT;III
TC16022;Flutriafol Técnico Adama ADA;flutriafol (triazol) (960 g/kg);Fungicida;Adama Brasil S.A.- Londrina/PR; (Shangyu Nutrichem Co., Ltd.<CHINA, REPUBLICA POPULAR>FABRICANTE);PT;III
1717;Flutriafol Técnico Adama BR ;flutriafol (triazol) (970 g/kg);Fungicida;Adama Brasil S.A.- Londrina/PR; (Jiangsu Sevencontinent Green Chemical Co., Ltd - Unit II<CHINA, REPUBLICA POPULAR>FABRICANTE);III;III
17007;Flutriafol Técnico Agrolíder;flutriafol (triazol) (950 g/kg);Fungicida;Albaugh Agro Brasil Ltda.- São Paulo; (Yancheng Limin Chemical Co. Ltd - Yandu<CHINA, REPUBLICA POPULAR>FABRICANTE);III;III
TC10521;Flutriafol Técnico Albaugh II;flutriafol (triazol) (970 g/kg);Fungicida;Albaugh Agro Brasil Ltda.- São Paulo; (Jiangsu Sevencontinent Green Chemical Co., Ltd - Unit II<CHINA, REPUBLICA POPULAR>FABRICANTE);PT;III
TC25622;Flutriafol Técnico Alta II;flutriafol (triazol) (970 g/kg);Fungicida;ALTA - America Latina Tecnologia Agrícola Ltda.- Curitiba; (Rudong Zhongyi Chemical Co., Ltd.<CHINA, REPUBLICA POPULAR>FABRICANTE);PT;III
1517;Flutriafol Técnico Cheminova JSC;flutriafol (triazol) (969 g/kg);Fungicida;FMC Química do Brasil Ltda. - Campinas/SP; (Jiangsu Sevencontinent Green Chemical Co., Ltd - Unit I<CHINA, REPUBLICA POPULAR>FABRICANTE) +  (Jiangsu Sevencontinent Green Chemical Co., Ltd - Unit II<CHINA, REPUBLICA POPULAR>FABRICANTE);III;III
8412;Flutriafol Técnico FMC;flutriafol (triazol) (950 g/kg);Fungicida;FMC Química do Brasil Ltda. - Campinas/SP; (Jiangsu Jiannong Agrochemical Co., Ltd.<CHINA, REPUBLICA POPULAR>FABRICANTE);III;III
1617;Flutriafol Técnico GLB;flutriafol (triazol) (970 g/kg);Fungicida;Globachem Proteção de Cultivos do Brasil Ltda. - Campinas/SP; (Jiangsu Sevencontinent Green Chemical Co., Ltd - Unit II<CHINA, REPUBLICA POPULAR>FABRICANTE);III;III
4217;Flutriafol Técnico Globachem;flutriafol (triazol) (960 g/kg);Fungicida;Globachem Proteção de Cultivos do Brasil Ltda. - Campinas/SP; (Shangyu Nutrichem Co., Ltd.<CHINA, REPUBLICA POPULAR>FABRICANTE);III;III
1117;Flutriafol Técnico Nortox;flutriafol (triazol) (969 g/kg);Fungicida;Nortox S.A. - Arapongas; (Jiangsu Sevencontinent Green Chemical Co., Ltd - Unit I<CHINA, REPUBLICA POPULAR>FABRICANTE) +  (Jiangsu Sevencontinent Green Chemical Co., Ltd - Unit II<CHINA, REPUBLICA POPULAR>FABRICANTE);III;III
0917;Flutriafol Técnico Nortox BR;flutriafol (triazol) (960 g/kg);Fungicida;Nortox S.A. - Arapongas; (Shangyu Nutrichem Co., Ltd.<CHINA, REPUBLICA POPULAR>FABRICANTE);III;III
18018;Flutriafol Técnico Nortox CH;flutriafol (triazol) (950 g/kg);Fungicida;Nortox S.A. - Arapongas; (Jiangsu Flag Chemical Industry Co., Ltd.<CHINA, REPUBLICA POPULAR>FABRICANTE);III;III
46219;Flutriafol Técnico Nortox IV;flutriafol (triazol) (970 g/kg);Fungicida;Nortox S.A. - Arapongas; (Rudong Zhongyi Chemical Co., Ltd.<CHINA, REPUBLICA POPULAR>FABRICANTE);PT;III
6517;Flutriafol Técnico OF;flutriafol (triazol) (960 g/kg);Fungicida;Ouro Fino Química S.A. - Uberaba; (Shangyu Nutrichem Co., Ltd.<CHINA, REPUBLICA POPULAR>FABRICANTE);III;III
6617;Flutriafol Técnico OF I;flutriafol (triazol) (970 g/kg);Fungicida;Ouro Fino Química S.A. - Uberaba; (Jiangsu Sevencontinent Green Chemical Co., Ltd - Unit II<CHINA, REPUBLICA POPULAR>FABRICANTE);III;III
TC18921;Flutriafol Técnico Ouro Fino;flutriafol (triazol) (970 g/kg);Fungicida;Ouro Fino Química S.A. - Uberaba; (Rudong Zhongyi Chemical Co., Ltd.<CHINA, REPUBLICA POPULAR>FABRICANTE);PT;III
14408;Flutriafol Técnico Prentiss;flutriafol (triazol) (940 g/kg);Fungicida;Prentiss Química Ltda. - Campo Largo/PR; (Jiangsu Sword Agrochemicals Co. Ltd. - Jianhu<CHINA, REPUBLICA POPULAR>FABRICANTE);III;III
1017;Flutriafol Técnico Proventis;flutriafol (triazol) (960 g/kg);Fungicida;Proventis Lifescience Defensivos Agrícolas Ltda; (Shangyu Nutrichem Co., Ltd.<CHINA, REPUBLICA POPULAR>FABRICANTE);III;III
43519;Flutriafol Técnico Rotam;flutriafol (triazol) (970 g/kg);Fungicida;Albaugh Agro Brasil Ltda.- São Paulo; (Rudong Zhongyi Chemical Co., Ltd.<CHINA, REPUBLICA POPULAR>FABRICANTE);PT;III
1217;Flutriafol Técnico SUP;flutriafol (triazol) (969 g/kg);Fungicida;Sipcam Nichino Brasil S.A. - Uberaba/MG; (Jiangsu Sevencontinent Green Chemical Co., Ltd - Unit I<CHINA, REPUBLICA POPULAR>FABRICANTE) +  (Jiangsu Sevencontinent Green Chemical Co., Ltd - Unit II<CHINA, REPUBLICA POPULAR>FABRICANTE);III;III
2707;Flutriafol Técnico Sinon;flutriafol (triazol) (967.7 g/kg);Fungicida;Sinon do Brasil Ltda. - Porto Alegre /RS.;;III;III
33617;Flutriafol Técnico Sulphur Mills;flutriafol (triazol) (950 g/kg);Fungicida;SM Agrocare Brasil Importação Comércio e Serviços Agrícolas Ltda;;III;III
910;Flutriafol Técnico Sumitomo;flutriafol (triazol) (950 g/kg);Fungicida;Sumitomo Chemical Brasil Indústria Química S.A. - Maracanaú/CE; (Jiangsu Fengdeng Crop Science Co. Ltd..<CHINA, REPUBLICA POPULAR>FABRICANTE);III;III
TC00121;Flutriafol Técnico Sumitomo BR;flutriafol (triazol) (970 g/kg);Fungicida;Sumitomo Chemical Brasil Indústria Química S.A. - Maracanaú/CE; (Jiangsu Sevencontinent Green Chemical Co., Ltd - Unit II<CHINA, REPUBLICA POPULAR>FABRICANTE);PT;III
07104;Flutriafol Técnico UK;flutriafol (triazol) (580 g/kg);Fungicida;FMC Química do Brasil Ltda. - Campinas/SP; (Calachem Limited(fábrica)<REINO UNIDO>FABRICANTE) +  (Cheminova  A/S - Harboore<DINAMARCA>FABRICANTE) +  (Adama Huifeng (Jiangsu) Ltd.<CHINA, REPUBLICA POPULAR>FABRICANTE);III;III
TC11226;Fluxapiroxade Técnico CCAB;fluxapiroxade (carboxamida) (980 g/kg);Fungicida;CCAB Agro S.A.   São Paulo; (Anhui Neotec Co., Ltd<CHINA, REPUBLICA POPULAR>FABRICANTE);PT;II
TC19326;Fluxapiroxade Técnico Cropchem;fluxapiroxade (carboxamida) (980 g/kg);Fungicida;Cropchem Ltda - Porto Alegre; (Chizhou Bioagriland Multichem Co. Ltd.<CHINA, REPUBLICA POPULAR>FABRICANTE);PT;III
TC14626;Fluxapiroxade Técnico Nortox;fluxapiroxade (carboxamida) (980 g/kg);Fungicida;Nortox S.A. - Arapongas; (Chizhou Bioagriland Multichem Co. Ltd.<CHINA, REPUBLICA POPULAR>FABRICANTE);PT;II
TC14726;Fluxapiroxade Técnico Nortox II;fluxapiroxade (carboxamida) (980 g/kg);Fungicida;Nortox S.A. - Arapongas; (Nortox S.A. - Arapongas<BRASIL>FABRICANTE);PT;III
TC12726;Fluxapiroxade Técnico Solus I;fluxapiroxade (carboxamida) (980 g/kg);Fungicida;Solus do Brasil Ltda. - Apucarana/PR- Parque Industrial ; (Chizhou Bioagriland Multichem Co. Ltd.<CHINA, REPUBLICA POPULAR>FABRICANTE);PT;II
TC15126;Fluxapiroxade Técnico Tecnomyl II;fluxapiroxade (carboxamida) (980 g/kg);Fungicida;Tecnomyl Brasil Distribuidora de Produtos Agrícolas Ltda - Foz do Iguaçu; (Inner Mongolia Yongtai Chemical Co., Ltd<CHINA, REPUBLICA POPULAR>FABRICANTE);PT;II
8713;Fluxapyroxad Tecnico;fluxapiroxade (carboxamida) (970 g/kg);Fungicida;Basf Agricultural Solutions Brasil Ltda  São Paulo/SP; (BASF SE  - Ludwigshafen<ALEMANHA>FABRICANTE);III;II
TC15626;Fluxapyroxad Técnico ABT;fluxapiroxade (carboxamida) (980 g/kg);Fungicida;Agrobeats Defensivos Agrícolas Ltda ; (Chizhou Bioagriland Multichem Co. Ltd.<CHINA, REPUBLICA POPULAR>FABRICANTE);PT;II
TC14426;Fluxapyroxad Técnico EA;fluxapiroxade (carboxamida) (980 g/kg);Fungicida;Eastchem do Brasil Ltda - Mogi das Cruzes/SP; (Lion Agrevo (Inner Mongolia) Co., Ltd.<CHINA, REPUBLICA POPULAR>FABRICANTE);PT;II
TC29725;Fluxapyroxad Técnico HN;fluxapiroxade (carboxamida) (980 g/kg);Fungicida;Hailir Brasil Defensivos Agricolas Ltda - São Paulo/SP; (Qingdao Hengning Biotechnology Co., Ltd.<CHINA, REPUBLICA POPULAR>FABRICANTE);PT;IV
TC06826;Fluxapyroxad Técnico NF;fluxapiroxade (carboxamida) (980 g/kg);Fungicida;Solagro Soluções Agrícolas Ltda - São Paulo/SP; (Anhui Neotec Co., Ltd<CHINA, REPUBLICA POPULAR>FABRICANTE);PT;II
06803;Focus Técnico;Clotianidina (neonicotinóide) (950 g/kg);Inseticida;Sumitomo Chemical Brasil Indústria Química S.A. - Maracanaú/CE; (Sumitomo Chemical CO. Ltd. - Ohita<JAPÃO>FABRICANTE) +  (Jiangsu Flag Chemical Industry Co., Ltd.<CHINA, REPUBLICA POPULAR>FABRICANTE) +  (Sumitomo Chemical India Limited. <ÍNDIA>FABRICANTE);III;II
1008999;Folicur Técnico;tebuconazol (triazol) (930 g/kg);Fungicida;Bayer S.A. - São Paulo/ SP; (Bayer Cropscience LP - Kansas City - Missouri<ESTADOS UNIDOS>FABRICANTE) +  (Jiangsu Sword Agrochemicals Co. Ltd. - Jianhu<CHINA, REPUBLICA POPULAR>FABRICANTE) +  (Shangyu Nutrichem Co., Ltd.<CHINA, REPUBLICA POPULAR>FABRICANTE) +  (Jiangsu Sevencontinent Green Chemical Co., Ltd - Unit II<CHINA, REPUBLICA POPULAR>FABRICANTE) +  (Yancheng HuiHuang Chemical Co., Ltd.<CHINA, REPUBLICA POPULAR>FABRICANTE);I;II
590;Folicur Técnico USA;tebuconazol (triazol) (930 g/kg);Fungicida;Bayer S.A. - São Paulo/ SP; (Bayer Cropscience LP - Kansas City - Missouri<ESTADOS UNIDOS>FABRICANTE);I;II
1548500;Folpet Agricur Técnico;folpete (dicarboximida) (950 g/kg);Fungicida;Adama Brasil S.A.- Londrina/PR; (Adama Agricultural Solutions Ltd. - Beer Sheva<ISRAEL>FABRICANTE) +  (Adama Brasil S.A.- Londrina/PR<BRASIL>FABRICANTE);IV;III
TC03420;Folpete Ascenza Técnico;folpete (dicarboximida) (965 g/kg);Fungicida;Ascenza Brasil Ltda - Hortolândia/SP; (Yingde Greatchem Chemicals <CHINA, REPUBLICA POPULAR>FABRICANTE);PT;III
TC05726;Folpete Técnico Rainbow ;folpete (dicarboximida) (970 g/kg);Fungicida;Rainbow Defensivos Agrícolas Ltda.- Porto Alegre /RS ; (Ningxia Rainbow Chemical Co., Ltd<CHINA, REPUBLICA POPULAR>FABRICANTE);PT;III
04819;Fomesafem Técnico Alta ;fomesafem (éter difenílico) (980 g/kg);Herbicida;ALTA - America Latina Tecnologia Agrícola Ltda.- Curitiba; (Qingdao Hansen Biologic Science CO., LTD<CHINA, REPUBLICA POPULAR>FABRICANTE);III;II
9316;Fomesafem Técnico CCAB;fomesafem (éter difenílico) (980 g/kg);Herbicida;CCAB Agro S.A.   São Paulo;;III;II
9716;Fomesafem Técnico Proventis;fomesafem (éter difenílico) (980 g/kg);Herbicida;Proventis Lifescience Defensivos Agrícolas Ltda; (Shangyu Nutrichem Co., Ltd.<CHINA, REPUBLICA POPULAR>FABRICANTE);III;II
TC20722;Fomesafem Técnico Rainbow;fomesafem (éter difenílico) (980 g/kg);Herbicida;Rainbow Defensivos Agrícolas Ltda.- Porto Alegre /RS ; (Shandong Weifang Rainbow Chemical Co., Ltd. - Unidade Fabril 01<CHINA, REPUBLICA POPULAR>FABRICANTE);PT;II
TC27825;Fomesafem Técnico Solus;fomesafem (éter difenílico) (980 g/kg);Herbicida;Solus do Brasil Ltda. - Apucarana/PR- Parque Industrial ; (Shandong Binnong Technology CO., LTD<CHINA, REPUBLICA POPULAR>FABRICANTE);PT;II
9816;Fomesafem Técnico Sumitomo;fomesafem (éter difenílico) (980 g/kg);Herbicida;Sumitomo Chemical Brasil Indústria Química S.A. - Maracanaú/CE; (Shangyu Nutrichem Co., Ltd.<CHINA, REPUBLICA POPULAR>FABRICANTE);III;II
TC18626;Fomesafem Técnico Tecnomyl;fomesafem (éter difenílico) (980 g/kg);Herbicida;Tecnomyl Brasil Distribuidora de Produtos Agrícolas Ltda - Foz do Iguaçu; (Shandong Binnong Technology CO., LTD<CHINA, REPUBLICA POPULAR>FABRICANTE);PT;II
9416;Fomesafem Técnico UPL;fomesafem (éter difenílico) (980 g/kg);Herbicida;UPL do Brasil Indústria e Comércio de Insumos Agropecuários S.A. - Matriz Ituverava/SP ;;II;II
9616;Fomesafen Tecnico Rotam;fomesafem (éter difenílico) (980 g/kg);Herbicida;Albaugh Agro Brasil Ltda.- São Paulo; (Shangyu Nutrichem Co., Ltd.<CHINA, REPUBLICA POPULAR>FABRICANTE);III;II
04719;Fomesafen Técnico 980 AGCN;fomesafem (éter difenílico) (980 g/kg);Herbicida;Agriconnection Importadora e Exportadora de Insumos Agrícolas - Barueri/SP; (Qingdao Hansen Biologic Science CO., LTD<CHINA, REPUBLICA POPULAR>FABRICANTE);III;II
9516;Fomesafen Técnico Agristar;fomesafem (éter difenílico) (980 g/kg);Herbicida;Albaugh Agro Brasil Ltda.- São Paulo; (Shangyu Nutrichem Co., Ltd.<CHINA, REPUBLICA POPULAR>FABRICANTE);III;II
TC12223;Fomesafen Técnico Albaugh BN;fomesafem (éter difenílico) (980 g/kg);Herbicida;Albaugh Agro Brasil Ltda.- São Paulo; (Shandong Binnong Technology CO., LTD<CHINA, REPUBLICA POPULAR>FABRICANTE);PT;II
TC12723;Fomesafen Técnico Binnong;fomesafem (éter difenílico) (980 g/kg);Herbicida;Biorisk - Assessoria e Comércio de Produtos Agrícolas Ltda.; (Shandong Binnong Technology CO., LTD<CHINA, REPUBLICA POPULAR>FABRICANTE);PT;II
45819;Fomesafen Técnico LNH ;fomesafem (éter difenílico) (950 g/kg);Herbicida;Syngenta Proteção de Cultivos Ltda.  São Paulo/SP;;PT;II
TC13923;Fomesafen Técnico Nortox II;fomesafem (éter difenílico) (980 g/kg);Herbicida;Nortox S.A. - Arapongas; (Shandong Binnong Technology CO., LTD<CHINA, REPUBLICA POPULAR>FABRICANTE);PT;II
TC02923;Fomesafen Técnico RTM;fomesafem (éter difenílico) (980 g/kg);Herbicida;Albaugh Agro Brasil Ltda.- São Paulo; (Jingbo Agrochemicals Technology Co Ltd<CHINA, REPUBLICA POPULAR>FABRICANTE);PT;II
41819;Fomesafen Técnico SD;fomesafem (éter difenílico) (980 g/kg);Herbicida;Sharda do Brasil Comércio de Produtos Químicos e Agroquímicos LTDA; (Qingdao Hansen Biologic Science CO., LTD<CHINA, REPUBLICA POPULAR>FABRICANTE);PT;II
9006;Fomesafen Técnico SYN;fomesafem (éter difenílico) (450 g/kg);Herbicida;Syngenta Proteção de Cultivos Ltda.  São Paulo/SP;;I;II
TC29925;Fomesafen Técnico Sino-Agri;fomesafem (éter difenílico) (980 g/kg);Herbicida;Lemma Agronegócios Importação e Exportação Ltda.; (Shandong Zhongnong Minchang Chemical Industry Co., LTD. <CHINA, REPUBLICA POPULAR>FABRICANTE);PT;II
802;Foramsulfuron Técnico;foramsulfurom (sulfoniluréia) (940 g/kg);Herbicida;Bayer S.A. - São Paulo/ SP; (Arxada AG - Visp<SUÍCA>FABRICANTE) +  (Bayer AG -Industriepark Höchst - Frankfurt <ALEMANHA>FABRICANTE);III;III
3393;Formetanate HCL Técnico;Cloridrato de formetanato (metilcarbamato de fenila) (910 g/kg);Acaricida/Inseticida;Gowan Produtos Agrícolas Ltda. - Matriz Campinas/SP; (Sunko Ink Co. Ltd. - Plant Pingzhen<TAIWAN (ILHA FORMOSA)>FABRICANTE);I;II
7808;Fortuna Técnico;mancozebe (alquilenobis(ditiocarbamato)) (880 g/kg);Fungicida;Proregistros Registros de Produtos Ltda - EPP ; (Agria SA. - Plovdiv<BULGÁRIA, REPÚBLICA DA>FABRICANTE);II;II
16908;Forward 2,4-D Técnico;2,4-D (ácido ariloxialcanóico) (970 g/kg);Herbicida;Rieter do Brasil Indústria Química Ltda; (Jiamusi Heilong Agricultural and Industrial Chemical Co., Ltd.<CHINA, REPUBLICA POPULAR>FABRICANTE);I;III
TC13224;Forward Ametryn Técnico;Ametrina (triazina) (973 g/kg);Herbicida;Proregistros Registros de Produtos Ltda - EPP ; (Hebei Shanli Chemical Co., Ltd.<CHINA, REPUBLICA POPULAR>FABRICANTE);PT;II
TC07122;Forward Atrazine Técnico;Atrazina (triazina) (980 g/kg);Herbicida;Proregistros Registros de Produtos Ltda - EPP ;;PT;II
TC17025;Forward Azoxystrobin Técnico;Azoxistrobina (estrobilurina) (980 g/kg);Fungicida;Proregistros Registros de Produtos Ltda - EPP ; (Lianyungang Liben Crop Science Co., Ltd<CHINA, REPUBLICA POPULAR>FABRICANTE);PT;II
TC12725;Forward Azoxystrobin Técnico II;Azoxistrobina (estrobilurina) (980 g/kg);Fungicida;Proregistros Registros de Produtos Ltda - EPP ; (Inner Mongolia Miraculous Crop Science Co., Ltd.<CHINA, REPUBLICA POPULAR>FABRICANTE);PT;II
TC11425;Forward Glufosinate Técnico;Glufosinato - sal de amônio (homoalanina substituída) (970 g/kg);Herbicida/Regulador de Crescimento;Inovatis Agronegocios Importação e Exportação Ltda.; (Inner Mongolia Miraculous Crop Science Co., Ltd.<CHINA, REPUBLICA POPULAR>FABRICANTE);PT;III
TC11825;Forward Glyphosate Técnico;glifosato (glicina substituída) (970 g/kg);Herbicida;Proregistros Registros de Produtos Ltda - EPP ; (Guang'an Chengxin Chemical Co., Ltd<CHINA, REPUBLICA POPULAR>FABRICANTE);PT;III
TC27525;Forward Mesotrione Técnico;Mesotriona (Tricetona) (980 g/kg);Herbicida;Proregistros Registros de Produtos Ltda - EPP ; (Hebei Shanli Chemical Co., Ltd.<CHINA, REPUBLICA POPULAR>FABRICANTE);PT;III
TC02126;Forward Prothioconazole Técnico;Protioconazol (Triazolinthione) (970 g/kg);Fungicida;Proregistros Registros de Produtos Ltda - EPP ; (Inner Mongolia Miraculous Crop Science Co., Ltd.<CHINA, REPUBLICA POPULAR>FABRICANTE);PT;III
TC11325;Forward Pyraclostrobin Técnico;piraclostrobina (estrobilurina) (980 g/kg);Fungicida;Proregistros Registros de Produtos Ltda - EPP ; (Inner Mongolia Miraculous Crop Science Co., Ltd.<CHINA, REPUBLICA POPULAR>FABRICANTE);PT;II
TC08626;Forward S-Metolachlor Técnico;S-metolacloro (cloroacetanilida) (970 g/kg);Herbicida;Proregistros Registros de Produtos Ltda - EPP ; (Hebei Shanli Chemical Co., Ltd.<CHINA, REPUBLICA POPULAR>FABRICANTE);PT;II
TC06226;Fosetil Técnico Nortox ;Fosetil-alumínio (fosfonato) (970 g/kg);Fungicida;Nortox S.A. - Arapongas; (Shandong Dacheng Agrochem Co., Ltd <CHINA, REPUBLICA POPULAR>FABRICANTE);PT;III
15619;Fosetil-AL Ascenza Técnico;fosetil (fosfonato) (960 g/kg);Fungicida;Ascenza Brasil Ltda - Hortolândia/SP; (Zhejiang Jiahua Chemical Co. Ltd.<CHINA, REPUBLICA POPULAR>FABRICANTE);III;III
288703;Fosetyl Al Técnico;fosetil (fosfonato) (950 g/kg);Fungicida;Bayer S.A. - São Paulo/ SP; (Isochem S.A - Le Pont De Claix <FRANÇA>FABRICANTE) +  (Zhejiang Jiahua Chemical Co. Ltd.<CHINA, REPUBLICA POPULAR>FABRICANTE) +  (Limin Chemical Co.,Ltd (Unidade II)<CHINA, REPUBLICA POPULAR>FABRICANTE);III;III
TC04126;Fosetyl-AL Técnico NGC;Fosetil-alumínio (fosfonato) (970 g/kg);Fungicida;Syncrom Assessoria e Comércio de Produtos Agropecuários  Ltda.; (Shandong Dacheng Agrochem Co., Ltd <CHINA, REPUBLICA POPULAR>FABRICANTE);PT;III
TC17826;Fosetyl-Aluminium Técnico Wynca;Fosetil-alumínio (fosfonato) (970 g/kg);Fungicida;Proregistros Registros de Produtos Ltda - EPP ; (Shandong Dacheng Agrochem Co., Ltd <CHINA, REPUBLICA POPULAR>FABRICANTE);PT;II
4399;Fosthiazate Técnico ISK;fostiazato (organofosforado) (1128.14 g/L);Inseticida/Nematicida;ISK Biosciences do Brasil Defensivos Agricolas Ltda; (Sanjjan India Limited - Mumbai<ÍNDIA>FABRICANTE);II;II
TC13721;Fruitscreen Técnico;cianamida (carbimida) (520 g/kg);Regulador de Crescimento;ANASAC Brasil Comercio e Locação de Máquinas Ltda.; (Ningxia Darong Chemicals & Metallurgy Co., Ltd.<CHINA, REPUBLICA POPULAR>FABRICANTE);PT;II
3993;Fujimite Tecnico;fenpiroximato (pirazol) (960 g/kg);Acaricida;Nichino do Brasil Agroquimicos Ltda. ; (Sugai Chemical Industry Co. Ltd.<JAPÃO>FABRICANTE) +  (Poohun Photo-Chemical Co.,Ltd. <CORÉIA (DO SUL), REPÚBLICA DA>FABRICANTE);II;II
549002;Fungitol Técnico;oxicloreto de cobre (inorgânico) (973 g/kg);Fungicida;Mitsui & Co (Brasil) S.A.; (FMC Química do Brasil Ltda.  - Barra Mansa<BRASIL>FABRICANTE) +  (Oxiquímica Agrociência Ltda<BRASIL>FABRICANTE) +  (Spiess-Urania Chemicals GmbH <ALEMANHA>FABRICANTE);IV;II
15007;Funguran Técnico;oxicloreto de cobre (inorgânico) (975 g/kg);Bactericida/Fungicida;Funguran Giulini Ltda.; (Quimetal Industrial S/A. - Maipú<CHILE>FABRICANTE) +  (Oxiquímica Agrociência Ltda<BRASIL>FABRICANTE) +  (Sales y Derivados de Cobre S.A. (SALDECO)<PERU>FABRICANTE);I;II
3194;Fury Técnico FMC;zeta-cipermetrina (piretróide) (830 g/kg);Inseticida;FMC Química do Brasil Ltda. - Campinas/SP; (FMC Corporation - Baltimore<ESTADOS UNIDOS>FABRICANTE);II;I
TC04620;GA TECH 95%;Glufosinato - sal de amônio (homoalanina substituída) (950 g/kg);Herbicida/Regulador de Crescimento;Fuhua Brasil Comercio de Produtos Quimicos Ltda. ; (Hebei Veyong Bio-Chemical CO., Ltd<CHINA, REPUBLICA POPULAR>FABRICANTE);PT;III
02012;GLY TECH 95% FH BRASIL;glifosato (glicina substituída) (960 g/kg);Herbicida;Fuhua Brasil Comercio de Produtos Quimicos Ltda. ; (Jiangsu Good Harvest - Weien Agrochemical Co. Ltd.<CHINA, REPUBLICA POPULAR>FABRICANTE);I;III
7198;Galigan Técnico Agricur;oxifluorfem (éter difenílico) (970 g/kg);Herbicida;Adama Brasil S.A.- Londrina/PR; (Adama Agricultural Solutions Ltd. - Ashdod <ISRAEL>FABRICANTE);III;II
1468692;Gamit Técnico FMC;clomazona (isoxazolidinona) (880 g/L);Herbicida;FMC Química do Brasil Ltda. - Campinas/SP; (FMC Corporation - Baltimore<ESTADOS UNIDOS>FABRICANTE);III;II
5104;Gamma Cyhalothrin Técnico;Gama-cialotrina (piretróide) (980 g/kg);Inseticida;FMC Química do Brasil Ltda. - Campinas/SP; (Cheminova  A/S - Harboore<DINAMARCA>FABRICANTE) +  (Jiangsu Lianhe Chemical Technology Co., Ltd<CHINA, REPUBLICA POPULAR>FABRICANTE);I;II
5004;Gamma Cyhalothrin Técnico Cheminova;Gama-cialotrina (piretróide) (980 g/kg);Inseticida;FMC Química do Brasil Ltda. - Campinas/SP; (Cheminova  A/S - Harboore<DINAMARCA>FABRICANTE) +  (Jiangsu Lianhe Chemical Technology Co., Ltd<CHINA, REPUBLICA POPULAR>FABRICANTE);I;II
28203;Garant Técnico;hidróxido de cobre (inorgânico) (890 g/kg);Fungicida;Mitsui & Co (Brasil) S.A.; (Spiess-Urania Chemicals GmbH <ALEMANHA>FABRICANTE) +  (Spiess-Urania Chemicals GmbH <ALEMANHA>FABRICANTE);IV;II
08595;Gardoprim Técnico;terbutilazina (triazina) (960 g/kg);Herbicida;Syngenta Proteção de Cultivos Ltda.  São Paulo/SP; (Syngenta Crop Protection AG - Basel<SUÍCA>FABRICANTE);III;II
00301;Giberelina + Indol Butírico Técnico;ácido 4-indol-3-ilbutírico (ácido indolalcanóico) (7 g/L) + ácido giberélico (giberelina) (6.8 g/L);Regulador de Crescimento;Stoller do Brasil Ltda.; (Stoller Enterprises, Inc.<ESTADOS UNIDOS>FABRICANTE);I;IV
38417;Glifo Tecnico Dinagro;glifosato (glicina substituída) (970 g/kg);Herbicida;Dinagro Agropecuária Ltda.; (Jingma Chemicals Co., Ltd. - Zhejiang<CHINA, REPUBLICA POPULAR>FABRICANTE) +  (Dinagro Agropecuária Ltda.<BRASIL>FABRICANTE);I;III
15218;Glifomega Técnico;glifosato (glicina substituída) (970 g/kg);Herbicida;ADM do Brasil Ltda.  São Paulo/SP; (Dinagro Agropecuária Ltda.<BRASIL>FABRICANTE) +  (Jingma Chemicals Co., Ltd. - Zhejiang<CHINA, REPUBLICA POPULAR>FABRICANTE);I;III
1998;Glifosate Técnico Monsanto;glifosato (glicina substituída) (950 g/kg);Herbicida;Monsanto do Brasil Ltda - São Paulo; (Monsanto Argentina S.R.L. - Zarate Plant<ARGENTINA>FABRICANTE) +  (Monsanto Europe S.A. - Antwerp Plant (Lillo)<BÉLGICA>FABRICANTE);I;III
3612;Glifosate ZLG Técnico;glifosato (glicina substituída) (955 g/kg);Herbicida;Globachem Proteção de Cultivos do Brasil Ltda. - Campinas/SP; (Jingma Chemicals Co., Ltd. - Zhejiang<CHINA, REPUBLICA POPULAR>FABRICANTE);I;III
18816;Glifosato G Tecnico Agroimport;glifosato (glicina substituída) (950 g/kg);Herbicida;Agro Import do Brasil Ltda. - Porto Alegre/RS; (Shandong Weifang Rainbow Chemical Co., Ltd. - Unidade Fabril 01<CHINA, REPUBLICA POPULAR>FABRICANTE);I;III
1213;Glifosato G Tecnico Rainbow;glifosato (glicina substituída) (950 g/kg);Herbicida;Rainbow Defensivos Agrícolas Ltda.- Porto Alegre /RS ; (Shandong Weifang Rainbow Chemical Co., Ltd. - Unidade Fabril 01<CHINA, REPUBLICA POPULAR>FABRICANTE);I;III
13316;Glifosato GH Tecnico Prentiss;glifosato (glicina substituída) (970 g/kg);Herbicida;Prentiss Química Ltda. - Campo Largo/PR; (Jiangsu Good Harvest - Weien Agrochemical Co. Ltd.<CHINA, REPUBLICA POPULAR>FABRICANTE);I;III
25817;Glifosato Tecnico AK;glifosato (glicina substituída) (970 g/kg);Herbicida;ADM do Brasil Ltda.  São Paulo/SP; (Jingma Chemicals Co., Ltd. - Zhejiang<CHINA, REPUBLICA POPULAR>FABRICANTE);I;III
19919;Glifosato Tecnico Adama Brasil;glifosato (glicina substituída) (950 g/kg);Herbicida;Adama Brasil S.A.- Londrina/PR; (Zhejiang Xinan Chemical Industrial Group Co., Ltd - Jiande City<CHINA, REPUBLICA POPULAR>FABRICANTE);I;III
10516;Glifosato Tecnico Alta;glifosato (glicina substituída) (950 g/kg);Herbicida;ALTA - America Latina Tecnologia Agrícola Ltda.- Curitiba;;I;III
11511;Glifosato Tecnico Atanor III;glifosato (glicina substituída) (970 g/kg);Herbicida;Albaugh Agro Brasil Ltda.- São Paulo; (Shandong Weifang Rainbow Chemical Co., Ltd. - Unidade Fabril 01<CHINA, REPUBLICA POPULAR>FABRICANTE);I;III
TC03722;Glifosato Tecnico FB;glifosato (glicina substituída) (970 g/kg);Herbicida;Agroallianz S.A;;PT;III
33518;Glifosato Tecnico FT;glifosato (glicina substituída) (950 g/kg);Herbicida;Fuhua Brasil Comercio de Produtos Quimicos Ltda. ;;I;III
12415;Glifosato Tecnico Red Surcos II;glifosato (glicina substituída) (970 g/kg);Herbicida;Red Surcos do Brasil Comércio Agropecuário Ltda; (Shandong Weifang Rainbow Chemical Co., Ltd. - Unidade Fabril 01<CHINA, REPUBLICA POPULAR>FABRICANTE);I;III
12515;Glifosato Tecnico SWR Agroimport;glifosato (glicina substituída) (970 g/kg);Herbicida;Agro Import do Brasil Ltda. - Porto Alegre/RS;;I;III
3210;Glifosato Tecnico Sabero;glifosato (glicina substituída) (960 g/kg);Herbicida;Coromandel Brasil Ltda.- Cotia/SP; (Coromandel International Limited. - Unit I - Sarigam<ÍNDIA>FABRICANTE);I;III
5711;Glifosato Tecnico Sumitomo FC;glifosato (glicina substituída) (950 g/kg);Herbicida;Sumitomo Chemical Brasil Indústria Química S.A. - Maracanaú/CE; (CAC Nantong Chemical Co. Ltd. - Jiangsu<CHINA, REPUBLICA POPULAR>FABRICANTE) +  (Sichuan Leshan Fuhua Tongda Agro-Chemical Technology Co Ltd.<CHINA, REPUBLICA POPULAR>FABRICANTE);I;III
19516;Glifosato Técnico ALS;glifosato (glicina substituída) (970 g/kg);Herbicida;UPL do Brasil Indústria e Comércio de Insumos Agropecuários S.A. - Matriz Ituverava/SP ; (Jingma Chemicals Co., Ltd. - Zhejiang<CHINA, REPUBLICA POPULAR>FABRICANTE);I;III
TC05724;Glifosato Técnico Adama;glifosato (glicina substituída) (955 g/kg);Herbicida;Adama Brasil S.A.- Londrina/PR; (Adama Ltd. (Planta 1)  <CHINA, REPUBLICA POPULAR>FABRICANTE);PT;III
24916;Glifosato Técnico Adama BR;glifosato (glicina substituída) (970 g/kg);Herbicida;Adama Brasil S.A.- Londrina/PR; (Jiangsu Good Harvest - Weien Agrochemical Co. Ltd.<CHINA, REPUBLICA POPULAR>FABRICANTE);I;III
TC24722;Glifosato Técnico Albaugh SHB;glifosato (glicina substituída) (970 g/kg);Herbicida;Albaugh Agro Brasil Ltda.- São Paulo; (Sichuan Hebang Biotechnology Co., Ltda.<CHINA, REPUBLICA POPULAR>FABRICANTE);PT;III
15416;Glifosato Técnico Alta II;glifosato (glicina substituída) (970 g/kg);Herbicida;ALTA - America Latina Tecnologia Agrícola Ltda.- Curitiba; (Jiangsu Good Harvest - Weien Agrochemical Co. Ltd.<CHINA, REPUBLICA POPULAR>FABRICANTE) +  (Shandong Weifang Rainbow Chemical Co., Ltd. - Unidade Fabril 01<CHINA, REPUBLICA POPULAR>FABRICANTE);I;III
TC12922;Glifosato Técnico Alta III;glifosato (glicina substituída) (950 g/kg);Herbicida;ALTA - America Latina Tecnologia Agrícola Ltda.- Curitiba; (Sichuan Leshan Fuhua Tongda Agro-Chemical Technology Co Ltd.<CHINA, REPUBLICA POPULAR>FABRICANTE);PT;III
14419;Glifosato Técnico Alta IV;glifosato (glicina substituída) (955 g/kg);Herbicida;ALTA - America Latina Tecnologia Agrícola Ltda.- Curitiba;;I;III
10216;Glifosato Técnico CCAB II;glifosato (glicina substituída) (950 g/kg);Herbicida;CCAB Agro S.A.   São Paulo;;I;III
23616;Glifosato Técnico CHDS;glifosato (glicina substituída) (970 g/kg);Herbicida;CHDS do Brasil Comércio de Insumos Agrícolas Ltda - São Miguel do Iguaçu/PR   ;;I;III
38317;Glifosato Técnico CHN;glifosato (glicina substituída) (970 g/kg);Herbicida;AllierBrasil Agro Ltda.; (Jingma Chemicals Co., Ltd. - Zhejiang<CHINA, REPUBLICA POPULAR>FABRICANTE);I;III
31118;Glifosato Técnico CSG;glifosato (glicina substituída) (960 g/kg);Herbicida;Albaugh Agro Brasil Ltda.- São Paulo; (Hubei Trisun Chemicals Co., Ltd.<CHINA, REPUBLICA POPULAR>FABRICANTE);I;III
13116;Glifosato Técnico Citromax;glifosato (glicina substituída) (970 g/kg);Herbicida;Citromax Industria e Comercio Ltda - São Lourenço do Oeste/SC; (Jiangsu Good Harvest - Weien Agrochemical Co. Ltd.<CHINA, REPUBLICA POPULAR>FABRICANTE);I;III
1114;Glifosato Técnico Copalliance;glifosato (glicina substituída) (950 g/kg);Herbicida;Copalliance S.A. - Campinas; (Jingma Chemicals Co., Ltd. - Zhejiang<CHINA, REPUBLICA POPULAR>FABRICANTE);I;III
11307;Glifosato Técnico Cropchem;glifosato (glicina substituída) (950 g/kg);Herbicida;Cropchem Ltda - Porto Alegre;;I;III
TC24522;Glifosato Técnico Cropchem II;glifosato (glicina substituída) (970 g/kg);Herbicida;Cropchem Ltda - Porto Alegre;;PT;III
11311;Glifosato Técnico Crotect;glifosato (glicina substituída) (970 g/kg);Herbicida;Crotect Crop Science Ltda - São Paulo/SP;;I;III
7416;Glifosato Técnico FW;glifosato (glicina substituída) (970 g/kg);Herbicida;Agroallianz S.A; (Jingma Chemicals Co., Ltd. - Zhejiang<CHINA, REPUBLICA POPULAR>FABRICANTE);I;III
16512;Glifosato Técnico Fersol 950;glifosato (glicina substituída) (952.1 g/kg);Herbicida;Ameribrás Indústria e Comércio Ltda.; (Fersol Indústria e Comércio S.A. - EM RECUPERACAO JUDICIAL<BRASIL>FABRICANTE) +  (Jingma Chemicals Co., Ltd. - Zhejiang<CHINA, REPUBLICA POPULAR>FABRICANTE);I;III
14616;Glifosato Técnico GHA;glifosato (glicina substituída) (970 g/kg);Herbicida;AllierBrasil Agro Ltda.; (Jiangsu Good Harvest - Weien Agrochemical Co. Ltd.<CHINA, REPUBLICA POPULAR>FABRICANTE);I;III
TC25425;Glifosato Técnico Ihara XM;glifosato (glicina substituída) (950 g/kg);Herbicida;Iharabras S.A. Indústria Químicas - Sorocaba; (Nantong Jiangshan Agrochemical & Chemical Ltd. Liability Co.<CHINA, REPUBLICA POPULAR>FABRICANTE) +  (Zhenjiang Jiangnan Chemical Company Ltd.<CHINA, REPUBLICA POPULAR>FABRICANTE) +  (Sichuan Hebang Biotechnology Co., Ltda.<CHINA, REPUBLICA POPULAR>FABRICANTE) +  (Jiangsu Good Harvest - Weien Agrochemical Co. Ltd.<CHINA, REPUBLICA POPULAR>FABRICANTE) +  (Jingma Chemicals Co., Ltd. - Zhejiang<CHINA, REPUBLICA POPULAR>FABRICANTE) +  (Sichuan Leshan Fuhua Tongda Agro-Chemical Technology Co Ltd.<CHINA, REPUBLICA POPULAR>FABRICANTE) +  (Hubei Trisun Chemicals Co., Ltd.<CHINA, REPUBLICA POPULAR>FABRICANTE) +  (Anhui Guangxin Agrochemical Co., Ltd - Plant.02 - Dongzhi <CHINA, REPUBLICA POPULAR>FABRICANTE);PT;III
5511;Glifosato Técnico JM;glifosato (glicina substituída) (955 g/kg);Herbicida;AllierBrasil Agro Ltda.;;I;III
19316;Glifosato Técnico Mey;glifosato (glicina substituída) (970 g/kg);Herbicida;Biorisk - Assessoria e Comércio de Produtos Agrícolas Ltda.; (Jingma Chemicals Co., Ltd. - Zhejiang<CHINA, REPUBLICA POPULAR>FABRICANTE) +  (Zhejiang Xinan Chemical Industrial Group Co., Ltd - Jiande City<CHINA, REPUBLICA POPULAR>FABRICANTE) +  (Agrinoon Enterprise Limited - Xiamen<CHINA, REPUBLICA POPULAR>FABRICANTE) +  (Shangdong Rainbow Chemical Ltda - Shangdong<CHINA, REPUBLICA POPULAR>FABRICANTE);I;III
3095;Glifosato Técnico Milenia;glifosato (glicina substituída) (620 g/kg);Herbicida;Adama Brasil S.A.- Londrina/PR; (Adama Brasil S.A.- Londrina/PR<BRASIL>FABRICANTE) +  (Adama Brasil S.A. - Taquari<BRASIL>FABRICANTE) +  (Sumitomo Chemical Brasil Indústria Química S.A. - Maracanaú/CE<BRASIL>FABRICANTE);IV;III
25717;Glifosato Técnico NAG;glifosato (glicina substituída) (970 g/kg);Herbicida;AllierBrasil Agro Ltda.;;I;III
4811;Glifosato Técnico Nortox BR;glifosato (glicina substituída) (950 g/kg);Herbicida;Nortox S.A. - Arapongas;;I;III
14319;Glifosato Técnico Nortox NTG;glifosato (glicina substituída) (950 g/kg);Herbicida;Nortox S.A. - Arapongas; (Zhejiang Xinan Chemical Industrial Group Co., Ltd - Jiande City<CHINA, REPUBLICA POPULAR>FABRICANTE) +  (Anhui Guangxin Agrochemical Co., Ltd. - Anhui<CHINA, REPUBLICA POPULAR>FABRICANTE);I;III
14519;Glifosato Técnico OF I;glifosato (glicina substituída) (950 g/kg);Herbicida;Ouro Fino Química S.A. - Uberaba; (Zhejiang Xinan Chemical Industrial Group Co., Ltd - Jiande City<CHINA, REPUBLICA POPULAR>FABRICANTE);I;III
7710;Glifosato Técnico Ouro Fino;glifosato (glicina substituída) (950 g/kg);Herbicida;Ouro Fino Química S.A. - Uberaba; (Shandong Weifang Rainbow Chemical Co., Ltd. - Unidade Fabril 01<CHINA, REPUBLICA POPULAR>FABRICANTE);I;III
113;Glifosato Técnico PM Milenia;glifosato (glicina substituída) (950 g/kg);Herbicida;Adama Brasil S.A.- Londrina/PR; (Youth Chemical Co. Ltd. - Jiangsu<CHINA, REPUBLICA POPULAR>FABRICANTE);I;III
7311;Glifosato Técnico RB;glifosato (glicina substituída) (970 g/kg);Herbicida;G.V.C Chemicals Brasil - Maravilha; (Shandong Weifang Rainbow Chemical Co., Ltd. - Unidade Fabril 01<CHINA, REPUBLICA POPULAR>FABRICANTE);I;III
11411;Glifosato Técnico Rainbow;glifosato (glicina substituída) (970 g/kg);Herbicida;Rainbow Defensivos Agrícolas Ltda.- Porto Alegre /RS ; (Shandong Weifang Rainbow Chemical Co., Ltd. - Unidade Fabril 01<CHINA, REPUBLICA POPULAR>FABRICANTE);I;III
34419;Glifosato Técnico SH;glifosato (glicina substituída) (950 g/kg);Herbicida;Sinochem Agro do Brasil Ltda. ;;PT;III
8911;Glifosato Técnico Sumitomo BR;glifosato (glicina substituída) (960 g/kg);Herbicida;Sumitomo Chemical Brasil Indústria Química S.A. - Maracanaú/CE; (Jiangsu Good Harvest - Weien Agrochemical Co. Ltd.<CHINA, REPUBLICA POPULAR>FABRICANTE);I;III
10316;Glifosato Técnico Tecnomyl;glifosato (glicina substituída) (950 g/kg);Herbicida;Tecnomyl Brasil Distribuidora de Produtos Agrícolas Ltda - Foz do Iguaçu; (Anhui Guangxin Agrochemical Co., Ltd. - Anhui<CHINA, REPUBLICA POPULAR>FABRICANTE);I;III
3117;Glifosato Técnico Tecnomyl III;glifosato (glicina substituída) (970 g/kg);Herbicida;Tecnomyl Brasil Distribuidora de Produtos Agrícolas Ltda - Foz do Iguaçu; (Jingma Chemicals Co., Ltd. - Zhejiang<CHINA, REPUBLICA POPULAR>FABRICANTE) +  (Jiangsu Good Harvest - Weien Agrochemical Co. Ltd.<CHINA, REPUBLICA POPULAR>FABRICANTE);I;III
38919;Glifosato Técnico Wynca;glifosato (glicina substituída) (955 g/kg);Herbicida;Wynca do Brasil Ltda  São Paulo ; (Zhenjiang Jiangnan Chemical Co., Ltd.<CHINA, REPUBLICA POPULAR>FABRICANTE);PT;III
28118;Glifosato XW Técnico;glifosato (glicina substituída) (960 g/kg);Herbicida;Xingfa Brasil Ltda; (Hubei Trisun Chemicals Co., Ltd.<CHINA, REPUBLICA POPULAR>FABRICANTE);I;III
13216;Glifosato técnico GVC;glifosato (glicina substituída) (970 g/kg);Herbicida;G.V.C Chemicals Brasil - Maravilha; (Jiangsu Good Harvest - Weien Agrochemical Co. Ltd.<CHINA, REPUBLICA POPULAR>FABRICANTE);I;III
14607;Glifosato Ácido Agricur Técnico;glifosato (glicina substituída) (950 g/kg);Herbicida;Adama Brasil S.A.- Londrina/PR; (Adama Brasil S.A.- Londrina/PR<BRASIL>FABRICANTE) +  (Zhejiang Xinan Chemical Industrial Group Co., Ltd - Jiande City<CHINA, REPUBLICA POPULAR>FABRICANTE) +  (Jiangsu Zhenjiang Jiangnan Chemicals Factory Co., Ltd<CHINA, REPUBLICA POPULAR>FABRICANTE) +  (Fujian Sannong Group Co., Ltd<CHINA, REPUBLICA POPULAR>FABRICANTE);I;III
07701;Glifosato Ácido Técnico BR;glifosato (glicina substituída) (950 g/kg);Herbicida;Adama Brasil S.A.- Londrina/PR; (Monsanto do Brasil Ltda - S. J. dos Campos<BRASIL>FABRICANTE) +  (Monsanto Argentina S.A.I.C - Escritório<ARGENTINA>FABRICANTE) +  (Monsanto Europe S.A - Escritório<BÉLGICA>FABRICANTE) +  (Monsanto Company - Escritório<ESTADOS UNIDOS>FABRICANTE);IV;III
7301;Glifosato Ácido Técnico Milenia;glifosato (glicina substituída) (950 g/kg);Herbicida;Adama Brasil S.A.- Londrina/PR; (Fujian Sannong Group Co., Ltd<CHINA, REPUBLICA POPULAR>FABRICANTE);I;III
04302;Glifosato Ácido Técnico Sinon;glifosato (glicina substituída) (950 g/kg);Herbicida;Sinon do Brasil Ltda. - Porto Alegre /RS.; (Sinon Corporation - Taiwan<TAIWAN (ILHA FORMOSA)>FABRICANTE) +  (Sinon Chemical CO. LTD. - Shanghai/China <CHINA, REPUBLICA POPULAR>FABRICANTE);IV;III
197;Gliphogan Agricur Técnico;glifosato (glicina substituída) (765 g/L);Herbicida;Adama Brasil S.A.- Londrina/PR; (Adama Agricultural Solutions Ltd. - Ashdod <ISRAEL>FABRICANTE) +  (Adama Brasil S.A.- Londrina/PR<BRASIL>FABRICANTE) +  (Adama Brasil S.A. - Taquari<BRASIL>FABRICANTE);IV;III
42319;Glufosinate Ammonium Técnico 950 AGCN;Glufosinato - sal de amônio (homoalanina substituída) (950 g/kg);Herbicida/Regulador de Crescimento;Agriconnection Importadora e Exportadora de Insumos Agrícolas - Barueri/SP; (Lier Chemical Co. Ltd.<CHINA, REPUBLICA POPULAR>FABRICANTE);PT;III
11115;Glufosinate Ammonium Técnico UPL BR;Glufosinato - sal de amônio (homoalanina substituída) (950 g/kg);Herbicida;UPL do Brasil Indústria e Comércio de Insumos Agropecuários S.A. - Matriz Ituverava/SP ; (Yongnong Biosciences Co., Ltd.<CHINA, REPUBLICA POPULAR>FABRICANTE);III;III
11519;Glufosinate Técnico Nortox;Glufosinato - sal de amônio (homoalanina substituída) (950 g/kg);Herbicida/Regulador de Crescimento;Nortox S.A. - Arapongas; (Jiangsu Good Harvest - Weien Agrochemical Co. Ltd.<CHINA, REPUBLICA POPULAR>FABRICANTE) +  (Shijiazhuang Richem Co., LTD<CHINA, REPUBLICA POPULAR>FABRICANTE) +  (Shandong Hailir Chemical Co., Ltd.<CHINA, REPUBLICA POPULAR>FABRICANTE) +  (Nanjing Red Sun Biochemistry Co., Ltd.<CHINA, REPUBLICA POPULAR>FABRICANTE) +  (Shandong Binnong Technology CO., LTD<CHINA, REPUBLICA POPULAR>FABRICANTE) +  (Shandong Eshung Indust. Co. Ltd<CHINA, REPUBLICA POPULAR>FABRICANTE) +  (Ningxia Wynca Technology Co., Ltd.<CHINA, REPUBLICA POPULAR>FABRICANTE);III;III
TC04320;Glufosinate Técnico Nortox II;Glufosinato - sal de amônio (homoalanina substituída) (950 g/kg);Herbicida;Nortox S.A. - Arapongas; (Hebei Veyong Bio-Chemical CO., Ltd<CHINA, REPUBLICA POPULAR>FABRICANTE);PT;III
37519;Glufosinate Técnico Nortox III;Glufosinato - sal de amônio (homoalanina substituída) (950 g/kg);Herbicida/Regulador de Crescimento;Nortox S.A. - Arapongas; (Lier Chemical Co. Ltd.<CHINA, REPUBLICA POPULAR>FABRICANTE) +  (Inner Mongolia Miraculous Crop Science Co., Ltd.<CHINA, REPUBLICA POPULAR>FABRICANTE);PT;III
36219;Glufosinate-Ammonium Tecnico RTM;Glufosinato - sal de amônio (homoalanina substituída) (950 g/kg);Herbicida;Albaugh Agro Brasil Ltda.- São Paulo; (Lier Chemical Co. Ltd.<CHINA, REPUBLICA POPULAR>FABRICANTE);PT;III
TC05326;Glufosinate-Ammonium Técnico Binnong;Glufosinato - sal de amônio (homoalanina substituída) (960 g/kg);Herbicida/Regulador de Crescimento;Biorisk - Assessoria e Comércio de Produtos Agrícolas Ltda.; (Shandong Binnong Technology CO., LTD<CHINA, REPUBLICA POPULAR>FABRICANTE);PT;III
11815;Glufosinate-Ammonium Técnico GT;Glufosinato - sal de amônio (homoalanina substituída) (950 g/kg);Herbicida;Yonon Brasil Defensivos Agricolas Ltda; (Yongnong Biosciences Co., Ltd.<CHINA, REPUBLICA POPULAR>FABRICANTE);III;III
42519;Glufosinate-Ammonium Técnico Lier;Glufosinato - sal de amônio (homoalanina substituída) (950 g/kg);Herbicida/Regulador de Crescimento;Foison do Brasil Defensivos Agrícolas e Comércio Ltda; (Lier Chemical Co. Ltd.<CHINA, REPUBLICA POPULAR>FABRICANTE);PT;III
TC04920;Glufosinate-Ammonium Técnico Rotam;Glufosinato - sal de amônio (homoalanina substituída) (950 g/kg);Herbicida/Regulador de Crescimento;Albaugh Agro Brasil Ltda.- São Paulo; (Hebei Veyong Bio-Chemical CO., Ltd<CHINA, REPUBLICA POPULAR>FABRICANTE);PT;III
TC21426;Glufosinate-Ammonium Técnico SAU;Glufosinato - sal de amônio (homoalanina substituída) (970 g/kg);Herbicida/Regulador de Crescimento;Biorisk - Assessoria e Comércio de Produtos Agrícolas Ltda.; (Weifang Sino-Agri Union Chemical Co., Ltd.<CHINA, REPUBLICA POPULAR>FABRICANTE);PT;III
2917;Glufosinate-Ammonium Técnico UPL;Glufosinato - sal de amônio (homoalanina substituída) (960 g/kg);Herbicida;UPL do Brasil Indústria e Comércio de Insumos Agropecuários S.A. - Matriz Ituverava/SP ; (UPL Limited - Vapi<ÍNDIA>FABRICANTE);III;III
TC15623;Glufosinato - Sal de Amônio Técnico Agrolead;Glufosinato - sal de amônio (homoalanina substituída) (970 g/kg);Herbicida/Regulador de Crescimento;Agro-Lead Brasil Assessoria em Produtos Agrícolas Ltda - EPP;;PT;III
26319;Glufosinato Tecnico Albaugh;Glufosinato - sal de amônio (homoalanina substituída) (970 g/kg);Herbicida/Regulador de Crescimento;Albaugh Agro Brasil Ltda.- São Paulo; (Shijiazhuang Richem Co., Ltd - Zhaoxian<CHINA, REPUBLICA POPULAR>FABRICANTE);III;III
37419;Glufosinato Tecnico OF;Glufosinato - sal de amônio (homoalanina substituída) (950 g/kg);Herbicida/Regulador de Crescimento;Ouro Fino Química S.A. - Uberaba; (Lier Chemical Co. Ltd.<CHINA, REPUBLICA POPULAR>FABRICANTE) +  (Inner Mongolia Miraculous Crop Science Co., Ltd.<CHINA, REPUBLICA POPULAR>FABRICANTE);PT;III
TC00521;Glufosinato Técnico Alamos;Glufosinato - sal de amônio (homoalanina substituída) (970 g/kg);Herbicida;Crotect Crop Science Ltda - São Paulo/SP; (Ningxia Wynca Technology Co., Ltd.<CHINA, REPUBLICA POPULAR>FABRICANTE);PT;III
TC21125;Glufosinato Técnico Alta;Glufosinato - sal de amônio (homoalanina substituída) (950 g/kg);Herbicida/Regulador de Crescimento;ALTA - America Latina Tecnologia Agrícola Ltda.- Curitiba; (Jiangsu Sevencontinent Green Chemical Co., Ltd - Unit I<CHINA, REPUBLICA POPULAR>FABRICANTE);PT;III
36319;Glufosinato Técnico Alta II;Glufosinato - sal de amônio (homoalanina substituída) (950 g/kg);Herbicida;ALTA - America Latina Tecnologia Agrícola Ltda.- Curitiba;;PT;III
TC09222;Glufosinato Técnico Alta III;Glufosinato - sal de amônio (homoalanina substituída) (970 g/kg);Herbicida/Regulador de Crescimento;ALTA - America Latina Tecnologia Agrícola Ltda.- Curitiba; (Shijiazhuang Richem Co., LTD<CHINA, REPUBLICA POPULAR>FABRICANTE) +  (Ningxia Wynca Technology Co., Ltd.<CHINA, REPUBLICA POPULAR>FABRICANTE);PT;III
TC05020;Glufosinato Técnico CHD'S;Glufosinato - sal de amônio (homoalanina substituída) (950 g/kg);Herbicida/Regulador de Crescimento;CHDS do Brasil Comércio de Insumos Agrícolas Ltda - São Miguel do Iguaçu/PR   ; (Jiangsu Good Harvest - Weien Agrochemical Co. Ltd.<CHINA, REPUBLICA POPULAR>FABRICANTE) +  (Yongnong Biosciences Co., Ltd.<CHINA, REPUBLICA POPULAR>FABRICANTE);PT;III
TC05626;Glufosinato Técnico CHDS ll;Glufosinato - sal de amônio (homoalanina substituída) (970 g/kg);Herbicida/Regulador de Crescimento;CHDS do Brasil Comércio de Insumos Agrícolas Ltda - São Miguel do Iguaçu/PR   ; (Inner Mongolia Miraculous Crop Science Co., Ltd.<CHINA, REPUBLICA POPULAR>FABRICANTE);PT;III
TC04720;Glufosinato Técnico Dinagro;Glufosinato - sal de amônio (homoalanina substituída) (950 g/kg);Herbicida/Regulador de Crescimento;Dinagro Agropecuária Ltda.; (Jiangsu Good Harvest - Weien Agrochemical Co. Ltd.<CHINA, REPUBLICA POPULAR>FABRICANTE) +  (Hebei Veyong Bio-Chemical CO., Ltd<CHINA, REPUBLICA POPULAR>FABRICANTE);PT;III
TC04220;Glufosinato Técnico FW;Glufosinato - sal de amônio (homoalanina substituída) (950 g/kg);Herbicida;Agroallianz S.A; (Hebei Veyong Bio-Chemical CO., Ltd<CHINA, REPUBLICA POPULAR>FABRICANTE);PT;III
TC00724;Glufosinato Técnico Hailir;Glufosinato - sal de amônio (homoalanina substituída) (975 g/kg);Herbicida/Regulador de Crescimento;Hailir Brasil Defensivos Agricolas Ltda - São Paulo/SP; (Shandong Hailir Chemical Co., Ltd.<CHINA, REPUBLICA POPULAR>FABRICANTE);PT;III
14019;Glufosinato Técnico OF I;Glufosinato - sal de amônio (homoalanina substituída) (950 g/kg);Herbicida/Regulador de Crescimento;Ouro Fino Química S.A. - Uberaba; (Yongnong Biosciences Co., Ltd.<CHINA, REPUBLICA POPULAR>FABRICANTE);III;III
11419;Glufosinato Técnico Ouro Fino;Glufosinato - sal de amônio (homoalanina substituída) (970 g/kg);Herbicida/Regulador de Crescimento;Ouro Fino Química S.A. - Uberaba; (Shijiazhuang Richem Co., LTD<CHINA, REPUBLICA POPULAR>FABRICANTE);III;III
TC22625;Glufosinato Técnico SCH;Glufosinato - sal de amônio (homoalanina substituída) (950 g/kg);Herbicida/Regulador de Crescimento;Sinochem Agro do Brasil Ltda. ; (Lier Chemical Co. Ltd.<CHINA, REPUBLICA POPULAR>FABRICANTE);PT;III
23819;Glufosinato Técnico Sulphur Mills;Glufosinato - sal de amônio (homoalanina substituída) (970 g/kg);Herbicida/Regulador de Crescimento;SM Agrocare Brasil Importação Comércio e Serviços Agrícolas Ltda; (Shijiazhuang Richem Co., Ltd - Zhaoxian<CHINA, REPUBLICA POPULAR>FABRICANTE);III;III
42419;Glufosinato Técnico Sumitomo;Glufosinato - sal de amônio (homoalanina substituída) (950 g/kg);Herbicida/Regulador de Crescimento;Sumitomo Chemical Brasil Indústria Química S.A. - Maracanaú/CE; (Lier Chemical Co. Ltd.<CHINA, REPUBLICA POPULAR>FABRICANTE);PT;III
TC12820;Glufosinato Técnico Wynca;Glufosinato - sal de amônio (homoalanina substituída) (970 g/kg);Herbicida;Wynca do Brasil Ltda  São Paulo ; (Ningxia Wynca Technology Co., Ltd.<CHINA, REPUBLICA POPULAR>FABRICANTE);PT;III
23719;Glufosinato Y Técnico Helm;Glufosinato - sal de amônio (homoalanina substituída) (950 g/kg);Herbicida/Regulador de Crescimento;Helm do Brasil Mercantil - São Paulo/SP; (Yongnong Biosciences Co., Ltd.<CHINA, REPUBLICA POPULAR>FABRICANTE);III;III
TC04820;Glufosinato de Amonio Técnico Pilarquim ;Glufosinato - sal de amônio (homoalanina substituída) (950 g/kg);Herbicida/Regulador de Crescimento;Pilarquim Br Comercial Ltda.- São Paulo;;PT;III
TC05021;Glufosinato de Amônio Técnico ADA Brasil ;Glufosinato - sal de amônio (homoalanina substituída) (970 g/kg);Herbicida;Adama Brasil S.A.- Londrina/PR; (Ningxia Wynca Technology Co., Ltd.<CHINA, REPUBLICA POPULAR>FABRICANTE);PT;III
04519;Glufosinato de Amônio Técnico Adama;Glufosinato - sal de amônio (homoalanina substituída) (970 g/kg);Herbicida;Adama Brasil S.A.- Londrina/PR; (Shandong Weifang Rainbow Chemical Co., Ltd. - Unidade Fabril 02<CHINA, REPUBLICA POPULAR>FABRICANTE);III;III
42619;Glufosinato de Amônio Técnico Adama BR;Glufosinato - sal de amônio (homoalanina substituída) (950 g/kg);Herbicida/Regulador de Crescimento;Adama Brasil S.A.- Londrina/PR; (Lier Chemical Co. Ltd.<CHINA, REPUBLICA POPULAR>FABRICANTE);PT;III
13219;Glufosinato de Amônio Técnico Adama Brasil;Glufosinato - sal de amônio (homoalanina substituída) (950 g/kg);Herbicida;Adama Brasil S.A.- Londrina/PR; (Jiangsu Good Harvest - Weien Agrochemical Co. Ltd.<CHINA, REPUBLICA POPULAR>FABRICANTE) +  (Jiangsu Huifeng Bio Agriculture Co. Ltd. - Dafeng<CHINA, REPUBLICA POPULAR>FABRICANTE);III;III
11319;Glufosinato de Amônio Técnico Adama Brasil BR;Glufosinato - sal de amônio (homoalanina substituída) (970 g/kg);Herbicida/Regulador de Crescimento;Adama Brasil S.A.- Londrina/PR; (Shijiazhuang Richem Co., LTD<CHINA, REPUBLICA POPULAR>FABRICANTE);III;III
34119;Glufosinato de Amônio Técnico CCAB;Glufosinato - sal de amônio (homoalanina substituída) (950 g/kg);Herbicida/Regulador de Crescimento;CCAB Agro S.A.   São Paulo; (Yongnong Biosciences Co., Ltd.<CHINA, REPUBLICA POPULAR>FABRICANTE) +  (Shijiazhuang Richem Co., Ltd - Zhaoxian<CHINA, REPUBLICA POPULAR>FABRICANTE) +  (Inner Mongolia Join Dream Fine Chemicals Co. Ltd.<CHINA, REPUBLICA POPULAR>FABRICANTE) +  (Lier Chemical Co. Ltd.<CHINA, REPUBLICA POPULAR>FABRICANTE) +  (Ningxia Wynca Technology Co., Ltd.<CHINA, REPUBLICA POPULAR>FABRICANTE) +  (Changshu Pesticide Factory Co. Ltd.<CHINA, REPUBLICA POPULAR>FABRICANTE);PT;III
TC16824;Glufosinato de Amônio Técnico CX;Glufosinato - sal de amônio (homoalanina substituída) (965 g/kg);Herbicida;Zhongshan Química do Brasil - Sorocaba/SP; (Xiangshui Zhongshan Bioscience Co. Ltd<CHINA, REPUBLICA POPULAR>FABRICANTE);PT;III
TC06921;Glufosinato de Amônio Técnico CropChem;Glufosinato - sal de amônio (homoalanina substituída) (950 g/kg);Herbicida;Cropchem Ltda - Porto Alegre; (Jiangsu Good Harvest - Weien Agrochemical Co. Ltd.<CHINA, REPUBLICA POPULAR>FABRICANTE) +  (Shijiazhuang Richem Co., Ltd - Zhaoxian<CHINA, REPUBLICA POPULAR>FABRICANTE) +  (Nanjing Red Sun Co., Ltd<CHINA, REPUBLICA POPULAR>FABRICANTE);PT;III
TC11022;Glufosinato de Amônio Técnico Gilmore;Glufosinato - sal de amônio (homoalanina substituída) (950 g/kg);Herbicida/Regulador de Crescimento;Gilmore Agro do Brasil Ltda - ME ; (Anhui Futian Agrochemical Co., Ltd<CHINA, REPUBLICA POPULAR>FABRICANTE) +  (Inner Mongolia Join Dream Fine Chemicals Co. Ltd.<CHINA, REPUBLICA POPULAR>FABRICANTE);PT;III
11515;Glufosinato de Amônio Técnico Milenia;Glufosinato - sal de amônio (homoalanina substituída) (950 g/kg);Herbicida;Adama Brasil S.A.- Londrina/PR;;III;III
23619;Glufosinato de Amônio Técnico NGC;Glufosinato - sal de amônio (homoalanina substituída) (950 g/kg);Herbicida/Regulador de Crescimento;NGC Agrosciences Brasil Ltda - Botucatu/SP; (Inner Mongolia Join Dream Fine Chemicals Co. Ltd.<CHINA, REPUBLICA POPULAR>FABRICANTE);III;III
04919;Glufosinato de Amônio Técnico Rainbow ;Glufosinato - sal de amônio (homoalanina substituída) (970 g/kg);Herbicida;Rainbow Defensivos Agrícolas Ltda.- Porto Alegre /RS ; (Shandong Weifang Rainbow Chemical Co., Ltd. - Unidade Fabril 01<CHINA, REPUBLICA POPULAR>FABRICANTE);III;III
TC04420;Glufosinato de Amônio Técnico Sino-Agri;Glufosinato - sal de amônio (homoalanina substituída) (950 g/kg);Herbicida/Regulador de Crescimento;Lemma Agronegócios Importação e Exportação Ltda.; (Shijiazhuang Richem Co., LTD<CHINA, REPUBLICA POPULAR>FABRICANTE) +  (Hebei Veyong Bio-Chemical Co., Ltd. (Unidade II)<CHINA, REPUBLICA POPULAR>FABRICANTE);PT;III
04419;Glufosinato de Amônio Técnico Sinon;Glufosinato - sal de amônio (homoalanina substituída) (950 g/kg);Herbicida;Sinon do Brasil Ltda. - Porto Alegre /RS.; (Sinon Corporation - Taiwan<TAIWAN (ILHA FORMOSA)>FABRICANTE) +  (Sinon Chemical CO. LTD. - Shanghai/China <CHINA, REPUBLICA POPULAR>FABRICANTE);III;III
TC15525;Glufosinato de Amônio Técnico Sinon II;Glufosinato - sal de amônio (homoalanina substituída) (970 g/kg);Herbicida/Regulador de Crescimento;Sinon do Brasil Ltda. - Porto Alegre /RS.; (Inner Mongolia Miraculous Crop Science Co., Ltd.<CHINA, REPUBLICA POPULAR>FABRICANTE);PT;III
20019;Glufosinato de Amônio Técnico Tecnomyl;Glufosinato - sal de amônio (homoalanina substituída) (950 g/kg);Herbicida/Regulador de Crescimento;Tecnomyl Brasil Distribuidora de Produtos Agrícolas Ltda - Foz do Iguaçu; (Jiangsu Good Harvest - Weien Agrochemical Co. Ltd.<CHINA, REPUBLICA POPULAR>FABRICANTE) +  (Yongnong Biosciences Co., Ltd.<CHINA, REPUBLICA POPULAR>FABRICANTE) +  (Shijiazhuang Richem Co., Ltd - Zhaoxian<CHINA, REPUBLICA POPULAR>FABRICANTE);III;III
14119;Glufosinato de amônio Técnico CCAB II;Glufosinato - sal de amônio (homoalanina substituída) (950 g/kg);Herbicida/Regulador de Crescimento;CCAB Agro S.A.   São Paulo; (Yongnong Biosciences Co., Ltd.<CHINA, REPUBLICA POPULAR>FABRICANTE);III;III
TC04520;Glufosinato de amônio técnico tide;Glufosinato - sal de amônio (homoalanina substituída) (950 g/kg);Herbicida/Regulador de Crescimento;Tide do Brasil Ltda - Porto Alegre/RS; (Hebei Veyong Bio-Chemical CO., Ltd<CHINA, REPUBLICA POPULAR>FABRICANTE);PT;III
TC22925;Glufosinato- Sal de amônio Técnico Agrolead II;Glufosinato - sal de amônio (homoalanina substituída) (950 g/kg);Herbicida;Agro-Lead Brasil Assessoria em Produtos Agrícolas Ltda - EPP; (Jiangsu Sevencontinent Green Chemical Co., Ltd - Unit I<CHINA, REPUBLICA POPULAR>FABRICANTE);PT;III
17619;Glufosinato-Amonium Técnico GHA;Glufosinato - sal de amônio (homoalanina substituída) (950 g/kg);Herbicida/Regulador de Crescimento;AllierBrasil Agro Ltda.; (Jiangsu Good Harvest - Weien Agrochemical Co. Ltd.<CHINA, REPUBLICA POPULAR>FABRICANTE);III;III
TC07921;Glufosinato-Amonium Técnico SD;Glufosinato - sal de amônio (homoalanina substituída) (950 g/kg);Herbicida;Sharda do Brasil Comércio de Produtos Químicos e Agroquímicos LTDA; (Jiangsu Good Harvest - Weien Agrochemical Co. Ltd.<CHINA, REPUBLICA POPULAR>FABRICANTE);PT;III
29218;Glyphosate Técnico Fuhua;glifosato (glicina substituída) (950 g/kg);Herbicida;Fuhua Brasil Comercio de Produtos Quimicos Ltda. ; (Sichuan Leshan Fuhua Tongda Agro-Chemical Technology Co Ltd.<CHINA, REPUBLICA POPULAR>FABRICANTE);I;III
05019;Glyphosate Técnico Sino-Agri;glifosato (glicina substituída) (960 g/kg);Herbicida;Lemma Agronegócios Importação e Exportação Ltda.;;I;III
24216;Glyphosh Tecnico;glifosato (glicina substituída) (970 g/kg);Herbicida;Sharda do Brasil Comércio de Produtos Químicos e Agroquímicos LTDA;;I;III
6611;Goal Técnico II;oxifluorfem (éter difenílico) (974 g/kg);Herbicida;Proventis Lifescience Defensivos Agrícolas Ltda; (Shangyu Nutrichem Co., Ltd.<CHINA, REPUBLICA POPULAR>FABRICANTE);III;II
TC10624;Golero Técnico;diflubenzurom (benzoiluréia) (970 g/kg);Acaricida/Inseticida;Proregistros Registros de Produtos Ltda - EPP ; (Agria SA. - Plovdiv<BULGÁRIA, REPÚBLICA DA>FABRICANTE);PT;II
4401;Goltix Técnico;metamitrona (triazinona) (980 g/kg);Herbicida;Adama Brasil S.A.- Londrina/PR; (Adama Brasil S.A.- Londrina/PR<BRASIL>FABRICANTE);III;III
4510;Grassato Técnico;glifosato (glicina substituída) (950 g/kg);Herbicida;CHDS do Brasil Comércio de Insumos Agrícolas Ltda - São Miguel do Iguaçu/PR   ;;I;III
TC05721;Halauxifen-Metil Técnico ;Halauxifen-metil (ácido piridinocarboxílico) (930 g/kg);Herbicida;CTVA Proteção de Cultivos Ltda - Barueri (Tamboré); (Corteva Agriscience LLC - Midland - Michigan<ESTADOS UNIDOS>FABRICANTE);Não;III
7494;Halosulfuron Técnico;halossulfurom-metílico (sulfoniluréia) (980 g/kg);Herbicida;Nissan Chemical do Brasil Representação de Produtos Agroquimicos Ltda.; (Nissan Chemical Industries, Ltd  - Onoda Plant<JAPÃO>FABRICANTE);IV;III
11914;Haloxifop Metilico Tecnico Tecnomyl;haloxifope-P-metílico (ácido ariloxifenoxipropiônico) (970 g/L);Herbicida;Tecnomyl Brasil Distribuidora de Produtos Agrícolas Ltda - Foz do Iguaçu;;III;III
11814;Haloxifop Metílico Tecnico CCAB;haloxifope-P-metílico (ácido ariloxifenoxipropiônico) (970 g/kg);Herbicida;CCAB Agro S.A.   São Paulo; (Shandong Luba Chemical Co., Ltd - Fabrica<CHINA, REPUBLICA POPULAR>FABRICANTE);III;III
TC04425;Haloxifop Metílico Técnico Tecnomyl II;haloxifope-P-metílico (ácido ariloxifenoxipropiônico) (966.1 g/kg);Herbicida;Tecnomyl Brasil Distribuidora de Produtos Agrícolas Ltda - Foz do Iguaçu; (Nanjing Huazhou Pharmaceutical Co., Ltd.<CHINA, REPUBLICA POPULAR>FABRICANTE);PT;III
TC07625;Haloxifop Técnico Nortox;haloxifope-P-metílico (ácido ariloxifenoxipropiônico) (970 g/kg);Herbicida;Nortox S.A. - Arapongas; (Shandong Binnong Technology CO., LTD<CHINA, REPUBLICA POPULAR>FABRICANTE);PT;III
12514;Haloxifop-P-Metílico Técnico Sumitomo;haloxifope-P-metílico (ácido ariloxifenoxipropiônico) (970 g/kg);Herbicida;Sumitomo Chemical Brasil Indústria Química S.A. - Maracanaú/CE; (Shandong Luba Chemical <CHINA, REPUBLICA POPULAR>FABRICANTE);I;I
TC06125;Haloxifope Técnico CropChem II;haloxifope-P-metílico (ácido ariloxifenoxipropiônico) (970 g/kg);Herbicida;Cropchem Ltda - Porto Alegre; (Shandong Binnong Technology CO., LTD<CHINA, REPUBLICA POPULAR>FABRICANTE);PT;III
TC31325;Haloxifope Técnico NHP-CROPCHEM;haloxifope-P-metílico (ácido ariloxifenoxipropiônico) (966 g/kg);Herbicida;Cropchem Ltda - Porto Alegre; (Nanjing Huazhou Pharmaceutical Co., Ltd.<CHINA, REPUBLICA POPULAR>FABRICANTE);PT;III
12614;Haloxifope-P-Metilico Tecnico Alta;haloxifope-P-metílico (ácido ariloxifenoxipropiônico) (985 g/kg);Herbicida;ALTA - America Latina Tecnologia Agrícola Ltda.- Curitiba; (Shandong Luba Chemical <CHINA, REPUBLICA POPULAR>FABRICANTE);III;III
TC05725;Haloxifope-P-Metílico Técnico Alta II;haloxifope-P-metílico (ácido ariloxifenoxipropiônico) (970 g/kg);Herbicida;ALTA - America Latina Tecnologia Agrícola Ltda.- Curitiba; (Shandong Binnong Technology CO., LTD<CHINA, REPUBLICA POPULAR>FABRICANTE);PT;III
TC04225;Haloxifope-P-Metílico Técnico Ouro Fino;haloxifope-P-metílico (ácido ariloxifenoxipropiônico) (966.1 g/kg);Herbicida;Ouro Fino Química S.A. - Uberaba; (Nanjing Huazhou Pharmaceutical Co., Ltd.<CHINA, REPUBLICA POPULAR>FABRICANTE) +  (Shandong Binnong Technology CO., LTD<CHINA, REPUBLICA POPULAR>FABRICANTE);PT;III
TC19825;Haloxyfop-P Methyl Técnico NGC;haloxifope-P-metílico (ácido ariloxifenoxipropiônico) (970 g/kg);Herbicida;NGC Agrosciences Brasil Ltda - Botucatu/SP; (Nanjing Huazhou Pharmaceutical Co., Ltd.<CHINA, REPUBLICA POPULAR>FABRICANTE);PT;III
12314;Haloxyfop-P-Methyl Tecnico Rainbow;haloxifope-P-metílico (ácido ariloxifenoxipropiônico) (980 g/kg);Herbicida;Rainbow Defensivos Agrícolas Ltda.- Porto Alegre /RS ; (Shandong Luba Chemical <CHINA, REPUBLICA POPULAR>FABRICANTE);III;III
TC26225;Haloxyfop-P-Methyl Técnico ABT;haloxifope-P-metílico (ácido ariloxifenoxipropiônico) (970 g/kg);Herbicida;Agrobeats Defensivos Agrícolas Ltda ; (Chizhou Bioagriland Multichem Co. Ltd.<CHINA, REPUBLICA POPULAR>FABRICANTE);PT;III
TC15025;Haloxyfop-P-Methyl Técnico Binnong;haloxifope-P-metílico (ácido ariloxifenoxipropiônico) (970 g/kg);Herbicida;Biorisk - Assessoria e Comércio de Produtos Agrícolas Ltda.; (Shandong Binnong Technology CO., LTD<CHINA, REPUBLICA POPULAR>FABRICANTE);PT;III
12214;Haloxyfop-P-Methyl Técnico UPL;haloxifope-P-metílico (ácido ariloxifenoxipropiônico) (956 g/kg);Herbicida;UPL do Brasil Indústria e Comércio de Insumos Agropecuários S.A. - Matriz Ituverava/SP ; (Shandong Luba Chemical <CHINA, REPUBLICA POPULAR>FABRICANTE);III;III
7094;Haloxyfop-R methyl Técnico;haloxifope-P-metílico (ácido ariloxifenoxipropiônico) (940 g/kg);Herbicida;CTVA Proteção de Cultivos Ltda - Barueri (Tamboré); (Jiangsu Flag Chemical Industry Co., Ltd.<CHINA, REPUBLICA POPULAR>FABRICANTE);III;III
1115;Haloxyfop-p-methyl Tecnico Volcano;haloxifope-P-metílico (ácido ariloxifenoxipropiônico) (982 g/kg);Herbicida;UPL do Brasil Indústria e Comércio de Insumos Agropecuários S.A. - Matriz Ituverava/SP ; (Shandong Luba Chemical Co., Ltd - Fabrica<CHINA, REPUBLICA POPULAR>FABRICANTE);III;III
TC04022;Hanaro Técnico;Bistriflurom (benzoiluréia) (950 g/kg);Inseticida;Iharabras S.A. Indústria Químicas - Sorocaba; (FarmHannong Co. Ltd. - Unidade Gumi<CORÉIA (DO SUL), REPÚBLICA DA>FABRICANTE);Não;III
3511;Hexazinon Técnico;hexazinona (triazinona) (980 g/kg);Herbicida;Sharda do Brasil Comércio de Produtos Químicos e Agroquímicos LTDA; (Jiangsu Lanfeng Biochemical Co. Ltd - Planta 2 Suhua<CHINA, REPUBLICA POPULAR>FABRICANTE);I;III
18519;Hexazinona Ascenza Técnico;hexazinona (triazinona) (980 g/kg);Herbicida;Ascenza Brasil Ltda - Hortolândia/SP; (Jiangsu Flag Chemical Industry Co., Ltd.<CHINA, REPUBLICA POPULAR>FABRICANTE);I;III
02519;Hexazinona Tecnico Adama BR;hexazinona (triazinona) (980 g/kg);Herbicida;Adama Brasil S.A.- Londrina/PR; (Jiangsu Corechem Co. Ltd.<CHINA, REPUBLICA POPULAR>FABRICANTE);I;III
TC05321;Hexazinona Tecnico Albaugh 01;hexazinona (triazinona) (980 g/kg);Herbicida;Albaugh Agro Brasil Ltda.- São Paulo; (Jiangsu Corechem Co. Ltd.<CHINA, REPUBLICA POPULAR>FABRICANTE);PT;III
6113;Hexazinona Tecnico Alta ;hexazinona (triazinona) (980 g/kg);Herbicida;ALTA - America Latina Tecnologia Agrícola Ltda.- Curitiba; (Jiangsu Lanfeng Biochemical Co. Ltd - Planta 2 Suhua<CHINA, REPUBLICA POPULAR>FABRICANTE) +  (Shangyu Nutrichem Co., Ltd.<CHINA, REPUBLICA POPULAR>FABRICANTE) +  (Jiangsu Corechem Co. Ltd.<CHINA, REPUBLICA POPULAR>FABRICANTE) +  (Anhui Guangxin Agrochemical Co., Ltd. - Anhui<CHINA, REPUBLICA POPULAR>FABRICANTE);I;III
18919;Hexazinona Tecnico Nortox BR;hexazinona (triazinona) (980 g/kg);Herbicida;Nortox S.A. - Arapongas; (Shangyu Nutrichem Co., Ltd.<CHINA, REPUBLICA POPULAR>FABRICANTE) +  (Jiangsu Corechem Co. Ltd.<CHINA, REPUBLICA POPULAR>FABRICANTE);I;III
6409;Hexazinona Técnica Cropchem;hexazinona (triazinona) (980 g/kg);Herbicida;Cropchem Ltda - Porto Alegre; (Jiangsu Lanfeng Biochemical Co., Ltd. - Planta 1<CHINA, REPUBLICA POPULAR>FABRICANTE) +  (Jiangsu Lanfeng Biochemical Co. Ltd - Planta 2 Suhua<CHINA, REPUBLICA POPULAR>FABRICANTE) +  (Ningxia Wynca Technology Co., Ltd.<CHINA, REPUBLICA POPULAR>FABRICANTE);I;III
21318;Hexazinona Técnica Proventis;hexazinona (triazinona) (980 g/kg);Herbicida;Proventis Lifescience Defensivos Agrícolas Ltda; (Shangyu Nutrichem Co., Ltd.<CHINA, REPUBLICA POPULAR>FABRICANTE) +  (Jiangsu Corechem Co. Ltd.<CHINA, REPUBLICA POPULAR>FABRICANTE);I;III
TC04826;Hexazinona Técnico AGX II;hexazinona (triazinona) (980 g/kg);Herbicida;AGX DO BRASIL LTDA; (Anhui Guangxin Agrochemical Co., Ltd. - Anhui<CHINA, REPUBLICA POPULAR>FABRICANTE);PT;III
36017;Hexazinona Técnico Adama;hexazinona (triazinona) (980 g/kg);Herbicida;Adama Brasil S.A.- Londrina/PR; (Jiangsu Lanfeng Biochemical Co. Ltd - Planta 2 Suhua<CHINA, REPUBLICA POPULAR>FABRICANTE) +  (Jiangsu Lanfeng Biochemical Co., Ltd. - Planta 1<CHINA, REPUBLICA POPULAR>FABRICANTE);I;III
18619;Hexazinona Técnico CCAB;hexazinona (triazinona) (980 g/kg);Herbicida;CCAB Agro S.A.   São Paulo; (Jiangsu Flag Chemical Industry Co., Ltd.<CHINA, REPUBLICA POPULAR>FABRICANTE) +  (Shangyu Nutrichem Co., Ltd.<CHINA, REPUBLICA POPULAR>FABRICANTE) +  (Jiangsu Lanfeng Biochemical Co., Ltd. - Planta 1<CHINA, REPUBLICA POPULAR>FABRICANTE) +  (Jiangsu Lanfeng Biochemical Co. Ltd - Planta 2 Suhua<CHINA, REPUBLICA POPULAR>FABRICANTE) +  (Jiangsu Corechem Co. Ltd.<CHINA, REPUBLICA POPULAR>FABRICANTE);I;III
7813;Hexazinona Técnico Hailir;hexazinona (triazinona) (980 g/kg);Herbicida;Hailir Brasil Defensivos Agricolas Ltda - São Paulo/SP;;I;III
5302;Hexazinona Técnico Milenia;hexazinona (triazinona) (950 g/kg);Herbicida;Adama Brasil S.A.- Londrina/PR; (Adama Brasil S.A.- Londrina/PR<BRASIL>FABRICANTE) +  (Adama Brasil S.A. - Taquari<BRASIL>FABRICANTE) +  (Adama Agricultural Solutions Ltd. - Ashdod <ISRAEL>FABRICANTE) +  (Volcano Agroscience (PTY) Ltd.<ÁFRICA DO SUL>FABRICANTE) +  (Adama Brasil S.A.- Londrina/PR<BRASIL>FABRICANTE) +  (Anhui Guangxin Agrochemical Co., Ltd. - Anhui<CHINA, REPUBLICA POPULAR>FABRICANTE);II;III
18219;Hexazinona Técnico Milênia BR;hexazinona (triazinona) (980 g/kg);Herbicida;Adama Brasil S.A.- Londrina/PR; (Shangyu Nutrichem Co., Ltd.<CHINA, REPUBLICA POPULAR>FABRICANTE);I;III
17407;Hexazinona Técnico Nortox;hexazinona (triazinona) (980 g/kg);Herbicida;Nortox S.A. - Arapongas; (Nortox S.A. - Arapongas<BRASIL>FABRICANTE) +  (Jiangsu Lanfeng Biochemical Co., Ltd. - Planta 1<CHINA, REPUBLICA POPULAR>FABRICANTE);I;III
10809;Hexazinona Técnico Ouro Fino;hexazinona (triazinona) (980 g/kg);Herbicida;Ouro Fino Química S.A. - Uberaba; (Jiangsu Lanfeng Biochemical Co., Ltd. - Planta 1<CHINA, REPUBLICA POPULAR>FABRICANTE) +  (Jiangsu Lanfeng Biochemical Co. Ltd - Planta 2 Suhua<CHINA, REPUBLICA POPULAR>FABRICANTE) +  (Shangyu Nutrichem Co., Ltd.<CHINA, REPUBLICA POPULAR>FABRICANTE) +  (Jiangsu Corechem Co. Ltd.<CHINA, REPUBLICA POPULAR>FABRICANTE) +  (Anhui Guangxin Agrochemical Co., Ltd. - Anhui<CHINA, REPUBLICA POPULAR>FABRICANTE);I;III
TC19724;Hexazinona Técnico Perterra;hexazinona (triazinona) (980 g/kg);Herbicida;Perterra Insumos Agropecuários S.A.  São Paulo/SP; (Ningxia Wynca Technology Co., Ltd.<CHINA, REPUBLICA POPULAR>FABRICANTE);PT;III
18819;Hexazinona Técnico Tecnomyl;hexazinona (triazinona) (980 g/kg);Herbicida;Tecnomyl Brasil Distribuidora de Produtos Agrícolas Ltda - Foz do Iguaçu; (Shangyu Nutrichem Co., Ltd.<CHINA, REPUBLICA POPULAR>FABRICANTE) +  (Jiangsu Flag Chemical Industry Co., Ltd.<CHINA, REPUBLICA POPULAR>FABRICANTE) +  (Jiangsu Lanfeng Biochemical Co., Ltd. - Planta 1<CHINA, REPUBLICA POPULAR>FABRICANTE) +  (Jiangsu Lanfeng Biochemical Co. Ltd - Planta 2 Suhua<CHINA, REPUBLICA POPULAR>FABRICANTE) +  (Jiangsu Corechem Co. Ltd.<CHINA, REPUBLICA POPULAR>FABRICANTE);I;III
TC00621;Hexazinona Técnico UPL;hexazinona (triazinona) (980 g/kg);Herbicida;UPL do Brasil Indústria e Comércio de Insumos Agropecuários S.A. - Matriz Ituverava/SP ; (Jiangsu Corechem Co. Ltd.<CHINA, REPUBLICA POPULAR>FABRICANTE);PT;III
7106;Hexazinona Técnico Volcano;hexazinona (triazinona) (980 g/kg);Herbicida;UPL do Brasil Indústria e Comércio de Insumos Agropecuários S.A. - Matriz Ituverava/SP ; (Jiangsu Lanfeng Biochemical Co. Ltd - Planta 2 Suhua<CHINA, REPUBLICA POPULAR>FABRICANTE) +  (Jiangsu Lanfeng Biochemical Co., Ltd. - Planta 1<CHINA, REPUBLICA POPULAR>FABRICANTE);I;III
TC23925;Hexazinona Técnico ZS;hexazinona (triazinona) (980 g/kg);Herbicida;Zhongshan Química do Brasil - Sorocaba/SP; (Jiangsu Lanfeng Biochemical Co., Ltd. - Planta 1<CHINA, REPUBLICA POPULAR>FABRICANTE);PT;III
TC18524;Hexazinone Technical Wynca;hexazinona (triazinona) (980 g/kg);Herbicida;Wynca do Brasil Ltda  São Paulo ; (Jiangsu Corechem Co. Ltd.<CHINA, REPUBLICA POPULAR>FABRICANTE) +  (Ningxia Wynca Technology Co., Ltd.<CHINA, REPUBLICA POPULAR>FABRICANTE);PT;III
5013;Hexazinone Tecnico Agroimport;hexazinona (triazinona) (980 g/L);Herbicida;Agro Import do Brasil Ltda. - Porto Alegre/RS; (Jiangsu Lanfeng Biochemical Co., Ltd. - Planta 1<CHINA, REPUBLICA POPULAR>FABRICANTE);I;III
3713;Hexazinone Tecnico Tide;hexazinona (triazinona) (980 g/kg);Herbicida;Tide do Brasil Ltda - Porto Alegre/RS; (Jiangsu Lanfeng Biochemical Co. Ltd - Planta 2 Suhua<CHINA, REPUBLICA POPULAR>FABRICANTE) +  (Jiangsu Lanfeng Biochemical Co., Ltd. - Planta 1<CHINA, REPUBLICA POPULAR>FABRICANTE);I;III
738499;Hexazinone Técnico;hexazinona (triazinona) (950 g/kg);Herbicida;CTVA Proteção de Cultivos Ltda - Barueri (Tamboré); (Jiangsu Lanfeng Biochemical Co. Ltd - Planta 2 Suhua<CHINA, REPUBLICA POPULAR>FABRICANTE);I;III
6509;Hexazinone Técnico 980 AGCN;hexazinona (triazinona) (980 g/kg);Herbicida;Agriconnection Importadora e Exportadora de Insumos Agrícolas - Barueri/SP; (Jiangsu Lanfeng Biochemical Co., Ltd. - Planta 1<CHINA, REPUBLICA POPULAR>FABRICANTE) +  (Jiangsu Lanfeng Biochemical Co. Ltd - Planta 2 Suhua<CHINA, REPUBLICA POPULAR>FABRICANTE) +  (Jiangsu Corechem Co. Ltd.<CHINA, REPUBLICA POPULAR>FABRICANTE);I;III
2907;Hexazinone Técnico BR;hexazinona (triazinona) (950 g/kg);Herbicida;CTVA Proteção de Cultivos Ltda - Barueri (Tamboré); (Jiangsu Lanfeng Biochemical Co., Ltd. - Planta 1<CHINA, REPUBLICA POPULAR>FABRICANTE);I;III
6109;Hexazinone Técnico Base;hexazinona (triazinona) (979 g/kg);Herbicida;UPL do Brasil Indústria e Comércio de Insumos Agropecuários S.A. - Matriz Ituverava/SP ; (Jiangsu Lanfeng Biochemical Co. Ltd - Planta 2 Suhua<CHINA, REPUBLICA POPULAR>FABRICANTE);I;III
TC02121;Hexazinone Técnico FB;hexazinona (triazinona) (980 g/kg);Herbicida;Agroallianz S.A; (Anhui Guangxin Agrochemical Co., Ltd. - Anhui<CHINA, REPUBLICA POPULAR>FABRICANTE);PT;II
8710;Hexazinone Técnico Prentiss;hexazinona (triazinona) (980 g/kg);Herbicida;Prentiss Química Ltda. - Campo Largo/PR; (Jiangsu Lanfeng Biochemical Co., Ltd. - Planta 1<CHINA, REPUBLICA POPULAR>FABRICANTE) +  (Jiangsu Lanfeng Biochemical Co. Ltd - Planta 2 Suhua<CHINA, REPUBLICA POPULAR>FABRICANTE) +  (Jiangsu Corechem Co. Ltd.<CHINA, REPUBLICA POPULAR>FABRICANTE);I;III
18019;Hexazinone Técnico R II;hexazinona (triazinona) (980 g/kg);Herbicida;Rainbow Defensivos Agrícolas Ltda.- Porto Alegre /RS ; (Jiangsu Lanfeng Biochemical Co. Ltd - Planta 2 Suhua<CHINA, REPUBLICA POPULAR>FABRICANTE) +  (Jiangsu Lanfeng Biochemical Co., Ltd. - Planta 1<CHINA, REPUBLICA POPULAR>FABRICANTE);I;III
21218;Hexazinone Técnico RTM;hexazinona (triazinona) (980 g/kg);Herbicida;Albaugh Agro Brasil Ltda.- São Paulo; (Shangyu Nutrichem Co., Ltd.<CHINA, REPUBLICA POPULAR>FABRICANTE);I;III
35617;Hexazinone Técnico Rainbow;hexazinona (triazinona) (980 g/kg);Herbicida;Rainbow Defensivos Agrícolas Ltda.- Porto Alegre /RS ; (Jiangsu Lanfeng Biochemical Co. Ltd - Planta 2 Suhua<CHINA, REPUBLICA POPULAR>FABRICANTE) +  (Jiangsu Lanfeng Biochemical Co., Ltd. - Planta 1<CHINA, REPUBLICA POPULAR>FABRICANTE) +  (Jiangsu Corechem Co. Ltd.<CHINA, REPUBLICA POPULAR>FABRICANTE) +  (Shandong Weifang Rainbow Chemical Co., Ltd. - Unidade Fabril 01<CHINA, REPUBLICA POPULAR>FABRICANTE);I;III
21618;Hexazinone Técnico Sino-Agri;hexazinona (triazinona) (980 g/kg);Herbicida;Lemma Agronegócios Importação e Exportação Ltda.;;I;III
TC05026;Hexazinone Técnico Syngenta;hexazinona (triazinona) (980 g/kg);Herbicida;Syngenta Proteção de Cultivos Ltda.  São Paulo/SP; (Anhui Guangxin Agrochemical Co., Ltd. - Anhui<CHINA, REPUBLICA POPULAR>FABRICANTE) +  (Jiangsu Corechem Co. Ltd.<CHINA, REPUBLICA POPULAR>FABRICANTE);PT;III
15208;Hexazinone Técnico UPL BR;hexazinona (triazinona) (968.5 g/kg);Herbicida;UPL do Brasil Indústria e Comércio de Insumos Agropecuários S.A. - Matriz Ituverava/SP ;;I;III
19418;Hexitiazoxi Tradecorp Técnico;hexitiazoxi (tiazolidinacarboxamida) (990 g/kg);Acaricida;Ascenza Brasil Ltda - Hortolândia/SP; (Zhejiang Heben Pesticide & Chemicals Co. Ltd.<CHINA, REPUBLICA POPULAR>FABRICANTE);III;II
1608803;Hexythiazox Técnico;hexitiazoxi (tiazolidinacarboxamida) (970 g/kg);Acaricida;Iharabras S.A. Indústria Químicas - Sorocaba;;III;II
4394;Hidrazida Maleica Técnico 970;hidrazida malêica (piridazinadiona) (970 g/kg);Regulador de Crescimento;UPL do Brasil Indústria e Comércio de Insumos Agropecuários S.A. - Matriz Ituverava/SP ; (Lion Copolymer, LLC - Lousianna<ESTADOS UNIDOS>FABRICANTE) +  (ESIM Chemicals GmbH -  Linz <ÁUSTRIA>FABRICANTE);III;III
4009;Hidroxido de Cobre Técnico Isagro;hidróxido de cobre (inorgânico) (921.16 g/kg);Bactericida/Fungicida;Gowan Produtos Agrícolas Ltda. - Matriz Campinas/SP; (Erachem Comilong S.A<BÉLGICA>FABRICANTE);I;II
4209;Hidróxido de Cobre Técnico Oxiquímica;hidróxido de cobre (inorgânico) (904.4 g/kg);Fungicida;Oxiquímica Agrociência Ltda; (Oxiquímica Agrociência Ltda<BRASIL>FABRICANTE) +  (Oxiquímica Agrociência Ltda<BRASIL>FABRICANTE) +  (Oxiquímica Agrociência Ltda<BRASIL>FABRICANTE) +  (Saldeco Sales y Derivados de Cobre SA<PERU>FABRICANTE);I;II
00109;Imazalil Técnico Defensive;imazalil (imidazol) (980 g/kg);Fungicida;AMVAC do Brasil 3P Ltda,; (ICA Internacional Chemical<ÁFRICA DO SUL>FABRICANTE);I;II
8196;Imazamox Técnico;imazamoxi (imidazolinona) (930 g/kg);Herbicida;Basf Agricultural Solutions Brasil Ltda  São Paulo/SP; (Basf Corporation - Hannibal Plant - Missouri<ESTADOS UNIDOS>FABRICANTE);II;II
TC04721;Imazamox Técnico Nortox;imazamoxi (imidazolinona) (980 g/kg);Herbicida;Nortox S.A. - Arapongas; (Weifang Cynda Chemical Co., Ltd.<CHINA, REPUBLICA POPULAR>FABRICANTE);PT;II
TC06426;Imazamox Técnico Rainbow;imazamoxi (imidazolinona) (980 g/kg);Herbicida;Rainbow Defensivos Agrícolas Ltda.- Porto Alegre /RS ; (Shandong Weifang Rainbow Chemical Co., Ltd. - Unidade Fabril 03<CHINA, REPUBLICA POPULAR>FABRICANTE);PT;II
TC21126;Imazamox Técnico Trustchem ;imazamoxi (imidazolinona) (980 g/kg);Herbicida;Trustchem Brazil Agroscience Sociedade Unipessoal Ltda - São Paulo/SP; (Trust Crop Protection Technology Co., Ltd<CHINA, REPUBLICA POPULAR>FABRICANTE);PT;II
TC05421;Imazamoxi Técnico Cropchem;imazamoxi (imidazolinona) (980 g/kg);Herbicida;Cropchem Ltda - Porto Alegre; (Weifang Cynda Chemical Co., Ltd.<CHINA, REPUBLICA POPULAR>FABRICANTE);PT;II
01498;Imazapic Técnico;imazapique (imidazolinona) (950 g/kg);Herbicida;Basf Agricultural Solutions Brasil Ltda  São Paulo/SP; (Jiangsu Flag Chemical Industry Co., Ltd.<CHINA, REPUBLICA POPULAR>FABRICANTE);II;II
05719;Imazapic Técnico Nortox;imazapique (imidazolinona) (980 g/kg);Herbicida;Nortox S.A. - Arapongas; (Weifang Cynda Chemical Co., Ltd.<CHINA, REPUBLICA POPULAR>FABRICANTE);II;II
TC14826;Imazapic Técnico Nortox III;imazapique (imidazolinona) (980 g/kg);Herbicida;Nortox S.A. - Arapongas; (Nortox S.A. - Arapongas<BRASIL>FABRICANTE);PT;II
TC14423;Imazapic Técnico Rainbow;imazapique (imidazolinona) (980 g/kg);Herbicida;Rainbow Defensivos Agrícolas Ltda.- Porto Alegre /RS ; (Shandong Weifang Rainbow Chemical Co., Ltd. - Unidade Fabril 03<CHINA, REPUBLICA POPULAR>FABRICANTE);PT;II
TC04221;Imazapic Técnico SD;imazapique (imidazolinona) (980 g/kg);Herbicida;Sharda do Brasil Comércio de Produtos Químicos e Agroquímicos LTDA; (Weifang Cynda Chemical Co., Ltd.<CHINA, REPUBLICA POPULAR>FABRICANTE);PT;II
7513;Imazapic Técnico UPL;imazapique (imidazolinona) (97.15 g/kg);Herbicida;UPL do Brasil Indústria e Comércio de Insumos Agropecuários S.A. - Matriz Ituverava/SP ; (UPL Limited - Vapi<ÍNDIA>FABRICANTE);II;II
13416;Imazapic Técnico UPL BR;imazapique (imidazolinona) (980 g/kg);Herbicida;UPL do Brasil Indústria e Comércio de Insumos Agropecuários S.A. - Matriz Ituverava/SP ; (Shandong Cynda Chemical Co. LTD<CHINA, REPUBLICA POPULAR>FABRICANTE);II;II
05519;Imazapique Técnico Adama;imazapique (imidazolinona) (980 g/kg);Herbicida;Adama Brasil S.A.- Londrina/PR; (Weifang Cynda Chemical Co., Ltd.<CHINA, REPUBLICA POPULAR>FABRICANTE);II;II
TC15226;Imazapique Técnico Brilliance I;imazapique (imidazolinona) (980 g/kg);Herbicida;Brilliance Produtos Agrícolas Ltda; (Weifang Cynda Chemical Co., Ltd.<CHINA, REPUBLICA POPULAR>FABRICANTE) +  (Liaoning Cynda Chemical Co. Ltd.<CHINA, REPUBLICA POPULAR>FABRICANTE);PT;II
05619;Imazapique Técnico Cropchem ;imazapique (imidazolinona) (980 g/kg);Herbicida;Cropchem Ltda - Porto Alegre;;II;II
08119;Imazapique Técnico Mil;imazapique (imidazolinona) (965 g/kg);Herbicida;Adama Brasil S.A.- Londrina/PR; (Adama Agricultural Solutions Ltd. - Ashdod <ISRAEL>FABRICANTE);II;II
21217;Imazapique Técnico Milenia;imazapique (imidazolinona) (965 g/kg);Herbicida;Adama Brasil S.A.- Londrina/PR; (Adama Brasil S.A.- Londrina/PR<BRASIL>FABRICANTE);II;II
TC31425;Imazapique Técnico ZS;imazapique (imidazolinona) (980 g/kg);Herbicida;Zhongshan Química do Brasil - Sorocaba/SP; (Weifang Cynda Chemical Co., Ltd.<CHINA, REPUBLICA POPULAR>FABRICANTE);PT;III
26619;Imazapir Técnico Adama;imazapir (imidazolinona) (980 g/kg);Herbicida;Adama Brasil S.A.- Londrina/PR; (Weifang Cynda Chemical Co., Ltd.<CHINA, REPUBLICA POPULAR>FABRICANTE);I;III
TC07824;Imazapir Técnico Brilliance I;imazapir (imidazolinona) (980 g/kg);Herbicida;Brilliance Produtos Agrícolas Ltda; (Weifang Cynda Chemical Co., Ltd.<CHINA, REPUBLICA POPULAR>FABRICANTE);PT;III
26719;Imazapir Técnico Cropchem;imazapir (imidazolinona) (980 g/kg);Herbicida;Cropchem Ltda - Porto Alegre; (Weifang Cynda Chemical Co., Ltd.<CHINA, REPUBLICA POPULAR>FABRICANTE);I;III
9413;Imazapir Técnico Milenia;imazapir (imidazolinona) (960 g/kg);Herbicida;Adama Brasil S.A.- Londrina/PR; (Adama Agricultural Solutions Ltd. - Ashdod <ISRAEL>FABRICANTE);I;III
26519;Imazapir Técnico Nortox;imazapir (imidazolinona) (980 g/kg);Herbicida;Nortox S.A. - Arapongas; (Weifang Cynda Chemical Co., Ltd.<CHINA, REPUBLICA POPULAR>FABRICANTE);I;III
TC03924;Imazapir Técnico Rainbow;imazapir (imidazolinona) (980 g/kg);Herbicida;Rainbow Defensivos Agrícolas Ltda.- Porto Alegre /RS ; (Shandong Weifang Rainbow Chemical Co., Ltd. - Unidade Fabril 01<CHINA, REPUBLICA POPULAR>FABRICANTE);PT;III
TC19026;Imazapir Técnico Tecnomyl;imazapir (imidazolinona) (980 g/kg);Herbicida;Tecnomyl Brasil Distribuidora de Produtos Agrícolas Ltda - Foz do Iguaçu; (Liaoning Cynda Chemical Co. Ltd.<CHINA, REPUBLICA POPULAR>FABRICANTE);PT;III
TC01224;Imazapir Técnico ZS;imazapir (imidazolinona) (980 g/kg);Herbicida;Zhongshan Química do Brasil - Sorocaba/SP; (Weifang Cynda Chemical Co., Ltd.<CHINA, REPUBLICA POPULAR>FABRICANTE);PT;III
26819;Imazapyr Técnico Rotam ;imazapir (imidazolinona) (980 g/kg);Herbicida;Albaugh Agro Brasil Ltda.- São Paulo; (Weifang Cynda Chemical Co., Ltd.<CHINA, REPUBLICA POPULAR>FABRICANTE);I;III
TC02524;Imazapyr Técnico SD;imazapir (imidazolinona) (980 g/kg);Herbicida;Sharda do Brasil Comércio de Produtos Químicos e Agroquímicos LTDA; (Weifang Cynda Chemical Co., Ltd.<CHINA, REPUBLICA POPULAR>FABRICANTE);PT;III
4005;Imazaquim Técnico Basf;imazaquim (imidazolinona) (950 g/kg);Herbicida;Basf Agricultural Solutions Brasil Ltda  São Paulo/SP; (Servatis S.A., Massa Falida da Sociedade Empresaria <BRASIL>FABRICANTE) +  (Basf Corporation - Hannibal Plant - Missouri<ESTADOS UNIDOS>FABRICANTE);III;III
10301;Imazaquim Técnico Nortox;imazaquim (imidazolinona) (940 g/kg);Herbicida;Nortox S.A. - Arapongas; (Nortox S.A. - Arapongas<BRASIL>FABRICANTE);III;III
1408691;Imazaquin Técnico;imazaquim (imidazolinona) (928 g/kg);Herbicida;Basf Agricultural Solutions Brasil Ltda  São Paulo/SP; (Servatis S.A., Massa Falida da Sociedade Empresaria <BRASIL>FABRICANTE);III;III
20218;Imazetapir C Técnico Helm;imazetapir (imidazolinona) (980 g/kg);Herbicida;Helm do Brasil Mercantil - São Paulo/SP; (Shandong Cynda Chemical Co. LTD<CHINA, REPUBLICA POPULAR>FABRICANTE);II;III
43218;Imazetapir N Técnico Helm;imazetapir (imidazolinona) (970 g/kg);Herbicida;Helm do Brasil Mercantil - São Paulo/SP; (Yancheng South Chemical Co, Ltd<CHINA, REPUBLICA POPULAR>FABRICANTE);II;III
43018;Imazetapir Sapec Técnico.;imazetapir (imidazolinona) (975 g/kg);Herbicida;Agroallianz S.A;;II;III
08019;Imazetapir Tecnico CCAB;imazetapir (imidazolinona) (970 g/kg);Herbicida;CCAB Agro S.A.   São Paulo; (Yancheng South Chemical Co, Ltd<CHINA, REPUBLICA POPULAR>FABRICANTE) +  (Shandong Cynda Chemical Co. LTD<CHINA, REPUBLICA POPULAR>FABRICANTE);II;III
10417;Imazetapir Tecnico Rainbow;imazetapir (imidazolinona) (980 g/kg);Herbicida;Rainbow Defensivos Agrícolas Ltda.- Porto Alegre /RS ; (Shandong Weifang Rainbow Chemical Co., Ltd. - Unidade Fabril 01<CHINA, REPUBLICA POPULAR>FABRICANTE);II;III
05613;Imazetapir Tecnico Sumitomo BR;imazetapir (imidazolinona) (970 g/kg);Herbicida;Sumitomo Chemical Brasil Indústria Química S.A. - Maracanaú/CE; (Yancheng South Chemical Co, Ltd<CHINA, REPUBLICA POPULAR>FABRICANTE);II;III
07404;Imazetapir Técnico;imazetapir (imidazolinona) (900 g/kg);Herbicida;Basf Agricultural Solutions Brasil Ltda  São Paulo/SP; (Basf Corporation - Hannibal Plant - Missouri<ESTADOS UNIDOS>FABRICANTE) +  (Shenyang Sciencreat Chemicals Co.,Ltd.<CHINA, REPUBLICA POPULAR>FABRICANTE) +  (Basf Corporation - Beumont Texas<ESTADOS UNIDOS>FABRICANTE) +  (IPESA S. A.<ARGENTINA>FABRICANTE) +  (Weifang Cynda Chemical Co., Ltd.<CHINA, REPUBLICA POPULAR>FABRICANTE) +  (Weifang Cynda Chemical Co., Ltd.<CHINA, REPUBLICA POPULAR>FABRICANTE);II;III
10517;Imazetapir Técnico Adama;imazetapir (imidazolinona) (980 g/kg);Herbicida;Adama Brasil S.A.- Londrina/PR; (Shandong Weifang Rainbow Chemical Co., Ltd. - Unidade Fabril 02<CHINA, REPUBLICA POPULAR>FABRICANTE);II;III
20118;Imazetapir Técnico Adama BR ;imazetapir (imidazolinona) (980 g/kg);Herbicida;Adama Brasil S.A.- Londrina/PR; (Shandong Cynda Chemical Co. LTD<CHINA, REPUBLICA POPULAR>FABRICANTE);II;III
21418;Imazetapir Técnico Alta;imazetapir (imidazolinona) (980 g/kg);Herbicida;ALTA - America Latina Tecnologia Agrícola Ltda.- Curitiba; (Shandong Cynda Chemical Co. LTD<CHINA, REPUBLICA POPULAR>FABRICANTE);II;III
TC12026;Imazetapir Técnico Greenchem;imazetapir (imidazolinona) (980 g/kg);Herbicida;Proregistros Registros de Produtos Ltda - EPP ; (Shanxi Luhai Pesticide Technologies Co., Ltd. <CHINA, REPUBLICA POPULAR>FABRICANTE);PT;III
43118;Imazetapir Técnico Mil;imazetapir (imidazolinona) (970 g/kg);Herbicida;Adama Brasil S.A.- Londrina/PR; (Yancheng South Chemical Co, Ltd<CHINA, REPUBLICA POPULAR>FABRICANTE);II;III
10001;Imazetapir Técnico Nortox;imazetapir (imidazolinona) (960 g/kg);Herbicida;Nortox S.A. - Arapongas; (Nortox S.A. - Arapongas<BRASIL>FABRICANTE) +  (Shandong Cynda Chemical Co. LTD<CHINA, REPUBLICA POPULAR>FABRICANTE) +  (Zibo Nab Agrochemicals Limited - Zibo<CHINA, REPUBLICA POPULAR>FABRICANTE);III;III
35618;Imazetapir Técnico Nortox BR;imazetapir (imidazolinona) (975 g/kg);Herbicida;Nortox S.A. - Arapongas; (Jiangsu Flag Chemical Industry Co., Ltd.<CHINA, REPUBLICA POPULAR>FABRICANTE);II;III
43318;Imazetapir Técnico Proventis;imazetapir (imidazolinona) (970 g/kg);Herbicida;Proventis Lifescience Defensivos Agrícolas Ltda; (Yancheng South Chemical Co, Ltd<CHINA, REPUBLICA POPULAR>FABRICANTE) +  (Adama Brasil S.A. - Taquari<BRASIL>FABRICANTE) +  (Hangzhou Nutrichem Company Limited <CHINA, REPUBLICA POPULAR>FABRICANTE);II;III
21518;Imazetapir Técnico SCY-CropChem;imazetapir (imidazolinona) (980 g/kg);Herbicida;Cropchem Ltda - Porto Alegre; (Shandong Cynda Chemical Co. LTD<CHINA, REPUBLICA POPULAR>FABRICANTE) +  (Zibo Nab Agrochemicals Limited - Zibo<CHINA, REPUBLICA POPULAR>FABRICANTE);II;III
00804;Imazetapir Técnico Sumitomo;imazetapir (imidazolinona) (970 g/kg);Herbicida;Sumitomo Chemical Brasil Indústria Química S.A. - Maracanaú/CE; (Adama Brasil S.A.- Londrina/PR<BRASIL>FABRICANTE) +  (Sumitomo Chemical Brasil Indústria Química S.A. - Maracanaú/CE<BRASIL>FABRICANTE) +  (Sumitomo Chemical Brasil Indústria Química S.A. - Maracanaú/CE<BRASIL>FABRICANTE);III;III
TC24122;Imazetapir Técnico Tide;imazetapir (imidazolinona) (980 g/kg);Herbicida;Tide do Brasil Ltda - Porto Alegre/RS; (Zibo Nab Agrochemicals Limited - Zibo<CHINA, REPUBLICA POPULAR>FABRICANTE);PT;III
TC17425;Imazetapir Técnico UPL BR;imazetapir (imidazolinona) (980 g/kg);Herbicida;UPL do Brasil Indústria e Comércio de Insumos Agropecuários S.A. - Matriz Ituverava/SP ; (Weifang Cynda Chemical Co., Ltd.<CHINA, REPUBLICA POPULAR>FABRICANTE);PT;III
TC00323;Imazetapir Técnico ZS;imazetapir (imidazolinona) (980 g/kg);Herbicida;Zhongshan Química do Brasil - Sorocaba/SP; (Zibo Nab Agrochemicals Limited - Zibo<CHINA, REPUBLICA POPULAR>FABRICANTE);PT;III
TC20325;Imazetapir WC Técnico Helm;imazetapir (imidazolinona) (980 g/kg);Herbicida;Helm do Brasil Mercantil - São Paulo/SP; (Weifang Cynda Chemical Co., Ltd.<CHINA, REPUBLICA POPULAR>FABRICANTE);PT;III
TC08922;Imazetapir Z Técnico Helm;imazetapir (imidazolinona) (980 g/kg);Herbicida;Helm do Brasil Mercantil - São Paulo/SP; (Zibo Nab Agrochemicals Limited - Zibo<CHINA, REPUBLICA POPULAR>FABRICANTE);PT;III
20018;Imazethapir Técnico Solus;imazetapir (imidazolinona) (980 g/kg);Herbicida;Solus do Brasil Ltda. - Apucarana/PR- Parque Industrial ; (Shandong Cynda Chemical Co. LTD<CHINA, REPUBLICA POPULAR>FABRICANTE);II;III
14112;Imazethapyr Tecnico Avgust;imazetapir (imidazolinona) (980 g/kg);Herbicida;Avgust Crop Protection Importação e Exportação Ltda.; (Changzhou August Agrochem Company Limited<CHINA, REPUBLICA POPULAR>FABRICANTE) +  (Jiangsu Agrochem Laboratory Co., Ltd - Changzhou <CHINA, REPUBLICA POPULAR>FABRICANTE);II;III
TC14421;Imazethapyr Técnico 980 AGCN;imazetapir (imidazolinona) (980 g/kg);Herbicida;Agriconnection Importadora e Exportadora de Insumos Agrícolas - Barueri/SP; (Zibo Nab Agrochemicals Limited - Zibo<CHINA, REPUBLICA POPULAR>FABRICANTE);PT;III
TC15526;Imazethapyr Técnico Brilliance;imazetapir (imidazolinona) (980 g/kg);Herbicida;Brilliance Produtos Agrícolas Ltda; (Weifang Cynda Chemical Co., Ltd.<CHINA, REPUBLICA POPULAR>FABRICANTE) +  (Liaoning Cynda Chemical Co. Ltd.<CHINA, REPUBLICA POPULAR>FABRICANTE);PT;III
TC27625;Imazethapyr Técnico Brilliance II;imazetapir (imidazolinona) (980 g/kg);Herbicida;Brilliance Produtos Agrícolas Ltda;;PT;III
37918;Imazethapyr Técnico Imazet;imazetapir (imidazolinona) (975 g/kg);Herbicida;Biorisk - Assessoria e Comércio de Produtos Agrícolas Ltda.; (Jiangsu Flag Chemical Industry Co., Ltd.<CHINA, REPUBLICA POPULAR>FABRICANTE);II;III
TC15021;Imazethapyr Técnico SD;imazetapir (imidazolinona) (980 g/kg);Herbicida;Sharda do Brasil Comércio de Produtos Químicos e Agroquímicos LTDA; (Zibo Nab Agrochemicals Limited - Zibo<CHINA, REPUBLICA POPULAR>FABRICANTE);PT;II
10506;Imazethapyr Técnico UPL;imazetapir (imidazolinona) (980 g/kg);Herbicida;UPL do Brasil Indústria e Comércio de Insumos Agropecuários S.A. - Matriz Ituverava/SP ;;IV;III
TC07624;Imazethapyr Técnico XF ;imazetapir (imidazolinona) (980 g/kg);Herbicida;Biorisk - Assessoria e Comércio de Produtos Agrícolas Ltda.; (Zibo Nab Agrochemicals Limited - Zibo<CHINA, REPUBLICA POPULAR>FABRICANTE);PT;III
2609;Imidacloprid 97 Técnico Helm;imidacloprido (neonicotinóide) (970 g/kg);Inseticida;Helm do Brasil Mercantil - São Paulo/SP; (Jiangsu Changlong Chemicals Co., Ltd<CHINA, REPUBLICA POPULAR>FABRICANTE);III;II
12119;Imidacloprid H Técnico Helm;imidacloprido (neonicotinóide) (980 g/kg);Inseticida;Helm do Brasil Mercantil - São Paulo/SP; (Hailir Pesticides and Chemicals Group Co., Ltd.<CHINA, REPUBLICA POPULAR>FABRICANTE);II;III
3215;Imidacloprid Tecnico Avgust;imidacloprido (neonicotinóide) (970 g/kg);Inseticida;Avgust Crop Protection Importação e Exportação Ltda.; (Changzhou August Agrochem Company Limited<CHINA, REPUBLICA POPULAR>FABRICANTE);II;III
6512;Imidacloprid Tecnico Cheminova;imidacloprido (neonicotinóide) (980 g/kg);Inseticida;FMC Química do Brasil Ltda. - Campinas/SP; (Cheminova  A/S - Harboore<DINAMARCA>FABRICANTE) +  (Jiangsu Yangnong Chemical Co. Ltd<CHINA, REPUBLICA POPULAR>FABRICANTE) +  (Jiangsu Ruixiang Cheinical Co., Ltd.<CHINA, REPUBLICA POPULAR>FABRICANTE);II;III
24217;Imidacloprid Técnico Agroimport;imidacloprido (neonicotinóide) (970 g/kg);Inseticida;Agro Import do Brasil Ltda. - Porto Alegre/RS; (Hebei Veyong Bio-Chemical CO., Ltd<CHINA, REPUBLICA POPULAR>FABRICANTE);II;II
24817;Imidacloprid Técnico Agroqualita SNB;imidacloprido (neonicotinóide) (980 g/kg);Inseticida;Sipcam Nichino Brasil S.A. - Uberaba/MG;;II;II
TC14522;Imidacloprid Técnico CCAB III;imidacloprido (neonicotinóide) (970 g/kg);Inseticida;CCAB Agro S.A.   São Paulo; (Hailir Pesticides and Chemicals Group Co., Ltd.<CHINA, REPUBLICA POPULAR>FABRICANTE) +  (Lianyungang Avilive Chemical Co, Ltd. - Jiangsu <CHINA, REPUBLICA POPULAR>FABRICANTE) +  (Jiangsu Fengshang Group Co. Ltd<CHINA, REPUBLICA POPULAR>FABRICANTE) +  (Nanjing Red Sun Co., Ltd<CHINA, REPUBLICA POPULAR>FABRICANTE);PT;III
TC14422;Imidacloprid Técnico CCAB IV;imidacloprido (neonicotinóide) (970 g/kg);Inseticida;CCAB Agro S.A.   São Paulo; (Lianyungang Avilive Chemical Co, Ltd. - Jiangsu <CHINA, REPUBLICA POPULAR>FABRICANTE) +  (Hebei Yetian Agrochemicals CO. Ltd.<CHINA, REPUBLICA POPULAR>FABRICANTE);PT;III
TC14322;Imidacloprid Técnico CCAB V;imidacloprido (neonicotinóide) (970 g/kg);Inseticida;CCAB Agro S.A.   São Paulo; (Lianyungang Avilive Chemical Co, Ltd. - Jiangsu <CHINA, REPUBLICA POPULAR>FABRICANTE) +  (Hebei Yetian Agrochemicals CO. Ltd.<CHINA, REPUBLICA POPULAR>FABRICANTE);PT;III
TC08720;Imidacloprid Técnico CHD'S;imidacloprido (neonicotinóide) (980 g/kg);Inseticida;CHDS do Brasil Comércio de Insumos Agrícolas Ltda - São Miguel do Iguaçu/PR   ; (Qingdao Hailir Pesticides and Chemicals<CHINA, REPUBLICA POPULAR>FABRICANTE);PT;III
TC00721;Imidacloprid Técnico FB;imidacloprido (neonicotinóide) (980 g/kg);Inseticida;Agroallianz S.A; (Nanjing Red Sun Co., Ltd<CHINA, REPUBLICA POPULAR>FABRICANTE);PT;III
TC18722;Imidacloprid Técnico Globachem;imidacloprido (neonicotinóide) (980 g/kg);Inseticida;Globachem Proteção de Cultivos do Brasil Ltda. - Campinas/SP; (Jiangsu Yangnong Chemical Co. Ltd<CHINA, REPUBLICA POPULAR>FABRICANTE);PT;III
TC04622;Imidacloprid Técnico NGC;imidacloprido (neonicotinóide) (980 g/kg);Inseticida;NGC Agrosciences Brasil Ltda - Botucatu/SP; (Nanjing Red Sun Co., Ltd<CHINA, REPUBLICA POPULAR>FABRICANTE);PT;III
12311;Imidacloprid Técnico Nortox;imidacloprido (neonicotinóide) (970 g/kg);Inseticida;Nortox S.A. - Arapongas; (Hebei Veyong Bio-Chemical CO., Ltd<CHINA, REPUBLICA POPULAR>FABRICANTE) +  (Hebei Yetian Agrochemicals CO. Ltd.<CHINA, REPUBLICA POPULAR>FABRICANTE) +  (Hebei Veyong Bio-Chemical CO., Ltd<CHINA, REPUBLICA POPULAR>FABRICANTE) +  (Nanjing Red Sun Co., Ltd<CHINA, REPUBLICA POPULAR>FABRICANTE) +  (Ningxia Ruitai Technology Co. Ltd.<CHINA, REPUBLICA POPULAR>FABRICANTE);II;II
TC19622;Imidacloprid Técnico Nortox BR;imidacloprido (neonicotinóide) (980 g/kg);Inseticida;Nortox S.A. - Arapongas; (Nortox S.A. - Arapongas<BRASIL>FABRICANTE);PT;III
TC16322;Imidacloprid Técnico Proventis;imidacloprido (neonicotinóide) (980 g/kg);Inseticida;Proventis Lifescience Defensivos Agrícolas Ltda; (Jiangsu Fengshang Group Co. Ltd<CHINA, REPUBLICA POPULAR>FABRICANTE) +  (Jiangsu Yangnong Chemical Co. Ltd<CHINA, REPUBLICA POPULAR>FABRICANTE) +  (Ningxia Ruitai Technology Co. Ltd.<CHINA, REPUBLICA POPULAR>FABRICANTE);PT;III
TC05022;Imidacloprid Técnico RDB;imidacloprido (neonicotinóide) (970 g/kg);Inseticida;Albaugh Agro Brasil Ltda.- São Paulo; (Hebei Yetian Agrochemicals CO. Ltd.<CHINA, REPUBLICA POPULAR>FABRICANTE);I;I
TC05722;Imidacloprid Técnico Sino- Agri;imidacloprido (neonicotinóide) (970 g/kg);Inseticida;Lemma Agronegócios Importação e Exportação Ltda.; (Hebei Yetian Agrochemicals CO. Ltd.<CHINA, REPUBLICA POPULAR>FABRICANTE) +  (Hailir Pesticides and Chemicals Group Co., Ltd.<CHINA, REPUBLICA POPULAR>FABRICANTE);PT;III
07819;Imidacloprid Técnico Sulphur Mills;imidacloprido (neonicotinóide) (980 g/kg);Inseticida;SM Agrocare Brasil Importação Comércio e Serviços Agrícolas Ltda; (Hailir Pesticides and Chemicals Group Co., Ltd.<CHINA, REPUBLICA POPULAR>FABRICANTE);II;III
TC05322;Imidacloprid Técnico Sulphur Mills II;imidacloprido (neonicotinóide) (970 g/kg);Inseticida;SM Agrocare Brasil Importação Comércio e Serviços Agrícolas Ltda; (Hebei Yetian Agrochemicals CO. Ltd.<CHINA, REPUBLICA POPULAR>FABRICANTE);PT;III
7204;Imidacloprid Técnico Sumitomo;imidacloprido (neonicotinóide) (950 g/kg);Inseticida;Sumitomo Chemical Brasil Indústria Química S.A. - Maracanaú/CE; (Lianyungang Avilive Chemical Co, Ltd. - Jiangsu <CHINA, REPUBLICA POPULAR>FABRICANTE) +  (Sumitomo Chemical Brasil Indústria Química S.A. - Maracanaú/CE<BRASIL>FABRICANTE);III;II
4108;Imidacloprid Técnico UPL;imidacloprido (neonicotinóide) (970 g/kg);Inseticida;UPL do Brasil Indústria e Comércio de Insumos Agropecuários S.A. - Matriz Ituverava/SP ; (UPL Limited - Jhagadia<ÍNDIA>FABRICANTE);III;III
23117;Imidacloprid Técnico UPL BR;imidacloprido (neonicotinóide) (970 g/kg);Inseticida;UPL do Brasil Indústria e Comércio de Insumos Agropecuários S.A. - Matriz Ituverava/SP ; (UPL Limited - Unit 2 - Akleshwar<ÍNDIA>FABRICANTE);II;III
24717;Imidacloprid Técnico UPL Brasil;imidacloprido (neonicotinóide) (975.22 g/kg);Inseticida;UPL do Brasil Indústria e Comércio de Insumos Agropecuários S.A. - Matriz Ituverava/SP ; (Adama Ltd. (Planta 1)  <CHINA, REPUBLICA POPULAR>FABRICANTE);II;III
TC18126;Imidacloprid Técnico Wynca;imidacloprido (neonicotinóide) (980 g/kg);Inseticida;Proregistros Registros de Produtos Ltda - EPP ; (Ningxia Ruitai Technology Co. Ltd.<CHINA, REPUBLICA POPULAR>FABRICANTE);PT;III
00412;Imidaclopride Técnico Milenia;imidacloprido (neonicotinóide) (975 g/kg);Inseticida;Adama Brasil S.A.- Londrina/PR; (Jiangsu Yangnong Chemical Co. Ltd<CHINA, REPUBLICA POPULAR>FABRICANTE);II;III
15419;Imidaclopride Técnico Tide;imidacloprido (neonicotinóide) (982.2 g/kg);Inseticida;Tide do Brasil Ltda - Porto Alegre/RS; (Jiangsu Chemspec Agrochemical Corporation- Jiangyan<CHINA, REPUBLICA POPULAR>FABRICANTE);II;III
TC07422;Imidacloprido Hy Técnico Helm;imidacloprido (neonicotinóide) (970 g/kg);Inseticida;Helm do Brasil Mercantil - São Paulo/SP; (Hebei Yetian Agrochemicals CO. Ltd.<CHINA, REPUBLICA POPULAR>FABRICANTE);PT;III
40318;Imidacloprido Tecnico Hailir;imidacloprido (neonicotinóide) (980 g/kg);Inseticida;Hailir Brasil Defensivos Agricolas Ltda - São Paulo/SP; (Hailir Pesticides and Chemicals Group Co., Ltd.<CHINA, REPUBLICA POPULAR>FABRICANTE);II;II
15712;Imidacloprido Tradecorp Técnico ;imidacloprido (neonicotinóide) (980 g/kg);Inseticida;Ascenza Brasil Ltda - Hortolândia/SP; (Jiangsu Changging Agrochemical Co. Ltd.- Jiangdu<CHINA, REPUBLICA POPULAR>FABRICANTE) +  (Weifang Sino-Agri Union Chemical Co., Ltd.<CHINA, REPUBLICA POPULAR>FABRICANTE);II;II
TC10820;Imidacloprido Técnico Adama;imidacloprido (neonicotinóide) (980 g/kg);Inseticida;Adama Brasil S.A.- Londrina/PR; (Nanjing Red Sun Co., Ltd<CHINA, REPUBLICA POPULAR>FABRICANTE);PT;II
TC19626;Imidacloprido Técnico Adama 2;imidacloprido (neonicotinóide) (980 g/kg);Inseticida;Adama Brasil S.A.- Londrina/PR; (Ningxia Ruitai Technology Co. Ltd.<CHINA, REPUBLICA POPULAR>FABRICANTE);PT;III
TC04822;Imidacloprido Técnico Adama BR;imidacloprido (neonicotinóide) (970 g/kg);Inseticida;Adama Brasil S.A.- Londrina/PR; (Jiangsu Changqing Biotechnology Co. Ltd.<CHINA, REPUBLICA POPULAR>FABRICANTE);PT;III
41419;Imidacloprido Técnico Agristar;imidacloprido (neonicotinóide) (980 g/kg);Inseticida;Albaugh Agro Brasil Ltda.- São Paulo; (Jiangsu Fengshang Group Co. Ltd<CHINA, REPUBLICA POPULAR>FABRICANTE);PT;III
2115;Imidacloprido Técnico Alta;imidacloprido (neonicotinóide) (980 g/kg);Inseticida;ALTA - America Latina Tecnologia Agrícola Ltda.- Curitiba; (Ningbo Sunjoy Agroscience Co., Ltd.<CHINA, REPUBLICA POPULAR>FABRICANTE);II;III
TC16822;Imidacloprido Técnico Alta II;imidacloprido (neonicotinóide) (970 g/kg);Inseticida;ALTA - America Latina Tecnologia Agrícola Ltda.- Curitiba; (Hebei Yetian Agrochemicals CO. Ltd.<CHINA, REPUBLICA POPULAR>FABRICANTE);PT;III
7410;Imidacloprido Técnico Consagro;imidacloprido (neonicotinóide) (970 g/kg);Inseticida;Albaugh Agro Brasil Ltda.- São Paulo; (Nanjing Red Sun Co., Ltd<CHINA, REPUBLICA POPULAR>FABRICANTE);II;II
TC05622;Imidacloprido Técnico Cropchem;imidacloprido (neonicotinóide) (970 g/kg);Inseticida;Cropchem Ltda - Porto Alegre; (Hebei Yetian Agrochemicals CO. Ltd.<CHINA, REPUBLICA POPULAR>FABRICANTE);PT;III
6712;Imidacloprido Técnico Crystal;imidacloprido (neonicotinóide) (950 g/kg);Inseticida;Crystal Agro Ltda; (Jiangsu Changging Agrochemical Co. Ltd.- Jiangdu<CHINA, REPUBLICA POPULAR>FABRICANTE);II;III
24617;Imidacloprido Técnico D´Verde;imidacloprido (neonicotinóide) (982.2 g/kg);Inseticida;DVerde Comércio, Importação e Exportação Ltda.; (Jiangsu Chemspec Agrochemical Corporation- Jiangyan<CHINA, REPUBLICA POPULAR>FABRICANTE);II;II
23717;Imidacloprido Técnico HS;imidacloprido (neonicotinóide) (980.3 g/kg);Fungicida/Inseticida;AllierBrasil Agro Ltda.; (Zhejiang Hisun Chemical Co., Ltd<CHINA, REPUBLICA POPULAR>FABRICANTE);II;II
13919;Imidacloprido Técnico JC;imidacloprido (neonicotinóide) (970 g/kg);Inseticida;Changqing do Brasil Produtos Agrícolas Ltda; (Jiangsu Changqing Biotechnology Co. Ltd.<CHINA, REPUBLICA POPULAR>FABRICANTE);II;III
47019;Imidacloprido Técnico ME2;imidacloprido (neonicotinóide) (980 g/kg);Inseticida;UPL do Brasil Indústria e Comércio de Insumos Agropecuários S.A. - Matriz Ituverava/SP ; (Jiangsu Fengshang Group Co. Ltd<CHINA, REPUBLICA POPULAR>FABRICANTE);PT;III
TC05222;Imidacloprido Técnico OF;imidacloprido (neonicotinóide) (970 g/kg);Inseticida;Ouro Fino Química S.A. - Uberaba; (Hebei Yetian Agrochemicals CO. Ltd.<CHINA, REPUBLICA POPULAR>FABRICANTE);PT;III
13211;Imidacloprido Técnico Ouro Fino;imidacloprido (neonicotinóide) (980 g/L);Inseticida;Ouro Fino Química S.A. - Uberaba; (Lianyungang Avilive Chemical Co, Ltd. - Jiangsu <CHINA, REPUBLICA POPULAR>FABRICANTE);II;III
TC13020;Imidacloprido Técnico Rainbow ;imidacloprido (neonicotinóide) (980 g/kg);Inseticida;Rainbow Defensivos Agrícolas Ltda.- Porto Alegre /RS ; (Shandong Weifang Rainbow Chemical Co., Ltd. - Unidade Fabril 01<CHINA, REPUBLICA POPULAR>FABRICANTE);PT;III
15219;Imidacloprido Técnico SCB;imidacloprido (neonicotinóide) (980 g/kg);Inseticida;Sumitomo Chemical Brasil Indústria Química S.A. - Maracanaú/CE; (Jiangsu Changqing Biotechnology Co. Ltd.<CHINA, REPUBLICA POPULAR>FABRICANTE);II;III
78101;Imidan Técnico;fosmete (organofosforado) (900 g/kg);Inseticida;Gowan Produtos Agrícolas Ltda. - Matriz Campinas/SP; (TekChem S. A. de C. V. - Guanajuato<MÉXICO>FABRICANTE);II;III
5611;Impessive Técnico Consagro;diflubenzurom (benzoiluréia) (963.6 g/kg);Acaricida/Inseticida;Albaugh Agro Brasil Ltda.- São Paulo; (Jingbo Agrochemicals Technology Co Ltd<CHINA, REPUBLICA POPULAR>FABRICANTE);III;II
1616;Indaziflam Técnico;indaziflam ( Alquilazina) (890 g/kg);Herbicida;Bayer S.A. - São Paulo/ SP; (Bayer AG - Dormagen<ALEMANHA>FABRICANTE) +  (Bayer Cropscience LP - Kansas City - Missouri<ESTADOS UNIDOS>FABRICANTE) +  (Bayer AG -Industriepark Höchst - Frankfurt <ALEMANHA>FABRICANTE);III;III
TC06321;Indoxacarb Tecnico CHDS;indoxacarbe (oxadiazina) (750 g/kg);Cupinicida/Formicida/Inseticida;CHDS do Brasil Comércio de Insumos Agrícolas Ltda - São Miguel do Iguaçu/PR   ; (Anhui Futian Agrochemical Co., Ltd<CHINA, REPUBLICA POPULAR>FABRICANTE);PT;III
TC13821;Indoxacarb Tecnico Sino-Agri;indoxacarbe (oxadiazina) (970 g/kg);Cupinicida/Formicida/Inseticida;Lemma Agronegócios Importação e Exportação Ltda.;;PT;III
2100;Indoxacarb Técnico;indoxacarbe (oxadiazina) (467 g/kg);Inseticida;FMC Química do Brasil Ltda. - Campinas/SP; (FMC Corporation - Mobile Plant - Alabama<ESTADOS UNIDOS>FABRICANTE);I;III
30118;Indoxacarb Técnico CCAB;indoxacarbe (oxadiazina) (467 g/kg);Cupinicida/Formicida/Inseticida;CCAB Agro S.A.   São Paulo; (Gharda Chemical Limited - Lote Plant<ÍNDIA>FABRICANTE);I;III
30218;Indoxacarb Técnico Gharda;indoxacarbe (oxadiazina) (467 g/kg);Cupinicida/Formicida/Inseticida;Gharda do Brasil Soluções Agrícolas Ltda. ; (Gharda Chemical Limited - Lote Plant<ÍNDIA>FABRICANTE);I;III
TC28425;Indoxacarb Técnico IT;indoxacarbe (oxadiazina) (970 g/kg);Cupinicida/Formicida/Inseticida;Yonon Brasil Defensivos Agricolas Ltda; (Yongnong Biosciences Co., Ltd.<CHINA, REPUBLICA POPULAR>FABRICANTE);PT;III
TC12620;Indoxacarb Técnico Jingbo;indoxacarbe (oxadiazina) (875 g/kg);Cupinicida/Formicida/Inseticida;Biorisk - Assessoria e Comércio de Produtos Agrícolas Ltda.; (Jingbo Agrochemicals Technology Co Ltd<CHINA, REPUBLICA POPULAR>FABRICANTE);PT;II
47419;Indoxacarb Técnico RTM;indoxacarbe (oxadiazina) (875 g/kg);Inseticida;Albaugh Agro Brasil Ltda.- São Paulo; (Jingbo Agrochemicals Technology Co Ltd<CHINA, REPUBLICA POPULAR>FABRICANTE);PT;III
TC06221;Indoxacarbe Tecnico FB;indoxacarbe (oxadiazina) (727.5 g/kg);Cupinicida/Formicida/Inseticida;Agroallianz S.A; (Anhui Futian Agrochemical Co., Ltd<CHINA, REPUBLICA POPULAR>FABRICANTE);PT;III
7613;Indoxacarbe Técnico 900;indoxacarbe (oxadiazina) (900 g/kg);Inseticida;FMC Química do Brasil Ltda. - Campinas/SP; (FMC Corporation - Mobile Plant - Alabama<ESTADOS UNIDOS>FABRICANTE) +  (Jiangsu Jiannong ABA Agrochemical Co., Ltd.<CHINA, REPUBLICA POPULAR>FABRICANTE);III;III
27119;Indoxacarbe Técnico Ada;indoxacarbe (oxadiazina) (467 g/kg);Cupinicida/Formicida/Inseticida;Adama Brasil S.A.- Londrina/PR; (Gharda Chemical Limited - Lote Plant<ÍNDIA>FABRICANTE) +  (Adama Agricultural Solutions Ltd. - Beer Sheva<ISRAEL>FABRICANTE) +  (Punjab Chemicals & Crop Protetion Ltd.<ÍNDIA>FABRICANTE);I;II
41919;Indoxacarbe Técnico Adama BR;indoxacarbe (oxadiazina) (875 g/kg);Cupinicida/Formicida/Inseticida;Adama Brasil S.A.- Londrina/PR; (Jingbo Agrochemicals Technology Co Ltd<CHINA, REPUBLICA POPULAR>FABRICANTE);PT;III
TC17226;Indoxacarbe Técnico CN;indoxacarbe (oxadiazina) (960 g/kg);Cupinicida/Formicida/Inseticida;AllierBrasil Agro Ltda.; (Nantong Shizhuang Chemical Co. Ltd<CHINA, REPUBLICA POPULAR>FABRICANTE);PT;III
47319;Indoxacarbe Técnico Cropchem II;indoxacarbe (oxadiazina) (875 g/kg);Inseticida;Cropchem Ltda - Porto Alegre; (Jingbo Agrochemicals Technology Co Ltd<CHINA, REPUBLICA POPULAR>FABRICANTE);PT;III
TC15221;Indoxacarbe Técnico Nortox;indoxacarbe (oxadiazina) (970 g/kg);Cupinicida/Formicida/Inseticida;Nortox S.A. - Arapongas; (Anhui Futian Agrochemical Co., Ltd<CHINA, REPUBLICA POPULAR>FABRICANTE);PT;III
46319;Indoxacarbe Técnico Nortox IV;indoxacarbe (oxadiazina) (875 g/kg);Cupinicida/Formicida/Inseticida;Nortox S.A. - Arapongas; (Jingbo Agrochemicals Technology Co Ltd<CHINA, REPUBLICA POPULAR>FABRICANTE);PT;III
TC09221;Indoxacarbe Técnico Rainbow;indoxacarbe (oxadiazina) (940 g/kg);Inseticida;Rainbow Defensivos Agrícolas Ltda.- Porto Alegre /RS ; (Shandong Weifang Rainbow Chemical Co., Ltd. - Unidade Fabril 02<CHINA, REPUBLICA POPULAR>FABRICANTE);PT;III
TC00926;Indoxacarbe Técnico SOL;indoxacarbe (oxadiazina) (960 g/kg);Cupinicida/Formicida/Inseticida;AllierBrasil Agro Ltda.; (Nantong Shizhuang Chemical Co. Ltd<CHINA, REPUBLICA POPULAR>FABRICANTE);PT;III
TC02220;Indoxacarbe Técnico Sharda;indoxacarbe (oxadiazina) (875 g/kg);Inseticida;Sharda do Brasil Comércio de Produtos Químicos e Agroquímicos LTDA; (Jingbo Agrochemicals Technology Co Ltd<CHINA, REPUBLICA POPULAR>FABRICANTE);PT;III
16019;Indoxacarbe Técnico Sulphur Mills;indoxacarbe (oxadiazina) (467 g/kg);Inseticida;SM Agrocare Brasil Importação Comércio e Serviços Agrícolas Ltda; (Gharda Chemical Limited - Lote Plant<ÍNDIA>FABRICANTE);I;III
16119;Indoxacarbe Técnico Tecnomyl;indoxacarbe (oxadiazina) (467 g/kg);Inseticida;Tecnomyl Brasil Distribuidora de Produtos Agrícolas Ltda - Foz do Iguaçu; (Gharda Chemical Limited - Lote Plant<ÍNDIA>FABRICANTE);I;III
TC17121;Inpyrfluxam Técnico;impirfluxam (carboxamida) (950 g/kg);Fungicida;Sumitomo Chemical Brasil Indústria Química S.A. - Maracanaú/CE; (Sumitomo Chemical CO. Ltd. - Ohita<JAPÃO>FABRICANTE) +  (Bayer AG - Dormagen<ALEMANHA>FABRICANTE) +  (Bayer AG  - Chemiepark Knapsack - Hürth<ALEMANHA>FABRICANTE);Não;II
TC18522;Inscalis Técnico;Afidopiropeno (ácido tetramico ) (925 g/kg);Inseticida;Basf Agricultural Solutions Brasil Ltda  São Paulo/SP; (Basf Agri-Production SAS-Usine d'Elbeuf<FRANÇA>FABRICANTE);*;III
9598;Intrepid Técnico;metoxifenozida (diacilhidrazina) (933 g/kg);Inseticida;CTVA Proteção de Cultivos Ltda - Barueri (Tamboré); (Corteva Agriscience Italia S.r.l. - Mozzanica(Bergamo)<ITÁLIA>FABRICANTE) +  (Yingde Greatchem Chemicals <CHINA, REPUBLICA POPULAR>FABRICANTE);IV;III
00401;Iodosulfuron Técnico;Iodossulfurom-Metílico-Sódico (sulfoniluréia) (870 g/kg);Herbicida;Bayer S.A. - São Paulo/ SP; (Bayer AG -Industriepark Höchst - Frankfurt <ALEMANHA>FABRICANTE) +  (Arxada AG - Visp<SUÍCA>FABRICANTE);I;III
1708702;Ioxynil Octanoato Técnico;ioxinil (benzonitrila) (900 g/kg);Herbicida;Bayer S.A. - São Paulo/ SP; (Bayer  CropScience Ltd - Norwich (Vendida)<REINO UNIDO>FABRICANTE);II;III
7614;Ipconazole Técnico;ipconazol (triazol) (955 g/kg);Fungicida;UPL do Brasil Indústria e Comércio de Insumos Agropecuários S.A. - Matriz Ituverava/SP ; (Wakasa AGC Fine Chemicals CO., LTD.<JAPÃO>FABRICANTE) +  (AGC Wakasa Chemical Co., Ltd.  Plant Kaminaka<JAPÃO>FABRICANTE) +  (Nisso Fine Co. Ltd- Isohara Plant<JAPÃO>FABRICANTE);I;II
18516;Iprodiona Tradecorp Técnico;iprodiona (dicarboximida) (970 g/kg);Fungicida;Ascenza Brasil Ltda - Hortolândia/SP; (Jiangsu Kuaida Agrochemical Co., Ltd<CHINA, REPUBLICA POPULAR>FABRICANTE);IV;III
1418401;Iprodione Técnico;iprodiona (dicarboximida) (950 g/kg);Fungicida;FMC Química do Brasil Ltda. - Campinas/SP; (Basf Agri-Production S.A. - Saint Aubin les Elbeuf<FRANÇA>FABRICANTE) +  (Sinon Corporation - Taiwan<TAIWAN (ILHA FORMOSA)>FABRICANTE);IV;III
TC09426;Iprodione Técnico Ada;iprodiona (dicarboximida) (970 g/kg);Fungicida;Adama Brasil S.A.- Londrina/PR; (Jiangxi Heyi Chemical Co., Ltd.<CHINA, REPUBLICA POPULAR>FABRICANTE);PT;III
27616;Iprodione Técnico Nortox;iprodiona (dicarboximida) (970 g/kg);Fungicida;Nortox S.A. - Arapongas; (Jiangsu Kuaida Agrochemical Co., Ltd<CHINA, REPUBLICA POPULAR>FABRICANTE) +  (Jiangsu Lanfeng Biochemical Co. Ltd - Planta 2 Suhua<CHINA, REPUBLICA POPULAR>FABRICANTE);IV;III
TC09026;Iprodione Técnico Proventis;iprodiona (dicarboximida) (970 g/kg);Fungicida;Proventis Lifescience Defensivos Agrícolas Ltda; (Jiangxi Heyi Chemical Co., Ltd.<CHINA, REPUBLICA POPULAR>FABRICANTE);PT;III
TC02823;Isocycloseram Técnico;Isocicloseram (Isoxazoline) (960 g/kg);Acaricida/Inseticida;Syngenta Proteção de Cultivos Ltda.  São Paulo/SP; (Syngenta Crop Protection Münchwilen AG - Münchwilen<SUÍCA>FABRICANTE) +  (Syngenta Limited - Huddersfield<REINO UNIDO>FABRICANTE) +  (Syngenta Crop Protection AG - Monthey<SUÍCA>FABRICANTE) +  (Deccan Fine Chemicals (India) Private Limited. - Site Goa<ÍNDIA>FABRICANTE);Não;II
TC09921;Isofetamid Técnico ISK;Isofetamida (Fenacilamida) (950 g/kg);Fungicida;ISK Biosciences do Brasil Defensivos Agricolas Ltda; (Ishihara Sangyo Kaisha Ltd. (Fábrica)<JAPÃO>FABRICANTE) +  (Hikal Limited<ÍNDIA>FABRICANTE) +  (Hikal Limited<ÍNDIA>FABRICANTE);Não;II
TC17423;Isoflex Active Técnico;Bixlozona (Clorofenil isoxazolidinonas) (960 g/kg);Herbicida;FMC Química do Brasil Ltda. - Campinas/SP; (Jiangsu Baozong & Baoda - Changjiang Town<CHINA, REPUBLICA POPULAR>FABRICANTE) +  (Cheminova India Ltd. - Gujarat<ÍNDIA>FABRICANTE) +  (Cheminova  A/S - Harboore<DINAMARCA>FABRICANTE);Não;II
TC08425;Isopyrazam Técnico ;Isopirazam (pirazol carboxamida) (955 g/kg);Fungicida;Syngenta Proteção de Cultivos Ltda.  São Paulo/SP; (Syngenta Nantong Crop Protection Limited - Nantong<CHINA, REPUBLICA POPULAR>FABRICANTE) +  (Deccan Fine Chemicals (Índia) Pvt Ltd - Ankleshwar<ÍNDIA>FABRICANTE) +  (Syngenta Crop Protection AG - Monthey<SUÍCA>FABRICANTE) +  (Youjia Crop Protection Co Ltd<CHINA, REPUBLICA POPULAR>FABRICANTE);Não;II
TC05220;Isoxaflutol Tradecorp Técnico;isoxaflutol (isoxazol) (965 g/kg);Herbicida;Ascenza Brasil Ltda - Hortolândia/SP; (Jiangsu Flag Chemical Industry Co., Ltd.<CHINA, REPUBLICA POPULAR>FABRICANTE);PT;II
TC04020;Isoxaflutol Tradecorp Técnico II;isoxaflutol (isoxazol) (955 g/kg);Herbicida;Agroallianz S.A; (Hebei Wanquan Lihua Chemicals Co. Ltd<CHINA, REPUBLICA POPULAR>FABRICANTE);PT;III
TC14621;Isoxaflutol Técnico ADA Brasil;isoxaflutol (isoxazol) (970 g/kg);Herbicida;Adama Brasil S.A.- Londrina/PR; (Oriental (Luzhou) Agrochemicals Co., Ltd.<CHINA, REPUBLICA POPULAR>FABRICANTE);PT;II
TC16523;Isoxaflutol Técnico Ada BR;isoxaflutol (isoxazol) (980 g/kg);Herbicida;Adama Brasil S.A.- Londrina/PR; (Jiangsu Corechem Co. Ltd.<CHINA, REPUBLICA POPULAR>FABRICANTE);PT;II
TC04324;Isoxaflutol Técnico HS-Cropchem;isoxaflutol (isoxazol) (980 g/kg);Herbicida;Cropchem Ltda - Porto Alegre; (Hebei Sanlen Agrochemical Co., Ltd.<CHINA, REPUBLICA POPULAR>FABRICANTE) +  (Jiangsu Corechem Co. Ltd.<CHINA, REPUBLICA POPULAR>FABRICANTE);PT;II
04718;Isoxaflutol Técnico Milenia;isoxaflutol (isoxazol) (955 g/kg);Herbicida;Adama Brasil S.A.- Londrina/PR; (Hebei Wanquan Lihua Chemicals Co. Ltd<CHINA, REPUBLICA POPULAR>FABRICANTE);III;II
TC16923;Isoxaflutol Técnico Nortox;isoxaflutol (isoxazol) (980 g/kg);Herbicida;Nortox S.A. - Arapongas; (Jiangsu Corechem Co. Ltd.<CHINA, REPUBLICA POPULAR>FABRICANTE);PT;II
TC05420;Isoxaflutol Técnico Nortox II;isoxaflutol (isoxazol) (965 g/kg);Herbicida;Nortox S.A. - Arapongas; (Jiangsu Flag Chemical Industry Co., Ltd.<CHINA, REPUBLICA POPULAR>FABRICANTE) +  (Jiangsu Agrochem Laboratory Co., Ltd - Changzhou <CHINA, REPUBLICA POPULAR>FABRICANTE);PT;II
TC02622;Isoxaflutol Técnico Nortox III;isoxaflutol (isoxazol) (980 g/kg);Herbicida;Nortox S.A. - Arapongas; (Hebei Sanlen Agrochemical Co., Ltd.<CHINA, REPUBLICA POPULAR>FABRICANTE);PT;II
TC03224;Isoxaflutol Técnico OF;isoxaflutol (isoxazol) (980 g/kg);Herbicida;Ouro Fino Química S.A. - Uberaba; (Jiangsu Corechem Co. Ltd.<CHINA, REPUBLICA POPULAR>FABRICANTE);PT;II
TC14521;Isoxaflutol Técnico Ola;isoxaflutol (isoxazol) (970 g/kg);Herbicida;Maxunitech do Brasil Ltda;;PT;II
TC05320;Isoxaflutol Técnico Ouro Fino;isoxaflutol (isoxazol) (965 g/kg);Herbicida;Ouro Fino Química S.A. - Uberaba; (Jiangsu Flag Chemical Industry Co., Ltd.<CHINA, REPUBLICA POPULAR>FABRICANTE);PT;II
TC16823;Isoxaflutol Técnico UPL BR;isoxaflutol (isoxazol) (980 g/kg);Herbicida;UPL do Brasil Indústria e Comércio de Insumos Agropecuários S.A. - Matriz Ituverava/SP ; (Jiangsu Corechem Co. Ltd.<CHINA, REPUBLICA POPULAR>FABRICANTE);PT;II
TC14425;Isoxaflutole Técnico ABT;isoxaflutol (isoxazol) (980 g/kg);Herbicida;Agrobeats Defensivos Agrícolas Ltda ; (Wuxi Jiabao Pesticide & Pharmaceutical Co., Ltd.<CHINA, REPUBLICA POPULAR>FABRICANTE);PT;II
13119;Isoxaflutole Técnico Adama;isoxaflutol (isoxazol) (970 g/kg);Herbicida;Adama Brasil S.A.- Londrina/PR; (Shandong Weifang Rainbow Chemical Co., Ltd. - Unidade Fabril 01<CHINA, REPUBLICA POPULAR>FABRICANTE);III;II
TC12824;Isoxaflutole Técnico Adama BR;isoxaflutol (isoxazol) (955 g/kg);Herbicida;Adama Brasil S.A.- Londrina/PR; (Adama Brasil S.A.- Londrina/PR<BRASIL>FABRICANTE);PT;II
TC04623;Isoxaflutole Técnico Adama Brasil;isoxaflutol (isoxazol) (980 g/kg);Herbicida;Adama Brasil S.A.- Londrina/PR; (Shangyu Nutrichem Co., Ltd.<CHINA, REPUBLICA POPULAR>FABRICANTE);PT;II
TC02623;Isoxaflutole Técnico Albaugh;isoxaflutol (isoxazol) (980 g/kg);Herbicida;Albaugh Agro Brasil Ltda.- São Paulo; (Shangyu Nutrichem Co., Ltd.<CHINA, REPUBLICA POPULAR>FABRICANTE);PT;II
TC13925;Isoxaflutole Técnico Basf;isoxaflutol (isoxazol) (965 g/kg);Herbicida;Basf Agricultural Solutions Brasil Ltda  São Paulo/SP; (CABB Oy<FINLÂNDIA>FABRICANTE);PT;II
TC17123;Isoxaflutole Técnico FB;isoxaflutol (isoxazol) (980 g/kg);Herbicida;Agroallianz S.A; (Jiangsu Corechem Co. Ltd.<CHINA, REPUBLICA POPULAR>FABRICANTE);PT;II
TC11726;Isoxaflutole Técnico Perterra;isoxaflutol (isoxazol) (980 g/kg);Herbicida;Perterra Insumos Agropecuários S.A.  São Paulo/SP; (Ningxia Wynca Technology Co., Ltd.<CHINA, REPUBLICA POPULAR>FABRICANTE);PT;II
TC04223;Isoxaflutole Técnico Proventis;isoxaflutol (isoxazol) (980 g/kg);Herbicida;Proventis Lifescience Defensivos Agrícolas Ltda; (Shangyu Nutrichem Co., Ltd.<CHINA, REPUBLICA POPULAR>FABRICANTE);PT;II
11219;Isoxaflutole Técnico Rainbow;isoxaflutol (isoxazol) (970 g/kg);Herbicida;Rainbow Defensivos Agrícolas Ltda.- Porto Alegre /RS ; (Shandong Weifang Rainbow Chemical Co., Ltd. - Unidade Fabril 02<CHINA, REPUBLICA POPULAR>FABRICANTE);III;II
TC18723;Isoxaflutole Técnico Sino-Agri;isoxaflutol (isoxazol) (980 g/kg);Herbicida;Lemma Agronegócios Importação e Exportação Ltda.; (Jiangsu Corechem Co. Ltd.<CHINA, REPUBLICA POPULAR>FABRICANTE);PT;II
TC28825;Isoxaflutole Técnico Tecnomyl;isoxaflutol (isoxazol) (980 g/kg);Herbicida;Tecnomyl Brasil Distribuidora de Produtos Agrícolas Ltda - Foz do Iguaçu; (Xiangshui Zhongshan Bioscience Co. Ltd<CHINA, REPUBLICA POPULAR>FABRICANTE);PT;II
TC12425;Isoxaflutole Técnico Tecnomyl II;isoxaflutol (isoxazol) (980 g/kg);Herbicida;Tecnomyl Brasil Distribuidora de Produtos Agrícolas Ltda - Foz do Iguaçu; (Wuxi Jiabao Pesticide & Pharmaceutical Co., Ltd.<CHINA, REPUBLICA POPULAR>FABRICANTE);PT;II
TC24922;Isoxaflutole Técnico UPL;isoxaflutol (isoxazol) (975 g/kg);Herbicida;UPL do Brasil Indústria e Comércio de Insumos Agropecuários S.A. - Matriz Ituverava/SP ; (UPL Limited - Jhagadia<ÍNDIA>FABRICANTE);PT;II
TC10426;Isoxaflutole Técnico Wynca;isoxaflutol (isoxazol) (980 g/kg);Herbicida;Lemma Agronegócios Importação e Exportação Ltda.; (Ningxia Wynca Technology Co., Ltd.<CHINA, REPUBLICA POPULAR>FABRICANTE);PT;II
694;Juno Técnico;propiconazol (triazol) (880 g/kg);Fungicida;Adama Brasil S.A.- Londrina/PR; (Adama Brasil S.A. - Taquari<BRASIL>FABRICANTE) +  (Adama Brasil S.A.- Londrina/PR<BRASIL>FABRICANTE);II;II
07804;Kabuki Técnico;piraflufem (Fenilpirazol) (956 g/kg);Herbicida;Nichino do Brasil Agroquimicos Ltda. ; (Kumiai Chemical Industry Co. Ltd. - Shizuoka Planta<JAPÃO>FABRICANTE) +  (Yanai Chemical Industry Co. LTD - Yanai Factory<JAPÃO>FABRICANTE) +  (Deccan Fine Chemicals (India) Limited - Andhra Pradesh<ÍNDIA>FABRICANTE);III;IV
4598;Kalif Agricur Técnico;imazaquim (imidazolinona) (950 g/kg);Herbicida;Adama Brasil S.A.- Londrina/PR; (Adama Brasil S.A.- Londrina/PR<BRASIL>FABRICANTE);III;III
128691;Kasumin Técnico;casugamicina (antibiótico) (600 g/kg);Bactericida/Fungicida;UPL do Brasil Indústria e Comércio de Insumos Agropecuários S.A. - Matriz Ituverava/SP ; (Hokko Chemical Indutry CO. LTD. Plant Niigata<JAPÃO>FABRICANTE);III;III
6101;Keshet Agricur Técnico;deltametrina (piretróide) (980 g/kg);Inseticida;Adama Brasil S.A.- Londrina/PR; (Adama Agricultural Solutions Ltd. - Beer Sheva<ISRAEL>FABRICANTE);III;III
TC02225;Kinoprol Técnico ;Ipflufenoquina (quinolina) (980 g/kg);Fungicida;Iharabras S.A. Indústria Químicas - Sorocaba; (Nippon Soda Co., Ltd - Takaoka Plant<JAPÃO>FABRICANTE);Não;III
TC15826;Kresoxim-Methyl Técnico Sino-Agri;cresoxim-metílico (estrobilurina) (980 g/kg);Fungicida;Lemma Agronegócios Importação e Exportação Ltda.; (Jiangsu Corechem Co. Ltd.<CHINA, REPUBLICA POPULAR>FABRICANTE);PT;II
3098;Kresoxim-methyl Técnico;cresoxim-metílico (estrobilurina) (730 g/kg);Fungicida;Basf Agricultural Solutions Brasil Ltda  São Paulo/SP; (Basf S.A.  Guaratinguetá<BRASIL>FABRICANTE);III;II
10117;Lactofem Tecnico Agrilean;lactofem (éter difenílico) (845 g/kg);Herbicida;Agrilean Inputs S.A. - Barueri/SP; (Qingdao Hansen Biologic Science CO., LTD<CHINA, REPUBLICA POPULAR>FABRICANTE);III;III
TC09525;Lactofem Técnico Proventis;lactofem (éter difenílico) (850 g/kg);Herbicida;Proventis Lifescience Defensivos Agrícolas Ltda; (Shangyu Nutrichem Co., Ltd.<CHINA, REPUBLICA POPULAR>FABRICANTE);PT;III
14817;Lactofen Tecnico SUP;lactofem (éter difenílico) (845 g/kg);Herbicida;Sipcam Nichino Brasil S.A. - Uberaba/MG; (Qingdao Hansen Biologic Science CO., LTD<CHINA, REPUBLICA POPULAR>FABRICANTE);III;III
TC09625;Lactofen Técnico CCAB;lactofem (éter difenílico) (850 g/kg);Herbicida;CCAB Agro S.A.   São Paulo; (Shangyu Nutrichem Co., Ltd.<CHINA, REPUBLICA POPULAR>FABRICANTE);PT;III
18808;Lactofen Técnico Mil;lactofem (éter difenílico) (600 g/kg);Herbicida;Adama Brasil S.A.- Londrina/PR; (Adama Agricultural Solutions Ltd. - Ashdod <ISRAEL>FABRICANTE) +  (Adama Brasil S.A. - Taquari<BRASIL>FABRICANTE);III;II
00701;Lactofen Técnico Milenia;lactofem (éter difenílico) (600 g/kg);Herbicida;Adama Brasil S.A.- Londrina/PR; (Adama Brasil S.A. - Taquari<BRASIL>FABRICANTE) +  (Adama Brasil S.A.- Londrina/PR<BRASIL>FABRICANTE);III;II
TC17622;Lambda Cialotrina Técnico MG-BRA;lambda-cialotrina (piretróide) (950 g/kg);Inseticida;BRA Defensivos Agrícolas Ltda - Piracicaba/SP; (Meghmani Organics Ltd. Unit I - Ankleshwar <ÍNDIA>FABRICANTE);PT;I
30018;Lambda Cialotrina Técnico Mil;lambda-cialotrina (piretróide) (960 g/kg);Inseticida;Adama Brasil S.A.- Londrina/PR; (Adama Agricultural Solutions Ltd. - Beer Sheva<ISRAEL>FABRICANTE) +  (Youth Chemical Co. Ltd. - Jiangsu<CHINA, REPUBLICA POPULAR>FABRICANTE);I;I
TC13420;Lambda Cialotrina Técnico Tecnomyl;lambda-cialotrina (piretróide) (980 g/kg);Inseticida;Tecnomyl Brasil Distribuidora de Produtos Agrícolas Ltda - Foz do Iguaçu; (Adama Huifeng (Jiangsu) Ltd.<CHINA, REPUBLICA POPULAR>FABRICANTE);PT;I
5213;Lambda Cyhalothrin Técnico Oxon;lambda-cialotrina (piretróide) (960 g/kg);Inseticida;Oxon Brasil Defensivos Agrícolas Ltda.; (Bharat Rasayan Limited - Unit I - Rohtak <ÍNDIA>FABRICANTE) +  (Youth Chemical Co. Ltd. - Jiangsu<CHINA, REPUBLICA POPULAR>FABRICANTE);I;I
15916;Lambda Cyhalothrin Técnico SYN;lambda-cialotrina (piretróide) (960 g/kg);Inseticida;Syngenta Proteção de Cultivos Ltda.  São Paulo/SP; (Youjia Crop Protection Co Ltd<CHINA, REPUBLICA POPULAR>FABRICANTE) +  (Bharat Rasayan Ltd. - Unit II - Gujarat<ÍNDIA>FABRICANTE);III;I
39819;Lambda Cyhalothrin Técnico Sulphur Mills;lambda-cialotrina (piretróide) (960 g/kg);Inseticida;SM Agrocare Brasil Importação Comércio e Serviços Agrícolas Ltda; (SML Limited  Unit I - Panoli<ÍNDIA>FABRICANTE);PT;I
007807;Lambda Cyhalothrin Técnico UPL;lambda-cialotrina (piretróide) (950 g/kg);Inseticida;UPL do Brasil Indústria e Comércio de Insumos Agropecuários S.A. - Matriz Ituverava/SP ; (UPL Limited - Vapi<ÍNDIA>FABRICANTE);I;I
15308;Lambda Cyhalothrin Técnico UPL AGRO BR;lambda-cialotrina (piretróide) (932.6 g/kg);Inseticida;UPL do Brasil Indústria e Comércio de Insumos Agropecuários S.A. - Matriz Ituverava/SP ; (Jiangsu Yangnong Chemical Co. Ltd<CHINA, REPUBLICA POPULAR>FABRICANTE);I;I
46919;Lambda-Cialotrina Tecnico Alta;lambda-cialotrina (piretróide) (960 g/kg);Inseticida;ALTA - America Latina Tecnologia Agrícola Ltda.- Curitiba; (GSP Crop Science Limited - Navrangpura<ÍNDIA>FABRICANTE);PT;II
06218;Lambda-Cialotrina Tradecorp Tecnico;lambda-cialotrina (piretróide) (970 g/kg);Inseticida;Ascenza Brasil Ltda - Hortolândia/SP; (Jiangsu Chunjiang Runtian Agrochemical Co., Ltd.<CHINA, REPUBLICA POPULAR>FABRICANTE) +  (Hemani Industries Limited - Unit III - Dahej<ÍNDIA>FABRICANTE);I;I
18017;Lambda-Cialotrina Tradecorp Técnico II;lambda-cialotrina (piretróide) (970 g/kg);Inseticida;Solagro Soluções Agrícolas Ltda - São Paulo/SP; (Jiangsu Chunjiang Runtian Agrochemical Co., Ltd.<CHINA, REPUBLICA POPULAR>FABRICANTE);III;I
TC00821;Lambda-Cialotrina Técnica Nortox II;lambda-cialotrina (piretróide) (980 g/kg);Inseticida;Nortox S.A. - Arapongas; (Adama Huifeng (Jiangsu) Ltd.<CHINA, REPUBLICA POPULAR>FABRICANTE);PT;I
TC30525;Lambda-Cialotrina Técnica Nortox III;lambda-cialotrina (piretróide) (960 g/kg);Inseticida;Nortox S.A. - Arapongas; (Guangdong Liwei Chemical Industry Co.,Ltd<CHINA, REPUBLICA POPULAR>FABRICANTE);PT;I
17216;Lambda-Cialotrina Técnico BR;lambda-cialotrina (piretróide) (978 g/kg);Inseticida;Adama Brasil S.A.- Londrina/PR; (Youth Chemical Co. Ltd. - Jiangsu<CHINA, REPUBLICA POPULAR>FABRICANTE);III;I
4309;Lambda-Cialotrina Técnico CCAB;lambda-cialotrina (piretróide) (923.6 g/kg);Inseticida;CCAB Agro S.A.   São Paulo; (Jiangsu Yangnong Chemical Co. Ltd<CHINA, REPUBLICA POPULAR>FABRICANTE);I;I
TC12326;Lambda-Cialotrina Técnico CHD'S II;lambda-cialotrina (piretróide) (970 g/kg);Inseticida;CHDS do Brasil Comércio de Insumos Agrícolas Ltda - São Miguel do Iguaçu/PR   ; (Hemani Industries Limited - Unit III - Dahej<ÍNDIA>FABRICANTE);PT;I
TC17722;Lambda-Cialotrina Técnico CHDS;lambda-cialotrina (piretróide) (950 g/kg);Inseticida;CHDS do Brasil Comércio de Insumos Agrícolas Ltda - São Miguel do Iguaçu/PR   ; (Meghmani Organics Ltd. Unit I - Ankleshwar <ÍNDIA>FABRICANTE);PT;I
14719;Lambda-Cialotrina Técnico IN;lambda-cialotrina (piretróide) (950 g/kg);Inseticida;CHDS do Brasil Comércio de Insumos Agrícolas Ltda - São Miguel do Iguaçu/PR   ; (GSP Crop Science Limited - Navrangpura<ÍNDIA>FABRICANTE);I;I
2713;Lambda-Cialotrina Técnico Ihara;lambda-cialotrina (piretróide) (93.77 g/kg);Inseticida;Iharabras S.A. Indústria Químicas - Sorocaba; (Nanjing Red Sun Co., Ltd<CHINA, REPUBLICA POPULAR>FABRICANTE) +  (Adama Huifeng (Jiangsu) Ltd.<CHINA, REPUBLICA POPULAR>FABRICANTE) +  (Jiangsu Agrochem Laboratory Co., Ltd - Changzhou <CHINA, REPUBLICA POPULAR>FABRICANTE) +  (Insecticides (India) Limited - Rajasthan<ÍNDIA>FABRICANTE) +  (Weifang Maoyuan Biotechnology Co., Ltd.<CHINA, REPUBLICA POPULAR>FABRICANTE);I;I
TC01923;Lambda-Cialotrina Técnico Ihara Bha;lambda-cialotrina (piretróide) (970 g/kg);Inseticida;Iharabras S.A. Indústria Químicas - Sorocaba; (Bharat Rasayan Limited - Unit I - Rohtak <ÍNDIA>FABRICANTE);PT;I
TC18422;Lambda-Cialotrina Técnico Mega ;lambda-cialotrina (piretróide) (950 g/kg);Inseticida;Meghmani Organics Biodefensivos e Agrícolas do Brasil Ltda - Campinas/SP; (Meghmani Organics Ltd. Unit I - Ankleshwar <ÍNDIA>FABRICANTE);PT;I
2714;Lambda-Cialotrina Técnico Milenia;lambda-cialotrina (piretróide) (967 g/kg);Inseticida;Adama Brasil S.A.- Londrina/PR; (Adama Agricultural Solutions Ltd. - Beer Sheva<ISRAEL>FABRICANTE);I;I
TC11123;Lambda-Cialotrina Técnico Nortox;lambda-cialotrina (piretróide) (970 g/kg);Inseticida;Nortox S.A. - Arapongas;;PT;I
TC00923;Lambda-Cialotrina Técnico OF;lambda-cialotrina (piretróide) (970 g/kg);Inseticida;Ouro Fino Química S.A. - Uberaba; (Bharat Rasayan Limited - Unit I - Rohtak <ÍNDIA>FABRICANTE);PT;I
TC17422;Lambda-Cialotrina Técnico Ouro Fino;lambda-cialotrina (piretróide) (950 g/kg);Inseticida;Ouro Fino Química S.A. - Uberaba; (Meghmani Organics Ltd. Unit I - Ankleshwar <ÍNDIA>FABRICANTE);PT;I
TC13520;Lambda-Cialotrina Técnico Pilarquim;lambda-cialotrina (piretróide) (980 g/kg);Inseticida;Pilarquim Br Comercial Ltda.- São Paulo; (Adama Huifeng (Jiangsu) Ltd.<CHINA, REPUBLICA POPULAR>FABRICANTE);PT;I
8010;Lambda-Cialotrina Técnico Sumitomo;lambda-cialotrina (piretróide) (932.7 g/kg);Inseticida;Sumitomo Chemical Brasil Indústria Química S.A. - Maracanaú/CE; (Jiangsu Yangnong Chemical Co. Ltd<CHINA, REPUBLICA POPULAR>FABRICANTE) +  (Bharat Rasayan Limited - Unit I - Rohtak <ÍNDIA>FABRICANTE);I;I
16816;Lambda-Cialotrina Técnico Sumitomo BR;lambda-cialotrina (piretróide) (960 g/kg);Inseticida;Sumitomo Chemical Brasil Indústria Química S.A. - Maracanaú/CE; (Youth Chemical Co. Ltd. - Jiangsu<CHINA, REPUBLICA POPULAR>FABRICANTE) +  (Bharat Rasayan Limited - Unit I - Rohtak <ÍNDIA>FABRICANTE);III;I
4710;Lambda-Cialotrina Técnico Tecnomyl II;lambda-cialotrina (piretróide) (932.6 g/kg);Inseticida;Tecnomyl Brasil Distribuidora de Produtos Agrícolas Ltda - Foz do Iguaçu; (Jiangsu Yangnong Chemical Co. Ltd<CHINA, REPUBLICA POPULAR>FABRICANTE);I;I
06118;Lambda-Cyhalothrin JF Técnico Helm;lambda-cialotrina (piretróide) (975 g/kg);Inseticida;Helm do Brasil Mercantil - São Paulo/SP; (Jiangsu Fengdeng Crop Science Co. Ltd..<CHINA, REPUBLICA POPULAR>FABRICANTE);I;I
8414;Lambda-Cyhalothrin Técnico Avgust;lambda-cialotrina (piretróide) (973.3 g/kg);Fungicida;Avgust Crop Protection Importação e Exportação Ltda.; (Changzhou August Agrochem Company Limited<CHINA, REPUBLICA POPULAR>FABRICANTE);I;I
TC27322;Lambda-Cyhalothrin Técnico Bharat;lambda-cialotrina (piretróide) (970 g/kg);Inseticida;Biorisk - Assessoria e Comércio de Produtos Agrícolas Ltda.; (Bharat Rasayan Limited - Unit I - Rohtak <ÍNDIA>FABRICANTE);PT;I
TC18026;Lambda-Cyhalothrin Técnico Greenchem ;lambda-cialotrina (piretróide) (970 g/kg);Inseticida;Proregistros Registros de Produtos Ltda - EPP ; (Weifang Maoyuan Biotechnology Co., Ltd.<CHINA, REPUBLICA POPULAR>FABRICANTE);PT;I
TC07326;Lambda-Cyhalothrin Técnico Liwei;lambda-cialotrina (piretróide) (960 g/kg);Inseticida;Solagro Soluções Agrícolas Ltda - São Paulo/SP; (Guangdong Liwei Chemical Industry Co.,Ltd<CHINA, REPUBLICA POPULAR>FABRICANTE);PT;I
TC20426;Lambda-Cyhalothrin Técnico MY;lambda-cialotrina (piretróide) (970 g/kg);Inseticida;Biorisk - Assessoria e Comércio de Produtos Agrícolas Ltda.; (Weifang Maoyuan Biotechnology Co., Ltd.<CHINA, REPUBLICA POPULAR>FABRICANTE);PT;I
18117;Lambda-Cyhalothrin Técnico RTM;lambda-cialotrina (piretróide) (970 g/kg);Inseticida;Albaugh Agro Brasil Ltda.- São Paulo; (Jiangsu Chunjiang Runtian Agrochemical Co., Ltd.<CHINA, REPUBLICA POPULAR>FABRICANTE);III;I
TC26722;Lambda-Cyhalothrin Técnico Sino-Agri;lambda-cialotrina (piretróide) (980 g/kg);Inseticida;Lemma Agronegócios Importação e Exportação Ltda.; (Jiangsu Huifeng Bio Agriculture Co. Ltd. - Dafeng<CHINA, REPUBLICA POPULAR>FABRICANTE);PT;I
06906;Lambda-Cyhalotrin 97 Técnico Helm;lambda-cialotrina (piretróide) (970 g/kg);Inseticida;Helm do Brasil Mercantil - São Paulo/SP; (Jiangsu Changlong Chemicals Co., Ltd<CHINA, REPUBLICA POPULAR>FABRICANTE);II;I
TC27422;Lambda-cialotrina Técnico BR-Cropchem;lambda-cialotrina (piretróide) (970 g/kg);Inseticida;Cropchem Ltda - Porto Alegre; (Bharat Rasayan Limited - Unit I - Rohtak <ÍNDIA>FABRICANTE) +  (Jiangsu Huifeng Bio Agriculture Co. Ltd. - Dafeng<CHINA, REPUBLICA POPULAR>FABRICANTE);PT;I
TC16122;Lambda-cialotrina Técnico Rainbow;lambda-cialotrina (piretróide) (965 g/kg);Inseticida;Rainbow Defensivos Agrícolas Ltda.- Porto Alegre /RS ; (Shandong Weifang Rainbow Chemical Co., Ltd. - Unidade Fabril 01<CHINA, REPUBLICA POPULAR>FABRICANTE);PT;I
TC15026;Lambda-cialotrina Técnico ZS;lambda-cialotrina (piretróide) (970 g/kg);Inseticida;Zhongshan Química do Brasil - Sorocaba/SP; (Weifang Maoyuan Biotechnology Co., Ltd.<CHINA, REPUBLICA POPULAR>FABRICANTE);PT;I
42019;Lambda-cyhalothrin Técnico 960 AGCN ;lambda-cialotrina (piretróide) (960 g/kg);Inseticida;Agriconnection Importadora e Exportadora de Insumos Agrícolas - Barueri/SP; (SML Limited - Unit II - Panoli<ÍNDIA>FABRICANTE);PT;I
0668902;Lambdacyhalothrin Técnico ICI;lambda-cialotrina (piretróide) (810 g/kg);Inseticida;Syngenta Proteção de Cultivos Ltda.  São Paulo/SP; (Syngenta Limited - Huddersfield<REINO UNIDO>FABRICANTE);I;II
01808394;Larvin Técnico;tiodicarbe (metilcarbamato de oxima) (930 g/kg);Inseticida;Bayer S.A. - São Paulo/ SP; (Bayer CropScience LP. - Institute, West Virginia<ESTADOS UNIDOS>FABRICANTE) +  (Hunan Haili Chemical Industry<CHINA, REPUBLICA POPULAR>FABRICANTE);II;I
18119;Larvin Técnico BCS;tiodicarbe (metilcarbamato de oxima) (960 g/kg);Inseticida;Bayer S.A. - São Paulo/ SP; (Sinon Corporation - Taiwan<TAIWAN (ILHA FORMOSA)>FABRICANTE) +  (Hunan Haili Chemical Industry<CHINA, REPUBLICA POPULAR>FABRICANTE);II;I
1799;Laser Técnico;benfuracarbe (metilcarbamato de benzofuranila) (900 g/kg);Inseticida;Iharabras S.A. Indústria Químicas - Sorocaba; (OAT Agrio Co. Ltd<JAPÃO>FABRICANTE) +  (Hunan Haili Chemical Industry<CHINA, REPUBLICA POPULAR>FABRICANTE);II;II
1548304;Linurex Agricur Técnico;linurom (uréia) (963 g/kg);Herbicida;Adama Brasil S.A.- Londrina/PR; (Adama Agricultural Solutions Ltd. - Ashdod <ISRAEL>FABRICANTE) +  (Adama Brasil S.A.- Londrina/PR<BRASIL>FABRICANTE) +  (Adama Brasil S.A.- Londrina/PR<BRASIL>FABRICANTE);IV;II
7811;Lufen Técnico;lufenurom (benzoiluréia) (980 g/kg);Acaricida/Inseticida;Sharda do Brasil Comércio de Produtos Químicos e Agroquímicos LTDA; (Zhejiang Sega Science and Technology - Huzhou 02<CHINA, REPUBLICA POPULAR>FABRICANTE);III;III
6116;Lufenurom Tecnico Sumitomo;lufenurom (benzoiluréia) (980 g/kg);Inseticida;Sumitomo Chemical Brasil Indústria Química S.A. - Maracanaú/CE; (Shangyu Nutrichem Co., Ltd.<CHINA, REPUBLICA POPULAR>FABRICANTE);III;III
TC03820;Lufenurom Tradecorp Técnico;lufenurom (benzoiluréia) (980 g/kg);Acaricida/Inseticida;Ascenza Brasil Ltda - Hortolândia/SP; (Rudong Zhongyi Chemical Co., Ltd.<CHINA, REPUBLICA POPULAR>FABRICANTE);PT;III
6016;Lufenurom Técnico Alta;lufenurom (benzoiluréia) (980 g/kg);Inseticida;ALTA - America Latina Tecnologia Agrícola Ltda.- Curitiba; (Shangyu Nutrichem Co., Ltd.<CHINA, REPUBLICA POPULAR>FABRICANTE) +  (Jiangsu Jiannong ABA Agrochemical Co., Ltd.<CHINA, REPUBLICA POPULAR>FABRICANTE);III;III
6416;Lufenurom Técnico ME2;lufenurom (benzoiluréia) (980 g/kg);Acaricida/Inseticida;UPL do Brasil Indústria e Comércio de Insumos Agropecuários S.A. - Matriz Ituverava/SP ; (Shangyu Nutrichem Co., Ltd.<CHINA, REPUBLICA POPULAR>FABRICANTE);III;III
TC25422;Lufenurom Técnico Pilarquim;lufenurom (benzoiluréia) (980 g/kg);Acaricida/Inseticida;Pilarquim Br Comercial Ltda.- São Paulo; (Shijiazhuang Richem Co., Ltd - Zhaoxian<CHINA, REPUBLICA POPULAR>FABRICANTE);PT;III
TC13225;Lufenurom Técnico Rainbow ;lufenurom (benzoiluréia) (980 g/kg);Acaricida/Inseticida;Rainbow Defensivos Agrícolas Ltda.- Porto Alegre /RS ; (Shandong Weifang Rainbow Chemical Co., Ltd. - Unidade Fabril 01<CHINA, REPUBLICA POPULAR>FABRICANTE);PT;III
04418;Lufenurom Técnico SN-Cropchem;lufenurom (benzoiluréia) (980 g/kg);Acaricida/Inseticida;Cropchem Ltda - Porto Alegre; (Ningbo Sunjoy Agroscience Co., Ltd.<CHINA, REPUBLICA POPULAR>FABRICANTE);III;III
07919;Lufenuron Técnico 980 AGCN;lufenurom (benzoiluréia) (980 g/kg);Acaricida/Inseticida;Agriconnection Importadora e Exportadora de Insumos Agrícolas - Barueri/SP; (Ningbo Sunjoy Agroscience Co., Ltd.<CHINA, REPUBLICA POPULAR>FABRICANTE);III;III
TC17424;Lufenuron Técnico Adama;lufenurom (benzoiluréia) (980 g/kg);Inseticida;Adama Brasil S.A.- Londrina/PR; (Lianyungang Hetian Chemical Co., Ltd.<CHINA, REPUBLICA POPULAR>FABRICANTE);PT;III
5604;Lufenuron Técnico BR;lufenurom (benzoiluréia) (960 g/kg);Inseticida;Syngenta Proteção de Cultivos Ltda.  São Paulo/SP; (Syngenta Crop Protection AG - Monthey<SUÍCA>FABRICANTE) +  (Huaian Glory Chemical Co., Ltd.<CHINA, REPUBLICA POPULAR>FABRICANTE);III;III
TC19424;Lufenuron Técnico Biorisk;lufenurom (benzoiluréia) (980 g/kg);Inseticida;Biorisk - Assessoria e Comércio de Produtos Agrícolas Ltda.; (Lianyungang Hetian Chemical Co., Ltd.<CHINA, REPUBLICA POPULAR>FABRICANTE);PT;III
6216;Lufenuron Técnico CCAB II;lufenurom (benzoiluréia) (980 g/kg);Acaricida/Inseticida;CCAB Agro S.A.   São Paulo; (Shangyu Nutrichem Co., Ltd.<CHINA, REPUBLICA POPULAR>FABRICANTE);III;III
TC17824;Lufenuron Técnico CCAB III;lufenurom (benzoiluréia) (970 g/kg);Inseticida;CCAB Agro S.A.   São Paulo; (Lianyungang Hetian Chemical Co., Ltd.<CHINA, REPUBLICA POPULAR>FABRICANTE) +  (Shijiazhuang Richem Co., LTD<CHINA, REPUBLICA POPULAR>FABRICANTE) +  (Jiangsu Fengshang Group Co. Ltd<CHINA, REPUBLICA POPULAR>FABRICANTE) +  (Jingbo Agrochemicals Technology Co Ltd<CHINA, REPUBLICA POPULAR>FABRICANTE);PT;III
TC06324;Lufenuron Técnico CHD'S;lufenurom (benzoiluréia) (980 g/kg);Inseticida;CHDS do Brasil Comércio de Insumos Agrícolas Ltda - São Miguel do Iguaçu/PR   ; (Lianyungang Hetian Chemical Co., Ltd.<CHINA, REPUBLICA POPULAR>FABRICANTE);PT;III
TC23122;Lufenuron Técnico D'Verde;lufenurom (benzoiluréia) (980 g/kg);Acaricida/Inseticida;DVerde Comércio, Importação e Exportação Ltda.; (Shijiazhuang Richem Co., LTD<CHINA, REPUBLICA POPULAR>FABRICANTE);PT;III
TC07726;Lufenuron Técnico Dezhou Luba;lufenurom (benzoiluréia) (980 g/kg);Acaricida/Inseticida;Biorisk - Assessoria e Comércio de Produtos Agrícolas Ltda.; (Dezhou Luba Fine Chemical Co. Ltd<CHINA, REPUBLICA POPULAR>FABRICANTE);PT;III
TC25722;Lufenuron Técnico FB;lufenurom (benzoiluréia) (980 g/kg);Acaricida/Inseticida;Agroallianz S.A; (Shijiazhuang Richem Co., Ltd - Zhaoxian<CHINA, REPUBLICA POPULAR>FABRICANTE);PT;III
TC27222;Lufenuron Técnico Fersol;lufenurom (benzoiluréia) (980 g/kg);Acaricida/Inseticida;Ameribrás Indústria e Comércio Ltda.; (Shijiazhuang Richem Co., Ltd - Zhaoxian<CHINA, REPUBLICA POPULAR>FABRICANTE);PT;III
6616;Lufenuron Técnico Globachem;lufenurom (benzoiluréia) (980 g/kg);Inseticida;Globachem Proteção de Cultivos do Brasil Ltda. - Campinas/SP;;III;III
TC03626;Lufenuron Técnico JN;lufenurom (benzoiluréia) (980 g/kg);Acaricida/Inseticida;Biorisk - Assessoria e Comércio de Produtos Agrícolas Ltda.; (Jiangsu Jiannong ABA Agrochemical Co., Ltd.<CHINA, REPUBLICA POPULAR>FABRICANTE);PT;III
TC04626;Lufenuron Técnico NGC;lufenurom (benzoiluréia) (980 g/kg);Acaricida;Syncrom Assessoria e Comércio de Produtos Agropecuários  Ltda.; (Jiangsu Jiannong ABA Agrochemical Co., Ltd.<CHINA, REPUBLICA POPULAR>FABRICANTE);PT;III
6516;Lufenuron Técnico Nortox BR;lufenurom (benzoiluréia) (980 g/kg);Acaricida/Inseticida;Nortox S.A. - Arapongas; (Dezhou Luba Fine Chemical Co. Ltd<CHINA, REPUBLICA POPULAR>FABRICANTE) +  (Jiangsu Jiannong ABA Agrochemical Co., Ltd.<CHINA, REPUBLICA POPULAR>FABRICANTE);III;III
16918;Lufenuron Técnico Nortox CH;lufenurom (benzoiluréia) (980 g/kg);Inseticida;Nortox S.A. - Arapongas; (Shijiazhuang Baofeng Chemical Co. Ltd - Er Shi Li Pu Town<CHINA, REPUBLICA POPULAR>FABRICANTE);III;III
04518;Lufenuron Técnico Oxon;lufenurom (benzoiluréia) (980 g/kg);Acaricida/Inseticida;Oxon Brasil Defensivos Agrícolas Ltda.; (Ningbo Sunjoy Agroscience Co., Ltd.<CHINA, REPUBLICA POPULAR>FABRICANTE);III;III
TC21726;Lufenuron Técnico Perterra;lufenurom (benzoiluréia) (980 g/kg);Acaricida;Perterra Insumos Agropecuários S.A.  São Paulo/SP; (Jiangsu Jiannong ABA Agrochemical Co., Ltd.<CHINA, REPUBLICA POPULAR>FABRICANTE);PT;III
6316;Lufenuron Técnico Proventis;lufenurom (benzoiluréia) (980 g/kg);Acaricida/Inseticida;Proventis Lifescience Defensivos Agrícolas Ltda; (Shangyu Nutrichem Co., Ltd.<CHINA, REPUBLICA POPULAR>FABRICANTE);III;III
09418;Lufenuron Técnico RI-Cropchem;lufenurom (benzoiluréia) (980 g/kg);Inseticida;Cropchem Ltda - Porto Alegre; (Shijiazhuang Richem Co., Ltd - Zhaoxian<CHINA, REPUBLICA POPULAR>FABRICANTE);III;III
TC06420;Lufenuron Técnico SC;lufenurom (benzoiluréia) (980 g/kg);Acaricida/Inseticida;Biorisk - Assessoria e Comércio de Produtos Agrícolas Ltda.; (Ningbo Sunjoy Agroscience Co., Ltd.<CHINA, REPUBLICA POPULAR>FABRICANTE);PT;III
04318;Lufenuron Técnico SN;lufenurom (benzoiluréia) (980 g/kg);Acaricida/Inseticida;Oxon Brasil Defensivos Agrícolas Ltda.; (Ningbo Sunjoy Agroscience Co., Ltd.<CHINA, REPUBLICA POPULAR>FABRICANTE);III;III
TC23522;Lufenuron Técnico Sino-Agri;lufenurom (benzoiluréia) (980 g/kg);Acaricida/Inseticida;Lemma Agronegócios Importação e Exportação Ltda.; (Shijiazhuang Richem Co., LTD<CHINA, REPUBLICA POPULAR>FABRICANTE);PT;III
TC10620;Lufenuron Técnico Tecnomyl;lufenurom (benzoiluréia) (980 g/kg);Acaricida/Inseticida;Tecnomyl Brasil Distribuidora de Produtos Agrícolas Ltda - Foz do Iguaçu; (Shangyu Nutrichem Co., Ltd.<CHINA, REPUBLICA POPULAR>FABRICANTE);PT;III
1711;Lufenuron Técnico UPL;lufenurom (benzoiluréia) (956 g/kg);Acaricida/Inseticida;UPL do Brasil Indústria e Comércio de Insumos Agropecuários S.A. - Matriz Ituverava/SP ; (Jiangsu Flag Chemical Industry Co., Ltd.<CHINA, REPUBLICA POPULAR>FABRICANTE);III;III
TC17926;Luximo Técnico;Cinmetilina (benzyl ethers) (940 g/kg);Herbicida;Basf S.A.  São Paulo; (Saltigo GmbH- Leverkusen<ALEMANHA>FABRICANTE);I;II
2204;MCPA Ácido Técnico Sumitomo;MCPA (ácido ariloxialcanóico) (940 g/kg);Herbicida;Sumitomo Chemical Brasil Indústria Química S.A. - Maracanaú/CE; (Nufarm Australia Limited - Pipe<AUSTRÁLIA>FABRICANTE) +  (Nufarm UK Limited - Belvedere<REINO UNIDO>FABRICANTE) +  (Nufarm B.V. - Rotterdam<PAÍSES BAIXOS, HOLANDA>FABRICANTE) +  (Nufarm GmbH & CO KG - Linz<ÁUSTRIA>FABRICANTE) +  (Sumitomo Chemical Brasil Indústria Química S.A. - Maracanaú/CE<BRASIL>FABRICANTE);IV;II
4398;MSMA Técnico;MSMA (organoarsênico) (510 g/kg);Herbicida;Luxembourg Brasil Comércio de Produtos Químicos Ltda; (Luxembourg Industries Ltd<ISRAEL>FABRICANTE);II;III
10807;MSMA Técnico Volcano;MSMA (organoarsênico) (561.9 g/kg);Herbicida;UPL do Brasil Indústria e Comércio de Insumos Agropecuários S.A. - Matriz Ituverava/SP ; (Volcano Agroscience (PTY) Ltd.<ÁFRICA DO SUL>FABRICANTE);II;II
3298;Magnate Agricur Técnico;imazalil (imidazol) (985 g/kg);Fungicida;Aruá Comércio e Serviços Ltda - Matão/SP; (Adama Agricultural Solutions Ltd. - Beer Sheva<ISRAEL>FABRICANTE);III;II
39118;Magneto Técnico;amicarbazona (triazolinona) (970 g/kg);Herbicida;Iharabras S.A. Indústria Químicas - Sorocaba; (Jiangsu Flag Chemical Industry Co., Ltd.<CHINA, REPUBLICA POPULAR>FABRICANTE) +  (Iharabras S.A. Indústria Químicas - Sorocaba<BRASIL>FABRICANTE) +  (Jiangsu Agrochem Laboratory Co., Ltd - Changzhou <CHINA, REPUBLICA POPULAR>FABRICANTE) +  (PI Industries Ltd. - Jambusar<ÍNDIA>FABRICANTE);III;II
538401;Malathion Técnico;malationa (organofosforado) (900 g/kg);Acaricida/Inseticida;FMC Química do Brasil Ltda. - Campinas/SP; (Cheminova  A/S - Harboore<DINAMARCA>FABRICANTE) +  (Jiangsu Tenglong Biological & Medicinal Co., Ltd.<CHINA, REPUBLICA POPULAR>FABRICANTE);III;II
24419;Malathion Técnico 950 AGCN;malationa (organofosforado) (950 g/kg);Acaricida/Inseticida;Agriconnection Importadora e Exportadora de Insumos Agrícolas - Barueri/SP;;III;II
TC05923;Malathion Técnico Agrolead;malationa (organofosforado) (950 g/kg);Acaricida/Inseticida;Agro-Lead Brasil Assessoria em Produtos Agrícolas Ltda - EPP; (Dezhou Luba Fine Chemical Co. Ltd<CHINA, REPUBLICA POPULAR>FABRICANTE);PT;II
TC18323;Malathion Técnico CCAB III;malationa (organofosforado) (950 g/kg);Acaricida/Inseticida;CCAB Agro S.A.   São Paulo; (Dezhou Luba Fine Chemical Co. Ltd<CHINA, REPUBLICA POPULAR>FABRICANTE);PT;II
TC17523;Malathion Técnico Dezhou Luba;malationa (organofosforado) (950 g/kg);Acaricida/Inseticida;Biorisk - Assessoria e Comércio de Produtos Agrícolas Ltda.; (Dezhou Luba Fine Chemical Co. Ltd<CHINA, REPUBLICA POPULAR>FABRICANTE);PT;II
24319;Malathion Técnico Prentiss;malationa (organofosforado) (950 g/kg);Acaricida/Inseticida;Prentiss Química Ltda. - Campo Largo/PR; (Lianyungang Avilive Chemical Co, Ltd. - Jiangsu <CHINA, REPUBLICA POPULAR>FABRICANTE);III;II
24519;Malation Técnico CCAB;malationa (organofosforado) (950 g/kg);Acaricida/Inseticida;CCAB Agro S.A.   São Paulo; (Lianyungang Avilive Chemical Co, Ltd. - Jiangsu <CHINA, REPUBLICA POPULAR>FABRICANTE);III;II
24619;Malation Técnico CCAB II;malationa (organofosforado) (950 g/kg);Acaricida/Inseticida;CCAB Agro S.A.   São Paulo; (Lianyungang Avilive Chemical Co, Ltd. - Jiangsu <CHINA, REPUBLICA POPULAR>FABRICANTE);III;II
TC18423;Malation Técnico Nortox;malationa (organofosforado) (950 g/kg);Acaricida/Inseticida;Nortox S.A. - Arapongas; (Dezhou Luba Fine Chemical Co. Ltd<CHINA, REPUBLICA POPULAR>FABRICANTE);PT;II
TC17623;Malation Técnico Tide;malationa (organofosforado) (950 g/kg);Acaricida/Inseticida;Tide do Brasil Ltda - Porto Alegre/RS; (Sinochem Dezhou Luba Fine Chemical Co., Ltd<CHINA, REPUBLICA POPULAR>FABRICANTE);PT;II
578800;Malationa Técnico CHDS;malationa (organofosforado) (910 g/kg);Acaricida/Inseticida;CHDS do Brasil Comércio de Insumos Agrícolas Ltda - São Miguel do Iguaçu/PR   ; (Ficom Organics Ltd.<ÍNDIA>FABRICANTE) +  (Sumitomo Chemical Brasil Indústria Química S.A. - Maracanaú/CE<BRASIL>FABRICANTE);III;II
4499;Manage Técnico;imibenconazol (triazol) (975 g/kg);Fungicida;UPL do Brasil Indústria e Comércio de Insumos Agropecuários S.A. - Matriz Ituverava/SP ; (Hokko Chemical Indutry CO. LTD. Plant Okayama <JAPÃO>FABRICANTE);IV;II
5516;Mancozeb  Técnico Cropchem;mancozebe (alquilenobis(ditiocarbamato)) (850 g/kg);Acaricida/Fungicida;Cropchem Ltda - Porto Alegre;;III;II
9913;Mancozeb Tecnico CCAB;mancozebe (alquilenobis(ditiocarbamato)) (800 g/kg);Fungicida;CCAB Agro S.A.   São Paulo; (Coromandel International Limited. - Unit I - Sarigam<ÍNDIA>FABRICANTE);III;II
1708498;Mancozeb Técnico ;mancozebe (alquilenobis(ditiocarbamato)) (860 g/kg);Acaricida/Fungicida;UPL do Brasil Indústria e Comércio de Insumos Agropecuários S.A. - Matriz Ituverava/SP ; (Dow Agrosciences Industrial Ltda. - Mogi Mirim<BRASIL>FABRICANTE);III;II
1418689;Mancozeb Técnico BR;mancozebe (alquilenobis(ditiocarbamato)) (850 g/kg);Fungicida;UPL do Brasil Indústria e Comércio de Insumos Agropecuários S.A. - Matriz Ituverava/SP ; (FMC Química do Brasil Ltda.  - Barra Mansa<BRASIL>FABRICANTE);III;II
TC05525;Mancozeb Técnico CHDS II;mancozebe (alquilenobis(ditiocarbamato)) (860 g/kg);Fungicida;CHDS do Brasil Comércio de Insumos Agrícolas Ltda - São Miguel do Iguaçu/PR   ; (Limin Chemical Co.,Ltd (Unidade I)<CHINA, REPUBLICA POPULAR>FABRICANTE);PT;II
TC16525;Mancozeb Técnico FB;mancozebe (alquilenobis(ditiocarbamato)) (860 g/kg);Fungicida;Agroallianz S.A; (Limin Chemical Co.,Ltd (Unidade II)<CHINA, REPUBLICA POPULAR>FABRICANTE);PT;II
11011;Mancozeb Técnico Indofil;mancozebe (alquilenobis(ditiocarbamato)) (860 g/kg);Fungicida;Indofil Industries do Brasil Ltda.; (Indofil Industries Limited  Unidade 1 - Dahej<ÍNDIA>FABRICANTE) +  (Indofil Industries Limited  Planta Azad Nagar - Thane<ÍNDIA>FABRICANTE) +  (Indofil Industries Limited  Unidade 2 - Dahej<CHINA, REPUBLICA POPULAR>FABRICANTE);III;II
TC08125;Mancozeb Técnico Limin;mancozebe (alquilenobis(ditiocarbamato)) (860 g/kg);Acaricida/Fungicida;Limin Biotechnology do Brasil Ltda - São Paulo/SP; (Limin Chemical Co.,Ltd (Unidade II)<CHINA, REPUBLICA POPULAR>FABRICANTE);PT;II
7616;Mancozeb Técnico Nortox;mancozebe (alquilenobis(ditiocarbamato)) (850 g/kg);Acaricida;Nortox S.A. - Arapongas; (Limin Chemical Co.,Ltd (Unidade II)<CHINA, REPUBLICA POPULAR>FABRICANTE);III;II
22017;Mancozeb Técnico Nortox II;mancozebe (alquilenobis(ditiocarbamato)) (850 g/kg);Acaricida/Fungicida;Nortox S.A. - Arapongas; (Hebei Shuangji Chemical Co., Ltd. (Unidade I) <CHINA, REPUBLICA POPULAR>FABRICANTE);III;II
TC16425;Mancozeb Técnico Nortox III;mancozebe (alquilenobis(ditiocarbamato)) (860 g/kg);Fungicida;Nortox S.A. - Arapongas; (Limin Chemical Co.,Ltd (Unidade II)<CHINA, REPUBLICA POPULAR>FABRICANTE);PT;II
TC09025;Mancozeb Técnico Perterra;mancozebe (alquilenobis(ditiocarbamato)) (860 g/kg);Fungicida;Perterra Insumos Agropecuários S.A.  São Paulo/SP; (Limin Chemical Co.,Ltd (Unidade I)<CHINA, REPUBLICA POPULAR>FABRICANTE);PT;II
11109;Mancozeb Técnico Sabero;mancozebe (alquilenobis(ditiocarbamato)) (833 g/kg);Fungicida;Coromandel América S.A; (Coromandel International Limited. - Unit I - Sarigam<ÍNDIA>FABRICANTE);III;II
5107;Mancozeb Técnico Sumitomo;mancozebe (alquilenobis(ditiocarbamato)) (880 g/kg);Fungicida;Sumitomo Chemical Brasil Indústria Química S.A. - Maracanaú/CE; (UPL Limited - Uniphos House - Mumbai (Escritório)<ÍNDIA>FABRICANTE);III;II
TC16825;Mancozeb Técnico Tecnomyl II;mancozebe (alquilenobis(ditiocarbamato)) (860 g/kg);Fungicida;Tecnomyl Brasil Distribuidora de Produtos Agrícolas Ltda - Foz do Iguaçu; (Limin Chemical Co.,Ltd (Unidade II)<CHINA, REPUBLICA POPULAR>FABRICANTE);PT;II
5716;Mancozeb Técnico UPL BR;mancozebe (alquilenobis(ditiocarbamato)) (860 g/kg);Fungicida;UPL do Brasil Indústria e Comércio de Insumos Agropecuários S.A. - Matriz Ituverava/SP ; (Uniphos Colombia Plant Limited<COLÔMBIA>FABRICANTE);III;II
TC16325;Mancozeb Técnico UPL Brasil;mancozebe (alquilenobis(ditiocarbamato)) (860 g/kg);Acaricida/Fungicida;UPL do Brasil Indústria e Comércio de Insumos Agropecuários S.A. - Matriz Ituverava/SP ; (United Phosphorus LTD <ÍNDIA>FABRICANTE);PT;II
03701;Mancozeb Técnico Uniphos;mancozebe (alquilenobis(ditiocarbamato)) (850 g/kg);Fungicida;UPL do Brasil Indústria e Comércio de Insumos Agropecuários S.A. - Matriz Ituverava/SP ; (Cerexagri B.v. - Roterdã<PAÍSES BAIXOS, HOLANDA>FABRICANTE);III;II
TC10425;Mancozebe Técnico Adama;mancozebe (alquilenobis(ditiocarbamato)) (860 g/kg);Fungicida;Adama Brasil S.A.- Londrina/PR; (Limin Chemical Co.,Ltd (Unidade I)<CHINA, REPUBLICA POPULAR>FABRICANTE);PT;II
21917;Mancozebe Técnico CHDS III;mancozebe (alquilenobis(ditiocarbamato)) (850 g/kg);Acaricida/Fungicida;CHDS do Brasil Comércio de Insumos Agrícolas Ltda - São Miguel do Iguaçu/PR   ; (Hebei Shuangji Chemical Co., Ltd.<CHINA, REPUBLICA POPULAR>FABRICANTE);III;II
18518;Mancozebe Técnico II Limin;mancozebe (alquilenobis(ditiocarbamato)) (850 g/kg);Acaricida/Fungicida;Limin Biotechnology do Brasil Ltda - São Paulo/SP; (Limin Chemical Co.,Ltd (Unidade II)<CHINA, REPUBLICA POPULAR>FABRICANTE);III;II
7707;Mancozebe Técnico UPL;mancozebe (alquilenobis(ditiocarbamato)) (880 g/kg);Fungicida;UPL do Brasil Indústria e Comércio de Insumos Agropecuários S.A. - Matriz Ituverava/SP ;;III;II
TC17823;Mandestrobin Técnico ;Mandestrobina (estrobilurina) (940 g/kg);Fungicida;Sumitomo Chemical Brasil Indústria Química S.A. - Maracanaú/CE; (Sumitomo Chemical Company - Shobara<JAPÃO>FABRICANTE);Não;II
9708;Mandipropamid Técnico;mandipropamid (éter mandelamida) (930 g/kg);Fungicida;Syngenta Proteção de Cultivos Ltda.  São Paulo/SP; (Syngenta Crop Protection AG - Monthey<SUÍCA>FABRICANTE) +  (Deccan Fine Chemicals (India) Limited - Andhra Pradesh<ÍNDIA>FABRICANTE);II;III
4498;Marquise Agricur Técnico;imazetapir (imidazolinona) (930 g/kg);Herbicida;Adama Brasil S.A.- Londrina/PR; (Adama Brasil S.A.- Londrina/PR<BRASIL>FABRICANTE);III;II
9095;Match Técnico;lufenurom (benzoiluréia) (920 g/kg);Inseticida;Syngenta Proteção de Cultivos Ltda.  São Paulo/SP; (Syngenta Grimsby Ltd <REINO UNIDO>FABRICANTE) +  (Huaian Glory Chemical Co., Ltd.<CHINA, REPUBLICA POPULAR>FABRICANTE);III;III
2406;Matric Técnico;cromafenozida (diacilhidrazina) (910 g/kg);Inseticida;Mitsui & Co (Brasil) S.A.; (Nippon Kayaku Company Limited<JAPÃO>FABRICANTE);III;III
5897;Maxim Técnico;fludioxonil (fenilpirrol) (930 g/kg);Fungicida;Syngenta Proteção de Cultivos Ltda.  São Paulo/SP; (Syngenta Crop Protection AG - Monthey<SUÍCA>FABRICANTE) +  (Syngenta Crop Protection AG - Pratteln<SUÍCA>FABRICANTE) +  (Fine Organics Ltd<REINO UNIDO>FABRICANTE);III;II
TC04323;Maxipir Técnico;Triclopir-butotílico (ácido piridiniloxialcanóico) (980 g/kg);Herbicida;Maxunitech do Brasil Ltda; (Max (Rudong) Chemicals Co., Ltd.<CHINA, REPUBLICA POPULAR>FABRICANTE);PT;II
TC16426;Maxiprol Técnico;clorantraniliprole (antranilamida) (970 g/kg);Inseticida;Biorisk - Assessoria e Comércio de Produtos Agrícolas Ltda.; (Max (Rudong) Chemicals Co., Ltd.<CHINA, REPUBLICA POPULAR>FABRICANTE);PT;II
TC21626;Maxubin Técnico ;Picoxistrobina (estrobilurina) (980 g/kg);Fungicida;Biorisk - Assessoria e Comércio de Produtos Agrícolas Ltda.; (Max (Rudong) Chemicals Co., Ltd.<CHINA, REPUBLICA POPULAR>FABRICANTE);PT;II
31218;Maxunil Técnico;clorotalonil (isoftalonitrila) (985.1 g/kg);Fungicida;Maxunitech do Brasil Ltda; (Jiangsu Weunite Fine Chemical Co., Ltd.<CHINA, REPUBLICA POPULAR>FABRICANTE);I;II
TC21525;Maxunizol Técnico;Protioconazol (Triazolinthione) (980 g/kg);Fungicida;Maxunitech do Brasil Ltda; (Oriental (Luzhou) Agrochemicals Co., Ltd.<CHINA, REPUBLICA POPULAR>FABRICANTE);PT;III
8706;Mayran Técnico ;tiram (dimetilditiocarbamato) (995.6 g/kg);Fungicida;Haffs Indústria e Comércio de Insumos Agro & Químicos Ltda - Itaquaquecetuba/SP; (Enro Industrial Ltda.<BRASIL>FABRICANTE);I;II
TC07926;Megapyri Técnico ;piriproxifem (éter piridiloxipropílico) (990 g/kg);Inseticida;Meghmani Organics Biodefensivos e Agrícolas do Brasil Ltda - Campinas/SP; (Meghmani Organics Ltd. Unit IV - Dahej<ÍNDIA>FABRICANTE);PT;II
10714;Megasato Técnico;glifosato (glicina substituída) (980 g/kg);Herbicida;Agro Import do Brasil Ltda. - Porto Alegre/RS; (Jingma Chemicals Co., Ltd. - Zhejiang<CHINA, REPUBLICA POPULAR>FABRICANTE);I;III
TC10920;Mepiquat Chloride Técnico RTM;Cloreto de Mepiquate (amônio quaternário) (980 g/kg);Regulador de Crescimento;Albaugh Agro Brasil Ltda.- São Paulo; (Jiangsu Institute of Ecomonesn CO., LTD.<CHINA, REPUBLICA POPULAR>FABRICANTE);PT;III
7417;Mepiquat Chloride Técnico UPL;Cloreto de Mepiquate (amônio quaternário) (980 g/kg);Herbicida;UPL do Brasil Indústria e Comércio de Insumos Agropecuários S.A. - Matriz Ituverava/SP ; (Nantong Jinling Agrochemical - Rudong<CHINA, REPUBLICA POPULAR>FABRICANTE);III;III
1210;Mepiquat Técnico BCS;Cloreto de Mepiquate (amônio quaternário) (980 g/kg);Regulador de Crescimento;Bayer S.A. - São Paulo/ SP; (Jiangsu Institute of Economes<CHINA, REPUBLICA POPULAR>FABRICANTE);III;III
2709;Mepiquat Técnico Cheminova ;Cloreto de Mepiquate (amônio quaternário) (964.63 g/kg);Regulador de Crescimento;FMC Química do Brasil Ltda. - Campinas/SP; (Jiangsu Institute of Economes<CHINA, REPUBLICA POPULAR>FABRICANTE) +  (Namtong Jinling Agricultural Chemical CO. Ltd<CHINA, REPUBLICA POPULAR>FABRICANTE) +  (Jiangsu Institute of Ecomonesn CO., LTD.<CHINA, REPUBLICA POPULAR>FABRICANTE);III;III
1678703;Merpan Agricur Técnico;captana (dicarboximida) (910 g/kg);Fungicida;Adama Brasil S.A.- Londrina/PR; (Adama Agricultural Solutions Ltd. - Beer Sheva<ISRAEL>FABRICANTE) +  (Adama Brasil S.A.- Londrina/PR<BRASIL>FABRICANTE) +  (Adama Brasil S.A.- Londrina/PR<BRASIL>FABRICANTE);III;II
5310;Mesosulfuron Methyl Tecnico;Mesossulfurom metilico (sulfoniluréia) (930 g/kg);Herbicida;Bayer S.A. - São Paulo/ SP; (Bayer AG -Industriepark Höchst - Frankfurt <ALEMANHA>FABRICANTE);II;III
7217;Mesotriona Ascenza Técnico;Mesotriona (Tricetona) (970 g/kg);Herbicida;Ascenza Brasil Ltda - Hortolândia/SP; (Anhui Fengle Agrochemical Co. Ltd<CHINA, REPUBLICA POPULAR>FABRICANTE) +  (Shangyu Nutrichem Co., Ltd.<CHINA, REPUBLICA POPULAR>FABRICANTE) +  (Zhejiang Udragon Bioscience Co. Ltd<CHINA, REPUBLICA POPULAR>FABRICANTE);I;III
TC00426;Mesotriona D Técnico Helm;Mesotriona (Tricetona) (980 g/kg);Herbicida;Helm do Brasil Mercantil - São Paulo/SP; (Zhangye Dagong Pesticide Chemistry Co. Ltd.<CHINA, REPUBLICA POPULAR>FABRICANTE);PT;III
TC13521;Mesotriona NC Técnico Helm;Mesotriona (Tricetona) (980 g/kg);Herbicida;Helm do Brasil Mercantil - São Paulo/SP;;PT;III
17616;Mesotriona Tecnico CCAB;Mesotriona (Tricetona) (980 g/kg);Herbicida;CCAB Agro S.A.   São Paulo; (Shangyu Nutrichem Co., Ltd.<CHINA, REPUBLICA POPULAR>FABRICANTE);I;III
2017;Mesotriona Técnica Proventis;Mesotriona (Tricetona) (970 g/kg);Herbicida;Proventis Lifescience Defensivos Agrícolas Ltda; (Shangyu Nutrichem Co., Ltd.<CHINA, REPUBLICA POPULAR>FABRICANTE);I;III
TC21722;Mesotriona Técnico AN;Mesotriona (Tricetona) (980 g/kg);Herbicida;Zhongshan Química do Brasil - Sorocaba/SP; (Anhui Zhongshan Chemical Industry Co. Ltd.<CHINA, REPUBLICA POPULAR>FABRICANTE);PT;III
TC10124;Mesotriona Técnico Ada;Mesotriona (Tricetona) (980 g/kg);Herbicida;Adama Brasil S.A.- Londrina/PR; (Limin Chemical Co.,Ltd (Unidade II)<CHINA, REPUBLICA POPULAR>FABRICANTE);PT;III
TC15820;Mesotriona Técnico Adama;Mesotriona (Tricetona) (980 g/kg);Herbicida;Adama Brasil S.A.- Londrina/PR; (Shandong Binnong Technology CO., LTD<CHINA, REPUBLICA POPULAR>FABRICANTE);PT;III
TC20822;Mesotriona Técnico Adama BR;Mesotriona (Tricetona) (980 g/kg);Herbicida;Adama Brasil S.A.- Londrina/PR; (Anhui Zhongshan Chemical Industry Co. Ltd.<CHINA, REPUBLICA POPULAR>FABRICANTE);PT;III
17516;Mesotriona Técnico FT-Cropchem;Mesotriona (Tricetona) (980 g/kg);Herbicida;Cropchem Ltda - Porto Alegre; (Zhangye Dagong Pesticide Chemistry Co. Ltd.<CHINA, REPUBLICA POPULAR>FABRICANTE) +  (Crimsun Organics Private Ltd.<ÍNDIA>FABRICANTE) +  (Crimsun Organics Private Ltd.<ÍNDIA>FABRICANTE);I;III
17716;Mesotriona Técnico Milenia;Mesotriona (Tricetona) (980 g/kg);Herbicida;Adama Brasil S.A.- Londrina/PR; (Shangyu Nutrichem Co., Ltd.<CHINA, REPUBLICA POPULAR>FABRICANTE);I;III
TC16320;Mesotriona Técnico SD;Mesotriona (Tricetona) (980 g/kg);Herbicida;Sharda do Brasil Comércio de Produtos Químicos e Agroquímicos LTDA; (Shandong Binnong Technology CO., LTD<CHINA, REPUBLICA POPULAR>FABRICANTE);PT;III
TC01021;Mesotriona Técnico Solus;Mesotriona (Tricetona) (970 g/kg);Herbicida;Solus do Brasil Ltda. - Apucarana/PR- Parque Industrial ; (Shandong Binnong Technology CO., LTD<CHINA, REPUBLICA POPULAR>FABRICANTE);PT;III
TC01121;Mesotriona Técnico Tide;Mesotriona (Tricetona) (980 g/kg);Herbicida;Tide do Brasil Ltda - Porto Alegre/RS; (Shandong Binnong Technology CO., LTD<CHINA, REPUBLICA POPULAR>FABRICANTE);PT;III
TC21822;Mesotriona Técnico ZJ;Mesotriona (Tricetona) (980 g/kg);Herbicida;Zhongshan Química do Brasil - Sorocaba/SP; (Anhui Zhongshan Chemical Industry Co. Ltd.<CHINA, REPUBLICA POPULAR>FABRICANTE);PT;III
TC21622;Mesotriona Técnico ZS;Mesotriona (Tricetona) (980 g/kg);Herbicida;Zhongshan Química do Brasil - Sorocaba/SP;;PT;III
TC01221;Mesotrione B Técnico Helm;Mesotriona (Tricetona) (980 g/kg);Herbicida;Helm do Brasil Mercantil - São Paulo/SP; (Shandong Binnong Technology CO., LTD<CHINA, REPUBLICA POPULAR>FABRICANTE);PT;III
TC00921;Mesotrione Tecnico Albaugh BN;Mesotriona (Tricetona) (980 g/kg);Herbicida;Albaugh Agro Brasil Ltda.- São Paulo; (Shandong Binnong Technology CO., LTD<CHINA, REPUBLICA POPULAR>FABRICANTE);PT;III
01104;Mesotrione Técnico;Mesotriona (Tricetona) (598 g/kg);Herbicida;Syngenta Proteção de Cultivos Ltda.  São Paulo/SP; (Syngenta AG Products Plants - Mile Marker <ESTADOS UNIDOS>FABRICANTE) +  (Syngenta Crop Protection AG - Monthey<SUÍCA>FABRICANTE) +  (Shenyang Sciencreat Chemicals Co.,Ltd.<CHINA, REPUBLICA POPULAR>FABRICANTE) +  (Youjia Crop Protection Co Ltd<CHINA, REPUBLICA POPULAR>FABRICANTE) +  (Anhui Zhongshan Chemical Industry Co. Ltd.<CHINA, REPUBLICA POPULAR>FABRICANTE) +  (Inner Mongolia Zhonggao Chemical Co., Ltd.<CHINA, REPUBLICA POPULAR>FABRICANTE);I;III
TC06923;Mesotrione Técnico 980 AGCN;Mesotriona (Tricetona) (980 g/kg);Herbicida;Agriconnection Importadora e Exportadora de Insumos Agrícolas - Barueri/SP; (Anhui Zhongshan Chemical Industry Co. Ltd.<CHINA, REPUBLICA POPULAR>FABRICANTE);PT;III
TC07920;Mesotrione Técnico Albaugh;Mesotriona (Tricetona) (980 g/kg);Herbicida;Albaugh Agro Brasil Ltda.- São Paulo; (Shandong Weifang Rainbow Chemical Co., Ltd. - Unidade Fabril 03<CHINA, REPUBLICA POPULAR>FABRICANTE);PT;III
TC26122;Mesotrione Técnico Albaugh AZ;Mesotriona (Tricetona) (980 g/kg);Herbicida;Albaugh Agro Brasil Ltda.- São Paulo; (Anhui Zhongshan Chemical Industry Co. Ltd.<CHINA, REPUBLICA POPULAR>FABRICANTE);PT;III
TC03426;Mesotrione Técnico Avgust;Mesotriona (Tricetona) (980 g/kg);Herbicida;Avgust Crop Protection Importação e Exportação Ltda.; (Jiangsu Agrochem Laboratory Co., Ltd - Changzhou <CHINA, REPUBLICA POPULAR>FABRICANTE);PT;III
TC03821;Mesotrione Técnico Binnong;Mesotriona (Tricetona) (980 g/kg);Herbicida;Biorisk - Assessoria e Comércio de Produtos Agrícolas Ltda.; (Shandong Binnong Technology CO., LTD<CHINA, REPUBLICA POPULAR>FABRICANTE);PT;III
TC01226;Mesotrione Técnico Dagong;Mesotriona (Tricetona) (980 g/kg);Herbicida;Solagro Soluções Agrícolas Ltda - São Paulo/SP; (Zhangye Dagong Pesticide Chemistry Co. Ltd.<CHINA, REPUBLICA POPULAR>FABRICANTE);PT;III
TC17326;Mesotrione Técnico Halir;Mesotriona (Tricetona) (980 g/kg);Herbicida;Hailir Brasil Defensivos Agricolas Ltda - São Paulo/SP; (Shandong Hailir Chemical Co., Ltd.<CHINA, REPUBLICA POPULAR>FABRICANTE);PT;III
TC10925;Mesotrione Técnico Indofil;Mesotriona (Tricetona) (980 g/kg);Herbicida;Indofil Industries do Brasil Ltda.; (Crimsun Organics Private Ltd.<ÍNDIA>FABRICANTE);PT;III
TC09224;Mesotrione Técnico Limin;Mesotriona (Tricetona) (980 g/kg);Herbicida;Limin Biotechnology do Brasil Ltda - São Paulo/SP; (Limin Chemical Co.,Ltd (Unidade II)<CHINA, REPUBLICA POPULAR>FABRICANTE);PT;III
16616;Mesotrione Técnico Nortox ;Mesotriona (Tricetona) (980 g/kg);Herbicida;Nortox S.A. - Arapongas; (Anhui Futian Agrochemical Co., Ltd<CHINA, REPUBLICA POPULAR>FABRICANTE) +  (Zhangye Dagong Pesticide Chemistry Co. Ltd.<CHINA, REPUBLICA POPULAR>FABRICANTE) +  (Crimsun Organics Private Ltd.<ÍNDIA>FABRICANTE) +  (Ningxia Wynca Technology Co., Ltd.<CHINA, REPUBLICA POPULAR>FABRICANTE);I;III
TC15520;Mesotrione Técnico Nortox Br;Mesotriona (Tricetona) (980 g/kg);Herbicida;Nortox S.A. - Arapongas; (Shandong Binnong Technology CO., LTD<CHINA, REPUBLICA POPULAR>FABRICANTE);PT;III
TC00422;Mesotrione Técnico Nortox III;Mesotriona (Tricetona) (980 g/kg);Herbicida;Nortox S.A. - Arapongas; (Jiangsu Corechem Co. Ltd.<CHINA, REPUBLICA POPULAR>FABRICANTE);PT;III
TC10024;Mesotrione Técnico Nortox V;Mesotriona (Tricetona) (980 g/kg);Herbicida;Nortox S.A. - Arapongas; (Limin Chemical Co.,Ltd (Unidade II)<CHINA, REPUBLICA POPULAR>FABRICANTE);PT;III
TC16720;Mesotrione Técnico Oxon ;Mesotriona (Tricetona) (980 g/kg);Herbicida;Oxon Brasil Defensivos Agrícolas Ltda.; (Shandong Binnong Technology CO., LTD<CHINA, REPUBLICA POPULAR>FABRICANTE);PT;III
TC21422;Mesotrione Técnico Oxon II;Mesotriona (Tricetona) (980 g/kg);Herbicida;Oxon Brasil Defensivos Agrícolas Ltda.; (Anhui Zhongshan Chemical Industry Co. Ltd.<CHINA, REPUBLICA POPULAR>FABRICANTE) +  (Hebei Shanli Chemical Co., Ltd.<CHINA, REPUBLICA POPULAR>FABRICANTE);PT;III
TC23725;Mesotrione Técnico Pilarquim;Mesotriona (Tricetona) (980 g/kg);Herbicida;Pilarquim Br Comercial Ltda.- São Paulo; (Zhangye Dagong Pesticide Chemistry Co. Ltd.<CHINA, REPUBLICA POPULAR>FABRICANTE);PT;III
TC01020;Mesotrione Técnico Rainbow;Mesotriona (Tricetona) (980 g/kg);Herbicida;Rainbow Defensivos Agrícolas Ltda.- Porto Alegre /RS ; (Shandong Weifang Rainbow Chemical Co., Ltd. - Unidade Fabril 02<CHINA, REPUBLICA POPULAR>FABRICANTE);PT;III
17416;Mesotrione Técnico Rotam ;Mesotriona (Tricetona) (980 g/kg);Herbicida;Albaugh Agro Brasil Ltda.- São Paulo; (Shangyu Nutrichem Co., Ltd.<CHINA, REPUBLICA POPULAR>FABRICANTE);I;III
TC18525;Mesotrione Técnico Rtm;Mesotriona (Tricetona) (980 g/kg);Herbicida;Albaugh Agro Brasil Ltda.- São Paulo; (Shandong Binnong Technology CO., LTD<CHINA, REPUBLICA POPULAR>FABRICANTE) +  (Zhangye Dagong Pesticide Chemistry Co. Ltd.<CHINA, REPUBLICA POPULAR>FABRICANTE);PT;III
TC03921;Mesotrione Técnico SBN-CropChem;Mesotriona (Tricetona) (980 g/kg);Herbicida;Cropchem Ltda - Porto Alegre; (Shandong Binnong Technology CO., LTD<CHINA, REPUBLICA POPULAR>FABRICANTE);PT;III
TC22722;Mesotrione Técnico Sino-Agri;Mesotriona (Tricetona) (980 g/kg);Herbicida;Lemma Agronegócios Importação e Exportação Ltda.; (Jiangsu Corechem Co. Ltd.<CHINA, REPUBLICA POPULAR>FABRICANTE) +  (Shandong Binnong Technology CO., LTD<CHINA, REPUBLICA POPULAR>FABRICANTE);PT;III
TC23722;Mesotrione Técnico Sinon;Mesotriona (Tricetona) (975 g/kg);Herbicida;Sinon do Brasil Ltda. - Porto Alegre /RS.; (Sinon Corporation - Taiwan<TAIWAN (ILHA FORMOSA)>FABRICANTE);PT;III
TC10524;Mesotrione Técnico Tecnomyl;Mesotriona (Tricetona) (980 g/kg);Herbicida;Tecnomyl Brasil Distribuidora de Produtos Agrícolas Ltda - Foz do Iguaçu; (Shandong Binnong Technology CO., LTD<CHINA, REPUBLICA POPULAR>FABRICANTE);PT;III
TC18826;Mesotrione Técnico Tecnomyl II;Mesotriona (Tricetona) (980 g/kg);Herbicida;Tecnomyl Brasil Distribuidora de Produtos Agrícolas Ltda - Foz do Iguaçu; (Hebei Shanli Chemical Co., Ltd.<CHINA, REPUBLICA POPULAR>FABRICANTE);PT;III
TC01324;Mesotrione Técnico UPL;Mesotriona (Tricetona) (975 g/kg);Herbicida;UPL do Brasil Indústria e Comércio de Insumos Agropecuários S.A. - Matriz Ituverava/SP ; (UPL Limited - Jhagadia<ÍNDIA>FABRICANTE);PT;III
TC20622;Mesotrione Z Técnico Helm;Mesotriona (Tricetona) (980 g/kg);Herbicida;Helm do Brasil Mercantil - São Paulo/SP; (Anhui Zhongshan Chemical Industry Co. Ltd.<CHINA, REPUBLICA POPULAR>FABRICANTE);PT;III
14417;Metaflumizone Técnico;Metaflumizone (semicarbazone) (960 g/kg);Inseticida;Basf Agricultural Solutions Brasil Ltda  São Paulo/SP; (Basf Corporation - Hannibal Plant - Missouri<ESTADOS UNIDOS>FABRICANTE) +  (Viakem S.A. de C.V. - Unidade de San Nicolás de Los Garza<MÉXICO>FABRICANTE);III;II
6599;Metalaxyl-M Técnico;metalaxil-M (acilalaninato) (940 g/kg);Fungicida;Syngenta Proteção de Cultivos Ltda.  São Paulo/SP; (CABB AG<SUÍCA>FABRICANTE);II;II
TC14122;Metamifop Técnico;Metamifop (triazolinona) (960 g/kg);Herbicida;Iharabras S.A. Indústria Químicas - Sorocaba; (FarmHannong Co. Ltd. - Unidade Gumi<CORÉIA (DO SUL), REPÚBLICA DA>FABRICANTE);Não;III
TC17224;Metamitrona Técnico Adama ;metamitrona (triazinona) (980 g/kg);Herbicida;Adama Brasil S.A.- Londrina/PR; (Hebei Wanquan Hongyu Chemicals Co. Ltd. <CHINA, REPUBLICA POPULAR>FABRICANTE);PT;II
01801;Metconazole Técnico;metconazol (triazol) (940 g/kg);Fungicida;Basf Agricultural Solutions Brasil Ltda  São Paulo/SP; (Nisso Fine Co. Ltd- Isohara Plant<JAPÃO>FABRICANTE);I;II
5505;Metconazole Técnico Basf;metconazol (triazol) (940 g/kg);Fungicida;Basf Agricultural Solutions Brasil Ltda  São Paulo/SP; (Nisso Fine Co. Ltd- Isohara Plant<JAPÃO>FABRICANTE) +  (Rallis India Ltd - Ankleshwar Unit I<ÍNDIA>FABRICANTE) +  (Punjab Chemicals & Crop Protetion Ltd.<ÍNDIA>FABRICANTE);I;II
3494;Methomex Técnico;metomil (metilcarbamato de oxima) (970 g/kg);Inseticida;Adama Brasil S.A.- Londrina/PR; (Adama Agricultural Solutions Ltd. - Beer Sheva<ISRAEL>FABRICANTE);I;I
428203;Methomyl Técnico;metomil (metilcarbamato de oxima) (980 g/kg);Inseticida;CTVA Proteção de Cultivos Ltda - Barueri (Tamboré); (Sinon Corporation - Taiwan<TAIWAN (ILHA FORMOSA)>FABRICANTE) +  (Shandong Huayang Pesticide Chemical Industry Group Co. Ltd.<CHINA, REPUBLICA POPULAR>FABRICANTE) +  (Sinon Chemical CO., LTD. Fengxian/Shanghai<CHINA, REPUBLICA POPULAR>FABRICANTE) +  (Hunan Haili Chemical Industry<CHINA, REPUBLICA POPULAR>FABRICANTE);I;II
TC02021;Methomyl Técnico FB;metomil (metilcarbamato de oxima) (980 g/kg);Acaricida/Inseticida;Agroallianz S.A; (Nanlong (Lianyungang) Chemicals Co., Ltd.<CHINA, REPUBLICA POPULAR>FABRICANTE);PT;II
5910;Methomyl Técnico Jubaili ;metomil (metilcarbamato de oxima) (980 g/kg);Inseticida;Jubailireg Brasil Ltda - São Paulo/SP; (Shandong Huayang Pesticide Chemical Industry Group Co. Ltd.<CHINA, REPUBLICA POPULAR>FABRICANTE);I;II
33719;Methomyl Técnico RDB;metomil (metilcarbamato de oxima) (980 g/kg);Acaricida/Inseticida;Albaugh Agro Brasil Ltda.- São Paulo; (Haili Guixi Chemical Industry Co., Ltd.<CHINA, REPUBLICA POPULAR>FABRICANTE) +  (Hunan Haili Chemical Industry<CHINA, REPUBLICA POPULAR>FABRICANTE);PT;II
33619;Methomyl Técnico RTM;metomil (metilcarbamato de oxima) (980 g/kg);Acaricida/Inseticida;Albaugh Agro Brasil Ltda.- São Paulo; (Adama Ltd. (Planta 2)<CHINA, REPUBLICA POPULAR>FABRICANTE) +  (Haili Guixi Chemical Industry Co., Ltd.<CHINA, REPUBLICA POPULAR>FABRICANTE) +  (Sunko Ink Co. Ltd. - Plant Pingzhen<TAIWAN (ILHA FORMOSA)>FABRICANTE);PT;II
8512;Methomyl Técnico UPL;metomil (metilcarbamato de oxima) (977 g/kg);Inseticida;UPL do Brasil Indústria e Comércio de Insumos Agropecuários S.A. - Matriz Ituverava/SP ;;I;II
TC02821;Methomyl Técnico ZS;metomil (metilcarbamato de oxima) (980 g/kg);Acaricida/Inseticida;Zhongshan Química do Brasil - Sorocaba/SP; (Nanlong (Lianyungang) Chemicals Co., Ltd.<CHINA, REPUBLICA POPULAR>FABRICANTE);PT;II
TC00720;Methoxyfenozida Técnico Oxon;metoxifenozida (diacilhidrazina) (980 g/kg);Inseticida;Oxon Brasil Defensivos Agrícolas Ltda.; (Adama Huifeng (Jiangsu) Ltd.<CHINA, REPUBLICA POPULAR>FABRICANTE);PT;III
TC19222;Methoxyfenozide Técnico 980 AGCN;metoxifenozida (diacilhidrazina) (980 g/kg);Inseticida;Agriconnection Importadora e Exportadora de Insumos Agrícolas - Barueri/SP; (Jiangsu Weunite Fine Chemical Co., Ltd.<CHINA, REPUBLICA POPULAR>FABRICANTE);PT;III
TC00820;Methoxyfenozide Técnico CHDS;metoxifenozida (diacilhidrazina) (980 g/kg);Inseticida;CHDS do Brasil Comércio de Insumos Agrícolas Ltda - São Miguel do Iguaçu/PR   ; (Adama Huifeng (Jiangsu) Ltd.<CHINA, REPUBLICA POPULAR>FABRICANTE);PT;III
TC29125;Methoxyfenozide Técnico GC;metoxifenozida (diacilhidrazina) (980 g/kg);Inseticida;Biorisk - Assessoria e Comércio de Produtos Agrícolas Ltda.; (Yingde Greatchem Chemicals Co., Ltd.<CHINA, REPUBLICA POPULAR>FABRICANTE);PT;II
TC00520;Methoxyfenozide Técnico Rotam;metoxifenozida (diacilhidrazina) (980 g/kg);Inseticida;Albaugh Agro Brasil Ltda.- São Paulo; (Adama Huifeng (Jiangsu) Ltd.<CHINA, REPUBLICA POPULAR>FABRICANTE) +  (Yingde Greatchem Chemicals <CHINA, REPUBLICA POPULAR>FABRICANTE);PT;III
TC12024;Methoxyfenozide Técnico SJ;metoxifenozida (diacilhidrazina) (980 g/kg);Inseticida;Biorisk - Assessoria e Comércio de Produtos Agrícolas Ltda.; (Adama Huifeng (Jiangsu) Ltd.<CHINA, REPUBLICA POPULAR>FABRICANTE);PT;III
TC00620;Methoxyfenozide Técnico Sino-Agri;metoxifenozida (diacilhidrazina) (980 g/kg);Inseticida;Lemma Agronegócios Importação e Exportação Ltda.; (Jiangsu Huifeng Bio Agriculture Co. Ltd. - Dafeng<CHINA, REPUBLICA POPULAR>FABRICANTE);PT;III
2198303;Metiram Técnico ;metiram (alquilenobis(ditiocarbamato)) (840 g/kg);Fungicida;Basf Agricultural Solutions Brasil Ltda  São Paulo/SP; (BASF SE  - Ludwigshafen<ALEMANHA>FABRICANTE);III;III
13617;Metomil Ascenza Técnico;metomil (metilcarbamato de oxima) (985 g/kg);Acaricida/Inseticida;Ascenza Brasil Ltda - Hortolândia/SP; (Shandong Libang Chemical Industry Co. Ltd.<CHINA, REPUBLICA POPULAR>FABRICANTE);I;II
7215;Metomil Tecnico CCAB;metomil (metilcarbamato de oxima) (980 g/kg);Acaricida;CCAB Agro S.A.   São Paulo; (Yancheng Limin Chemical Co. Ltd - Yandu<CHINA, REPUBLICA POPULAR>FABRICANTE) +  (Yancheng Limin Chemical Co., Ltd. - Funing Ao Yang Industrial Park<CHINA, REPUBLICA POPULAR>FABRICANTE) +  (Haili Guixi Chemical Industry Co., Ltd.<CHINA, REPUBLICA POPULAR>FABRICANTE);I;II
17218;Metomil Técnico ;metomil (metilcarbamato de oxima) (980 g/kg);Inseticida;Albaugh Agro Brasil Ltda.- São Paulo; (Shandong Huayang Pesticide Chemical Industry Group Co. Ltd.<CHINA, REPUBLICA POPULAR>FABRICANTE);I;II
33819;Metomil Técnico Adama;metomil (metilcarbamato de oxima) (980 g/kg);Acaricida;Adama Brasil S.A.- Londrina/PR; (Adama Ltd. (Planta 2)<CHINA, REPUBLICA POPULAR>FABRICANTE);PT;II
10518;Metomil Técnico Adama BR.;metomil (metilcarbamato de oxima) (980 g/kg);Acaricida/Inseticida;Adama Brasil S.A.- Londrina/PR; (Sinon Corporation - Taiwan<TAIWAN (ILHA FORMOSA)>FABRICANTE) +  (Sinon Chemical CO., LTD. Fengxian/Shanghai<CHINA, REPUBLICA POPULAR>FABRICANTE);I;II
TC02721;Metomil Técnico Albaugh 01;metomil (metilcarbamato de oxima) (980 g/kg);Acaricida/Inseticida;Albaugh Agro Brasil Ltda.- São Paulo; (Nanlong (Lianyungang) Chemicals Co., Ltd.<CHINA, REPUBLICA POPULAR>FABRICANTE);PT;II
TC08422;Metomil Técnico Cropchem;metomil (metilcarbamato de oxima) (980 g/kg);Acaricida/Inseticida;Cropchem Ltda - Porto Alegre; (Nanlong (Lianyungang) Chemicals Co., Ltd.<CHINA, REPUBLICA POPULAR>FABRICANTE) +  (Haili Guixi Chemical Industry Co., Ltd.<CHINA, REPUBLICA POPULAR>FABRICANTE) +  (Hunan Haili Chemical Industry<CHINA, REPUBLICA POPULAR>FABRICANTE);PT;II
TC09822;Metomil Técnico Gilmore;metomil (metilcarbamato de oxima) (980 g/kg);Acaricida/Inseticida;Gilmore Agro do Brasil Ltda - ME ; (Nanlong (Lianyungang) Chemicals Co., Ltd.<CHINA, REPUBLICA POPULAR>FABRICANTE);PT;II
TC18725;Metomil Técnico Haili;metomil (metilcarbamato de oxima) (980 g/kg);Acaricida/Inseticida;Solagro Soluções Agrícolas Ltda - São Paulo/SP; (Hunan Haili Chemical Industry<CHINA, REPUBLICA POPULAR>FABRICANTE);PT;II
17318;Metomil Técnico Mil;metomil (metilcarbamato de oxima) (980 g/kg);Inseticida;Adama Brasil S.A.- Londrina/PR; (Shandong Huayang Pesticide Chemical Industry Group Co. Ltd.<CHINA, REPUBLICA POPULAR>FABRICANTE);I;II
37718;Metomil Técnico Nortox;metomil (metilcarbamato de oxima) (980 g/kg);Acaricida/Inseticida;Nortox S.A. - Arapongas; (Shandong Huayang Pesticide Chemical Industry Group Co. Ltd.<CHINA, REPUBLICA POPULAR>FABRICANTE);I;II
TC02921;Metomil Técnico Nortox BR;metomil (metilcarbamato de oxima) (980 g/kg);Acaricida/Inseticida;Nortox S.A. - Arapongas; (Nanlong (Lianyungang) Chemicals Co., Ltd.<CHINA, REPUBLICA POPULAR>FABRICANTE) +  (Saerfu (Henan) Agrochemical Co., Ltd.<CHINA, REPUBLICA POPULAR>FABRICANTE) +  (Henan Jinpeng Chemicals Co., Ltd<CHINA, REPUBLICA POPULAR>FABRICANTE);PT;II
10218;Metomil Técnico Nortox CH;metomil (metilcarbamato de oxima) (980 g/kg);Inseticida;Nortox S.A. - Arapongas; (Sinon Corporation - Taichuan<TAIWAN (ILHA FORMOSA)>FABRICANTE) +  (Sinon Chemical CO. LTD. - Shanghai/China <CHINA, REPUBLICA POPULAR>FABRICANTE) +  (Hunan Haili Chemical Industry<CHINA, REPUBLICA POPULAR>FABRICANTE);I;II
5410;Metomil Técnico Ouro Fino;metomil (metilcarbamato de oxima) (980 g/kg);Inseticida;Ouro Fino Química S.A. - Uberaba; (Shandong Huayang Pesticide Chemical Industry Group Co. Ltd.<CHINA, REPUBLICA POPULAR>FABRICANTE);I;I
8115;Metomil Técnico SAE;metomil (metilcarbamato de oxima) (980 g/kg);Inseticida;AllierBrasil Agro Ltda.; (Saerfu (Henan) Agrochemical Co., Ltd.<CHINA, REPUBLICA POPULAR>FABRICANTE);I;II
10118;Metomil Técnico Sinon;metomil (metilcarbamato de oxima) (980 g/kg);Inseticida;Sinon do Brasil Ltda. - Porto Alegre /RS.; (Sinon Corporation - Taiwan<TAIWAN (ILHA FORMOSA)>FABRICANTE) +  (Sinon Chemical CO., LTD. Fengxian/Shanghai<CHINA, REPUBLICA POPULAR>FABRICANTE);I;II
TC18625;Metomil Técnico Sinon II;metomil (metilcarbamato de oxima) (980 g/kg);Acaricida/Inseticida;Sinon do Brasil Ltda. - Porto Alegre /RS.; (Hunan Haili Chemical Industry<CHINA, REPUBLICA POPULAR>FABRICANTE);PT;II
7715;Metomil Técnico Tecnomyl;metomil (metilcarbamato de oxima) (980 g/kg);Acaricida/Inseticida;Tecnomyl Brasil Distribuidora de Produtos Agrícolas Ltda - Foz do Iguaçu; (Yancheng Limin Chemical Co. Ltd - Yandu<CHINA, REPUBLICA POPULAR>FABRICANTE) +  (Yancheng Limin Chemical Co., Ltd. - Funing Ao Yang Industrial Park<CHINA, REPUBLICA POPULAR>FABRICANTE) +  (Haili Guixi Chemical Industry Co., Ltd.<CHINA, REPUBLICA POPULAR>FABRICANTE);I;II
TC23026 ;Metomil Técnico Tecnomyl II;metomil (metilcarbamato de oxima) (980 g/kg);Acaricida/Inseticida;Tecnomyl Brasil Distribuidora de Produtos Agrícolas Ltda - Foz do Iguaçu; (PT Inti Everspring Indonesia - Banten<INDONÉSIA>FABRICANTE);I;II
44518;Metomil Técnico Volcano;metomil (metilcarbamato de oxima) (980 g/kg);Acaricida/Inseticida;UPL do Brasil Indústria e Comércio de Insumos Agropecuários S.A. - Matriz Ituverava/SP ; (Sinon Corporation - Taiwan<TAIWAN (ILHA FORMOSA)>FABRICANTE) +  (Sinon Chemical CO., LTD. Fengxian/Shanghai<CHINA, REPUBLICA POPULAR>FABRICANTE);I;II
23219;Metomil Técnico YC;metomil (metilcarbamato de oxima) (980 g/kg);Acaricida/Inseticida;Rainbow Defensivos Agrícolas Ltda.- Porto Alegre /RS ; (Saerfu (Henan) Agrochemical Co., Ltd.<CHINA, REPUBLICA POPULAR>FABRICANTE);I;II
10016;Metomil Técnico YM;metomil (metilcarbamato de oxima) (980 g/kg);Acaricida/Inseticida;AllierBrasil Agro Ltda.; (Haili Guixi Chemical Industry Co., Ltd.<CHINA, REPUBLICA POPULAR>FABRICANTE) +  (Saerfu (Henan) Agrochemical Co., Ltd.<CHINA, REPUBLICA POPULAR>FABRICANTE) +  (Yancheng Limin Chemical Co. Ltd - Yandu<CHINA, REPUBLICA POPULAR>FABRICANTE) +  (Yancheng Limin Chemical Co., Ltd. - Funing Ao Yang Industrial Park<CHINA, REPUBLICA POPULAR>FABRICANTE);I;II
5617;Metomino Técnico;metominostrobin (estrobilurina) (970 g/kg);Fungicida;Iharabras S.A. Indústria Químicas - Sorocaba; (PI Industries Limited - Panoli<ÍNDIA>FABRICANTE) +  (Iharabras S.A. Indústria Químicas - Sorocaba<BRASIL>FABRICANTE) +  (Junsei Chemical Co., Ltda - Ibaraki Plant<JAPÃO>FABRICANTE) +  (Huaian Glory Chemical Co., Ltd.<CHINA, REPUBLICA POPULAR>FABRICANTE) +  (Jiangsu BVCO Biological Technology Co., Ltd.<CHINA, REPUBLICA POPULAR>FABRICANTE) +  (Jiangsu Agrochem Laboratory Co., Ltd - Changzhou <CHINA, REPUBLICA POPULAR>FABRICANTE) +  (PI Industries Ltd. - Jambusar<ÍNDIA>FABRICANTE);III;II
TC21025;Metoxifenozida G Técnico Helm;metoxifenozida (diacilhidrazina) (980 g/kg);Inseticida;Helm do Brasil Mercantil - São Paulo/SP;;PT;III
TC12224;Metoxifenozida H Técnico Helm;metoxifenozida (diacilhidrazina) (980 g/kg);Inseticida;Helm do Brasil Mercantil - São Paulo/SP; (Adama Huifeng (Jiangsu) Ltd.<CHINA, REPUBLICA POPULAR>FABRICANTE);PT;III
TC19322;Metoxifenozida Técnico Cropchem;metoxifenozida (diacilhidrazina) (980 g/kg);Inseticida;Cropchem Ltda - Porto Alegre;;PT;III
19019;Metoxifenozida Técnico Rainbow;metoxifenozida (diacilhidrazina) (980 g/kg);Inseticida;Rainbow Defensivos Agrícolas Ltda.- Porto Alegre /RS ; (Shandong Weifang Rainbow Chemical Co., Ltd. - Unidade Fabril 02<CHINA, REPUBLICA POPULAR>FABRICANTE);IV;III
TC18721;Metoxifenozida Técnico UPL;metoxifenozida (diacilhidrazina) (970 g/kg);Inseticida;UPL do Brasil Indústria e Comércio de Insumos Agropecuários S.A. - Matriz Ituverava/SP ; (UPL Limited - Jhagadia<ÍNDIA>FABRICANTE);PT;III
TC19522;Metoxifenozide Técnico Nortox ;metoxifenozida (diacilhidrazina) (980 g/kg);Inseticida;Nortox S.A. - Arapongas; (Jiangsu Weunite Fine Chemical Co., Ltd.<CHINA, REPUBLICA POPULAR>FABRICANTE);PT;III
TC00420;Metoxifenozide Técnico Nortox II;metoxifenozida (diacilhidrazina) (980 g/kg);Inseticida;Nortox S.A. - Arapongas; (Adama Huifeng (Jiangsu) Ltd.<CHINA, REPUBLICA POPULAR>FABRICANTE) +  (Yingde Greatchem Chemicals <CHINA, REPUBLICA POPULAR>FABRICANTE);PT;III
TC17223;Metribuizin Técnico CHDS;metribuzim (triazinona) (960 g/kg);Herbicida;CHDS do Brasil Comércio de Insumos Agrícolas Ltda - São Miguel do Iguaçu/PR   ; (Meghmani Industries Ltd. (Unit-III) - Dahej <ÍNDIA>FABRICANTE);PT;II
18016;Metribuzim Ascenza Técnico;metribuzim (triazinona) (970 g/kg);Herbicida;Ascenza Brasil Ltda - Hortolândia/SP; (Jiangsu Flag Chemical Industry Co., Ltd.<CHINA, REPUBLICA POPULAR>FABRICANTE) +  (Jiangsu Sevencontinent Green Chemical Co., Ltd - Unit II<CHINA, REPUBLICA POPULAR>FABRICANTE);III;II
01019;Metribuzim Tecnico Nortox;metribuzim (triazinona) (970 g/kg);Herbicida;Nortox S.A. - Arapongas; (Jiangsu Flag Chemical Industry Co., Ltd.<CHINA, REPUBLICA POPULAR>FABRICANTE) +  (Hebei Lansheng Biotech Co., Ltd<CHINA, REPUBLICA POPULAR>FABRICANTE);III;II
TC15223;Metribuzim Técnico  UPL Brasil;metribuzim (triazinona) (975 g/kg);Herbicida;UPL do Brasil Indústria e Comércio de Insumos Agropecuários S.A. - Matriz Ituverava/SP ; (Jiangsu Sevencontinent Green Chemical Co., Ltd - Unit II<CHINA, REPUBLICA POPULAR>FABRICANTE);PT;II
TC07323;Metribuzim Técnico ADA;metribuzim (triazinona) (970 g/kg);Herbicida;Adama Brasil S.A.- Londrina/PR; (Bharat Rasayan Ltd. - Unit II - Gujarat<ÍNDIA>FABRICANTE);PT;II
TC02020;Metribuzim Técnico Adama;metribuzim (triazinona) (970 g/kg);Herbicida;Adama Brasil S.A.- Londrina/PR; (Yancheng South Chemical Co, Ltd<CHINA, REPUBLICA POPULAR>FABRICANTE);PT;II
TC16423;Metribuzim Técnico Adama BR ;metribuzim (triazinona) (975 g/kg);Herbicida;Adama Brasil S.A.- Londrina/PR; (Jiangsu Sevencontinent Green Chemical Co., Ltd - Unit I<CHINA, REPUBLICA POPULAR>FABRICANTE);PT;II
TC16623;Metribuzim Técnico Adama Brasil;metribuzim (triazinona) (960 g/kg);Herbicida;Adama Brasil S.A.- Londrina/PR; (Meghmani Industries Ltd. (Unit-III) - Dahej <ÍNDIA>FABRICANTE);PT;II
4612;Metribuzim Técnico Agroimport ;metribuzim (triazinona) (965 g/kg);Herbicida;Agro Import do Brasil Ltda. - Porto Alegre/RS; (Jiangsu Sevencontinent Green Chemical Co., Ltd - Unit I<CHINA, REPUBLICA POPULAR>FABRICANTE);III;II
TC15523;Metribuzim Técnico Albaugh;metribuzim (triazinona) (975 g/kg);Herbicida;Albaugh Agro Brasil Ltda.- São Paulo; (Jiangsu Sevencontinent Green Chemical Co., Ltd - Unit II<CHINA, REPUBLICA POPULAR>FABRICANTE);PT;II
TC15423;Metribuzim Técnico Alta;metribuzim (triazinona) (975 g/kg);Herbicida;ALTA - America Latina Tecnologia Agrícola Ltda.- Curitiba; (Jiangsu Sevencontinent Green Chemical Co., Ltd - Unit I<CHINA, REPUBLICA POPULAR>FABRICANTE);PT;II
TC18223;Metribuzim Técnico CCAB;metribuzim (triazinona) (960 g/kg);Herbicida;CCAB Agro S.A.   São Paulo; (GSP Crop Science Limited - Navrangpura<ÍNDIA>FABRICANTE) +  (Jiangsu Sword Agrochemical Co. Ltd<CHINA, REPUBLICA POPULAR>FABRICANTE) +  (Bharat Rasayan Ltd. - Unit II - Gujarat<ÍNDIA>FABRICANTE) +  (Meghmani Industries Ltd. (Unit-III) - Dahej <ÍNDIA>FABRICANTE);PT;II
TC31125;Metribuzim Técnico Cropchem;metribuzim (triazinona) (980 g/kg);Herbicida;Cropchem Ltda - Porto Alegre; (Jiangsu Repont Agrochemical Co. Ltd  - Rudong<CHINA, REPUBLICA POPULAR>FABRICANTE);PT;II
TC14925;Metribuzim Técnico Cropchem III;metribuzim (triazinona) (975 g/kg);Herbicida;Cropchem Ltda - Porto Alegre; (Jiangsu Henglong Crop Protection Co., Ltd<CHINA, REPUBLICA POPULAR>FABRICANTE);PT;II
TC18122;Metribuzim Técnico GSP;metribuzim (triazinona) (980 g/kg);Herbicida;GSP Agroquímica do Brasil Ltda - Porto Alegra/RS; (GSP Crop Science Limited - Navrangpura<ÍNDIA>FABRICANTE);PT;II
TC15323;Metribuzim Técnico JSSC;metribuzim (triazinona) (975 g/kg);Herbicida;Voagri Biotec do Brasil Ltda- Brasília/DF; (Jiangsu Sevencontinent Green Chemical Co., Ltd - Unit I<CHINA, REPUBLICA POPULAR>FABRICANTE);PT;II
TC17023;Metribuzim Técnico Mega;Glufosinato - sal de amônio (homoalanina substituída) (960 g/kg);Herbicida/Regulador de Crescimento;Meghmani Organics Biodefensivos e Agrícolas do Brasil Ltda - Campinas/SP; (Meghmani Industries Ltd. (Unit-III) - Dahej <ÍNDIA>FABRICANTE);PT;II
TC27922;Metribuzim Técnico Nortox II;metribuzim (triazinona) (970 g/kg);Herbicida;Nortox S.A. - Arapongas; (Bharat Rasayan Ltd. - Unit II - Gujarat<ÍNDIA>FABRICANTE);PT;II
TC18923;Metribuzim Técnico Nortox III;metribuzim (triazinona) (980 g/kg);Herbicida;Nortox S.A. - Arapongas;;PT;II
TC03622;Metribuzim Técnico OF;metribuzim (triazinona) (970 g/kg);Herbicida;Ouro Fino Química S.A. - Uberaba; (Jiangsu Sword Agrochemicals Co., Ltd. - Jiangsu<CHINA, REPUBLICA POPULAR>FABRICANTE);PT;II
TC26322;Metribuzim Técnico OF I;metribuzim (triazinona) (970 g/kg);Herbicida;Ouro Fino Química S.A. - Uberaba; (Bharat Rasayan Ltd. - Unit II - Gujarat<ÍNDIA>FABRICANTE);PT;II
4312;Metribuzim Técnico Ouro Fino;metribuzim (triazinona) (950 g/kg);Herbicida;Ouro Fino Química S.A. - Uberaba; (Jiangsu Sevencontinent Green Chemical Co., Ltd - Unit I<CHINA, REPUBLICA POPULAR>FABRICANTE);IV;II
TC13425;Metribuzim Técnico Rainbow;metribuzim (triazinona) (980 g/kg);Herbicida;Rainbow Defensivos Agrícolas Ltda.- Porto Alegre /RS ; (Shandong Weifang Rainbow Chemical Co., Ltd. - Unidade Fabril 01<CHINA, REPUBLICA POPULAR>FABRICANTE);PT;II
7712;Metribuzin Tecnico UPL BR;metribuzim (triazinona) (965 g/kg);Herbicida;UPL do Brasil Indústria e Comércio de Insumos Agropecuários S.A. - Matriz Ituverava/SP ; (Jiangsu Sevencontinent Green Chemical Co., Ltd - Unit I<CHINA, REPUBLICA POPULAR>FABRICANTE) +  (Jiangsu Sevencontinent Green Chemical Co., Ltd - Unit II<CHINA, REPUBLICA POPULAR>FABRICANTE);III;II
TC00223;Metribuzin Técnico Bharat;metribuzim (triazinona) (970 g/kg);Herbicida;Biorisk - Assessoria e Comércio de Produtos Agrícolas Ltda.; (Bharat Rasayan Ltd. - Unit II - Gujarat<ÍNDIA>FABRICANTE);PT;II
0813;Metribuzin Técnico Milenia;metribuzim (triazinona) (910 g/kg);Fungicida/Herbicida;Adama Brasil S.A.- Londrina/PR; (Adama Agricultural Solutions Ltd. - Ashdod <ISRAEL>FABRICANTE) +  (GSP Crop Science Limited - Navrangpura<ÍNDIA>FABRICANTE);III;II
TC01920;Metribuzin Técnico Proventis;metribuzim (triazinona) (970 g/kg);Herbicida;Proventis Lifescience Defensivos Agrícolas Ltda; (Yancheng South Chemical Co, Ltd<CHINA, REPUBLICA POPULAR>FABRICANTE);PT;II
07313;Metribuzin Técnico Rallis;metribuzim (triazinona) (960 g/kg);Herbicida;Prophyto Comercio e Serviços Ltda.  São Paulo/SP; (Rallis India Limited - Churchgate<ÍNDIA>FABRICANTE) +  (Rallis India Limited - Bharuch<ÍNDIA>FABRICANTE);III;II
TC10224;Metribuzin Técnico SYN;metribuzim (triazinona) (960 g/kg);Herbicida;Syngenta Proteção de Cultivos Ltda.  São Paulo/SP; (Rallis India Limited - Bharuch<ÍNDIA>FABRICANTE);PT;II
4512;Metribuzin Técnico Tide;metribuzim (triazinona) (965 g/kg);Herbicida;Tide do Brasil Ltda - Porto Alegre/RS; (Jiangsu Sevencontinent Green Chemical Co., Ltd - Unit I<CHINA, REPUBLICA POPULAR>FABRICANTE);III;II
5709;Metribuzin Técnico UPL;metribuzim (triazinona) (940 g/kg);Herbicida;UPL do Brasil Indústria e Comércio de Insumos Agropecuários S.A. - Matriz Ituverava/SP ;;III;II
TC09720;Metsulfurom Técnico JE-CropChem;metsulfurom-metílico (sulfoniluréia) (980 g/kg);Herbicida;Cropchem Ltda - Porto Alegre; (Jiangsu Institute of Ecomonesn CO., LTD.<CHINA, REPUBLICA POPULAR>FABRICANTE);PT;III
TC13522;Metsulfurom-Metílico Técnico FMC;metsulfurom-metílico (sulfoniluréia) (970 g/kg);Herbicida;FMC Química do Brasil Ltda. - Campinas/SP; (Atul Limited<ÍNDIA>FABRICANTE);PT;III
TC11920;Metsulfurom-Metílico Técnico Nortox;metsulfurom-metílico (sulfoniluréia) (980 g/kg);Herbicida;Nortox S.A. - Arapongas; (Jiangsu Institute of Ecomonesn CO., LTD.<CHINA, REPUBLICA POPULAR>FABRICANTE);I;III
07911;Metsulfuron Methyl Tecnico Rotam ;metsulfurom-metílico (sulfoniluréia) (980 g/kg);Herbicida;Albaugh Agro Brasil Ltda.- São Paulo;;I;III
4706;Metsulfuron Methyl Técnico;metsulfurom-metílico (sulfoniluréia) (960 g/kg);Herbicida;FMC Química do Brasil Ltda. - Campinas/SP;;I;III
5706;Metsulfuron Técnico Sumitomo;metsulfurom-metílico (sulfoniluréia) (960 g/kg);Herbicida;Sumitomo Chemical Brasil Indústria Química S.A. - Maracanaú/CE; (Nufarm Australia Limited - Pipe<AUSTRÁLIA>FABRICANTE) +  (Jiangsu Institute of Economes<CHINA, REPUBLICA POPULAR>FABRICANTE) +  (Sumitomo Chemical Brasil Indústria Química S.A. - Maracanaú/CE<BRASIL>FABRICANTE);III;III
4606;Metsulfuron Técnico UPL;metsulfurom-metílico (sulfoniluréia) (950 g/kg);Herbicida;UPL do Brasil Indústria e Comércio de Insumos Agropecuários S.A. - Matriz Ituverava/SP ; (Jiangsu Changlong Chemicals Co., Ltd<CHINA, REPUBLICA POPULAR>FABRICANTE) +  (Jiangsu Institute of Economes<CHINA, REPUBLICA POPULAR>FABRICANTE);IV;III
TC12220;Metsulfuron-M Técnico 980 AGCN;metsulfurom-metílico (sulfoniluréia) (980 g/kg);Herbicida;Agriconnection Importadora e Exportadora de Insumos Agrícolas - Barueri/SP; (Jiangsu Institute of Ecomonesn CO., LTD.<CHINA, REPUBLICA POPULAR>FABRICANTE);PT;III
17107;Metsulfuron-Methyl Técnico Cheminova;metsulfurom-metílico (sulfoniluréia) (967.09 g/kg);Herbicida;FMC Química do Brasil Ltda. - Campinas/SP;;I;III
TC09420;Metsulfuron-Methyl Técnico RTM;metsulfurom-metílico (sulfoniluréia) (980 g/kg);Herbicida;Albaugh Agro Brasil Ltda.- São Paulo; (Jiangsu Institute of Ecomonesn CO., LTD.<CHINA, REPUBLICA POPULAR>FABRICANTE);PT;III
TC20122;Miclobutanil Técnico SD;miclobutanil (triazol) (980 g/kg);Fungicida;Sharda do Brasil Comércio de Produtos Químicos e Agroquímicos LTDA; (HuBei XilanLong Chemical Industry Co. Ltd <CHINA, REPUBLICA POPULAR>FABRICANTE);PT;II
3110;Midash Técnico;imidacloprido (neonicotinóide) (960 g/kg);Inseticida;Sharda do Brasil Comércio de Produtos Químicos e Agroquímicos LTDA; (Yancheng Limin Chemical Co. Ltd - Yandu<CHINA, REPUBLICA POPULAR>FABRICANTE);II;III
05403;Milbeknock Técnico;milbemectina (Milbemicinas) (950 g/kg);Acaricida/Inseticida;Iharabras S.A. Indústria Químicas - Sorocaba; (Nippon Kayaku Company Limited<JAPÃO>FABRICANTE) +  (Sankyo Agro Company Limited<JAPÃO>FABRICANTE) +  (Iharabras S.A. Indústria Químicas - Sorocaba<BRASIL>FABRICANTE);I;II
5696;Mimic Técnico RHB;tebufenozida (diacilhidrazina) (940 g/kg);Inseticida;Iharabras S.A. Indústria Químicas - Sorocaba; (Corteva Agriscience Italia S.r.l. - Mozzanica(Bergamo)<ITÁLIA>FABRICANTE) +  (Deccan Fine Chemicals (India) Limited - Andhra Pradesh<ÍNDIA>FABRICANTE);IV;II
TC15325;Mimicor Técnico;piriproxifem (éter piridiloxipropílico) (975 g/kg);Inseticida;Tagros Brasil Comércio de Produtos Químicos Ltda.; (Tagros Chemicals India Private Limited - Tamil Nadu <ÍNDIA>FABRICANTE);PT;II
196;Moddus Técnico;trinexapaque-etílico (ácido dioxociclohexanocarboxílico) (920 g/kg);Regulador de Crescimento;Syngenta Proteção de Cultivos Ltda.  São Paulo/SP; (Syngenta Crop Protection AG - Monthey<SUÍCA>FABRICANTE);IV;II
1596;Monceren Técnico;pencicurom (feniluréia) (950 g/kg);Fungicida;Gowan Produtos Agrícolas Ltda. - Matriz Campinas/SP; (Bayer AG - Dormagen<ALEMANHA>FABRICANTE);IV;II
2613;Moncut Técnico ;Flutolanil (carboxamida) (968 g/kg);Fungicida;Nichino do Brasil Agroquimicos Ltda. ; (Central Glass Co Ltd - Ube Plant<JAPÃO>FABRICANTE);III;III
9798;Mospilan Técnico;acetamiprido (neonicotinóide) (990 g/kg);Inseticida;Iharabras S.A. Indústria Químicas - Sorocaba; (Nippon Soda Co. Ltd. - Niigata<JAPÃO>FABRICANTE) +  (Iharabras S.A. Indústria Químicas - Sorocaba<BRASIL>FABRICANTE) +  (Tiajin Rotam Chemical Indústry Co. Ltd.<CHINA, REPUBLICA POPULAR>FABRICANTE) +  (Liling Fine Chemical Co. Ltd<CHINA, REPUBLICA POPULAR>FABRICANTE) +  (Jiangsu Chemspec-Weier Chemical Co., Ltd.<CHINA, REPUBLICA POPULAR>FABRICANTE) +  (Deccan Fine Chemical (Índia) Private Limited - Telangana (Escritorio)<ÍNDIA>FABRICANTE) +  (Shandong Hailir Chemical Co., Ltd.<CHINA, REPUBLICA POPULAR>FABRICANTE) +  (Shandong Hailir Chemical Co., Ltd.<CHINA, REPUBLICA POPULAR>FABRICANTE);III;II
07200;N-Decanol Técnico ALS;decanol (álcool alifático) (993 g/kg);Regulador de Crescimento;UPL do Brasil Indústria e Comércio de Insumos Agropecuários S.A. - Matriz Ituverava/SP ; (Vista Chemical  - Houston<ESTADOS UNIDOS>FABRICANTE) +  (BP Amoco Chemicals<ESTADOS UNIDOS>FABRICANTE);IV;II
38819;Neozil Técnico ;imazalil (imidazol) (985 g/kg);Fungicida;UPL do Brasil Indústria e Comércio de Insumos Agropecuários S.A. - Matriz Ituverava/SP ; (Laboratórios Agrochem SL<ESPANHA>FABRICANTE);PT;II
TC02026;Nicossulfurom JR Técnico Helm;nicossulfurom (sulfoniluréia) (960 g/kg);Herbicida;Helm do Brasil Mercantil - São Paulo/SP; (Jiangsu Repont Agrochemical Co. Ltd  - Rudong<CHINA, REPUBLICA POPULAR>FABRICANTE);III;III
8814;Nicossulfurom Tecnico Pilaraquim;nicossulfurom (sulfoniluréia) (944 g/kg);Herbicida;Pilarquim Br Comercial Ltda.- São Paulo; (Pilarquim (Shanghai) Co. Ltd.<CHINA, REPUBLICA POPULAR>FABRICANTE) +  (Zibo Nab Agrochemicals Limited - Zibo<CHINA, REPUBLICA POPULAR>FABRICANTE);III;III
TC18321;Nicosulfurom Técnico Albaugh 01;nicossulfurom (sulfoniluréia) (960 g/kg);Herbicida;Albaugh Agro Brasil Ltda.- São Paulo; (Zibo Nab Agrochemicals Limited - Zibo<CHINA, REPUBLICA POPULAR>FABRICANTE);PT;III
42718;Nicosulfuron Ascenza Técnico II;nicossulfurom (sulfoniluréia) (960 g/kg);Herbicida;Ascenza Brasil Ltda - Hortolândia/SP; (Jiangsu Repont Pesticide Factory - Jintan<CHINA, REPUBLICA POPULAR>FABRICANTE);III;III
3016;Nicosulfuron Tecnico Avgust;nicossulfurom (sulfoniluréia) (960 g/kg);Herbicida;Avgust Crop Protection Importação e Exportação Ltda.; (Changzhou August Agrochem Company Limited<CHINA, REPUBLICA POPULAR>FABRICANTE);III;III
0714;Nicosulfuron Tecnico Nortox BR;nicossulfurom (sulfoniluréia) (960 g/kg);Herbicida;Nortox S.A. - Arapongas; (Jiangsu Repont Pesticide Factory - Jintan<CHINA, REPUBLICA POPULAR>FABRICANTE) +  (Zibo Nab Agrochemicals Limited - Zibo<CHINA, REPUBLICA POPULAR>FABRICANTE);III;III
05906;Nicosulfuron Técnico;nicossulfurom (sulfoniluréia) (910 g/kg);Herbicida;CTVA Proteção de Cultivos Ltda - Barueri (Tamboré);;I;III
3712;Nicosulfuron Técnico 960 RPT - AGCN;nicossulfurom (sulfoniluréia) (960 g/kg);Herbicida;Agriconnection Importadora e Exportadora de Insumos Agrícolas - Barueri/SP; (Jiangsu Repont Pesticide Factory - Jintan<CHINA, REPUBLICA POPULAR>FABRICANTE);III;III
13209;Nicosulfuron Técnico 960 WIH - AGCN;nicossulfurom (sulfoniluréia) (960 g/kg);Herbicida;Agriconnection Importadora e Exportadora de Insumos Agrícolas - Barueri/SP;;III;III
1511;Nicosulfuron Técnico Cropchem;nicossulfurom (sulfoniluréia) (960 g/kg);Herbicida;Cropchem Ltda - Porto Alegre;;III;III
42818;Nicosulfuron Técnico Globachem;nicossulfurom (sulfoniluréia) (980 g/kg);Herbicida;Globachem Proteção de Cultivos do Brasil Ltda. - Campinas/SP; (Jiangsu Repont Pesticide Factory - Jintan<CHINA, REPUBLICA POPULAR>FABRICANTE);III;III
05094;Nicosulfuron Técnico ISK;nicossulfurom (sulfoniluréia) (940 g/kg);Herbicida;ISK Biosciences do Brasil Defensivos Agricolas Ltda; (Ishihara Sangyo Kaisha  LTD (Sede)<JAPÃO>FABRICANTE) +  (Jingma Chemicals Co., Ltd. - Zhejiang<CHINA, REPUBLICA POPULAR>FABRICANTE) +  (Jiangsu Repont Agrochemical Co. Ltd  - Rudong<CHINA, REPUBLICA POPULAR>FABRICANTE) +  (Jiangsu Repont Agrochemical Co. Ltd  - Rudong<CHINA, REPUBLICA POPULAR>FABRICANTE);III;III
TC18521;Nicosulfuron Técnico NAB;nicossulfurom (sulfoniluréia) (960 g/kg);Herbicida;Biorisk - Assessoria e Comércio de Produtos Agrícolas Ltda.; (Zibo Nab Agrochemicals Limited - Zibo<CHINA, REPUBLICA POPULAR>FABRICANTE);PT;III
02503;Nicosulfuron Técnico Nortox;nicossulfurom (sulfoniluréia) (950 g/kg);Herbicida;Nortox S.A. - Arapongas; (Nortox S.A. - Arapongas<BRASIL>FABRICANTE) +  (Jiangsu Repont Pesticide Factory - Jintan<CHINA, REPUBLICA POPULAR>FABRICANTE);III;III
13009;Nicosulfuron Técnico Prentiss;nicossulfurom (sulfoniluréia) (960 g/kg);Herbicida;Prentiss Química Ltda. - Campo Largo/PR; (Jintan Wish Chemical Co., Ltd.<CHINA, REPUBLICA POPULAR>FABRICANTE);III;III
17018;Nicosulfuron Técnico RDB;nicossulfurom (sulfoniluréia) (976.5 g/kg);Herbicida;Albaugh Agro Brasil Ltda.- São Paulo; (Zibo Nab Agrochemicals Limited - Zibo<CHINA, REPUBLICA POPULAR>FABRICANTE);III;III
TC27522;Nicosulfuron Técnico RTM;nicossulfurom (sulfoniluréia) (970 g/kg);Herbicida;Albaugh Agro Brasil Ltda.- São Paulo; (Jingbo Agrochemicals Technology Co Ltd<CHINA, REPUBLICA POPULAR>FABRICANTE);PT;III
TC06425;Nicosulfuron Técnico SYN;nicossulfurom (sulfoniluréia) (940 g/kg);Herbicida;Syngenta Proteção de Cultivos Ltda.  São Paulo/SP; (Jiangsu Changging Agrochemical Co. Ltd.- Jiangdu<CHINA, REPUBLICA POPULAR>FABRICANTE);PT;III
17118;Nicosulfuron Técnico Sino-Agri;nicossulfurom (sulfoniluréia) (960 g/kg);Herbicida;Lemma Agronegócios Importação e Exportação Ltda.; (Zibo Nab Agrochemicals Limited - Zibo<CHINA, REPUBLICA POPULAR>FABRICANTE);III;III
42918;Nicosulfuron Técnico Trustchem;nicossulfurom (sulfoniluréia) (960 g/kg);Herbicida;Trustchem Brazil Agroscience Sociedade Unipessoal Ltda - São Paulo/SP; (Jiangsu Repont Pesticide Factory - Jintan<CHINA, REPUBLICA POPULAR>FABRICANTE);III;III
13109;Nicosulfuron Técnico UPL;nicossulfurom (sulfoniluréia) (960 g/kg);Herbicida;UPL do Brasil Indústria e Comércio de Insumos Agropecuários S.A. - Matriz Ituverava/SP ; (Jintan Wish Chemical Co., Ltd.<CHINA, REPUBLICA POPULAR>FABRICANTE);III;III
0316;Nicosulfuron Técnico UPL BR;nicossulfurom (sulfoniluréia) (976.5 g/kg);Herbicida;UPL do Brasil Indústria e Comércio de Insumos Agropecuários S.A. - Matriz Ituverava/SP ; (Zibo Nab Agrochemicals Limited - Zibo<CHINA, REPUBLICA POPULAR>FABRICANTE);III;III
TC04726;Nicosulfuron Técnico Wynca;nicossulfurom (sulfoniluréia) (970 g/kg);Herbicida;Wynca do Brasil Ltda  São Paulo ; (Gansu Xinyu (Western) Chemical Co. Ltd.<CHINA, REPUBLICA POPULAR>FABRICANTE);PT;III
TC24222;Nicosulfuron Técnico XW;nicossulfurom (sulfoniluréia) (960 g/kg);Herbicida;Xingfa Brasil Ltda; (Zibo Nab Agrochemicals Limited - Zibo<CHINA, REPUBLICA POPULAR>FABRICANTE);PT;III
TC05426;Nicosulfuron Técnico YN;nicossulfurom (sulfoniluréia) (975 g/kg);Herbicida;Biorisk - Assessoria e Comércio de Produtos Agrícolas Ltda.; (Anhui JiuYi Agriculture Co., Ltd.<CHINA, REPUBLICA POPULAR>FABRICANTE);PT;III
06097;Nominee Técnico;Bispiribaque-sódico (ácido pirimidiniloxibenzóico) (930 g/kg);Herbicida;Iharabras S.A. Indústria Químicas - Sorocaba; (Kumiai Chemical Industry Co. Ltd. - Shizuoka Planta<JAPÃO>FABRICANTE) +  (Iharabras S.A. Indústria Químicas - Sorocaba<BRASIL>FABRICANTE) +  (PI Industries Limited - Panoli<ÍNDIA>FABRICANTE);III;III
01293;Nomolt Técnico;teflubenzurom (benzoiluréia) (950 g/kg);Acaricida/Inseticida;Basf Agricultural Solutions Brasil Ltda  São Paulo/SP; (BASF SE  - Ludwigshafen<ALEMANHA>FABRICANTE);IV;II
19519;Novalurom Ascenza Técnico;novalurom (benzoiluréia) (980 g/kg);Inseticida;Ascenza Brasil Ltda - Hortolândia/SP; (Jiangsu Flag Chemical Industry Co., Ltd.<CHINA, REPUBLICA POPULAR>FABRICANTE);IV;II
31019;Novaluron Técnico 980 AGCN;novalurom (benzoiluréia) (980 g/kg);Inseticida;Agriconnection Importadora e Exportadora de Insumos Agrícolas - Barueri/SP; (Jiangsu Flag Chemical Industry Co., Ltd.<CHINA, REPUBLICA POPULAR>FABRICANTE);IV;II
19119;Novaluron Técnico CCAB;novalurom (benzoiluréia) (980 g/kg);Inseticida;CCAB Agro S.A.   São Paulo; (Jiangsu Flag Chemical Industry Co., Ltd.<CHINA, REPUBLICA POPULAR>FABRICANTE);IV;II
19419;Novaluron Técnico Nortox;novalurom (benzoiluréia) (980 g/kg);Inseticida;Nortox S.A. - Arapongas; (Jiangsu Flag Chemical Industry Co., Ltd.<CHINA, REPUBLICA POPULAR>FABRICANTE) +  (Jiangsu Jiannong ABA Agrochemical Co., Ltd.<CHINA, REPUBLICA POPULAR>FABRICANTE) +  (Jiangsu Jiannong ABA Agrochemical Co., Ltd.<CHINA, REPUBLICA POPULAR>FABRICANTE);IV;II
19319;Novaluron Técnico Nova;novalurom (benzoiluréia) (980 g/kg);Inseticida;Biorisk - Assessoria e Comércio de Produtos Agrícolas Ltda.; (Jiangsu Flag Chemical Industry Co., Ltd.<CHINA, REPUBLICA POPULAR>FABRICANTE);IV;II
36718;Novaluron Técnico UPL;novalurom (benzoiluréia) (984.18 g/kg);Inseticida;UPL do Brasil Indústria e Comércio de Insumos Agropecuários S.A. - Matriz Ituverava/SP ; (UPL Limited - Halol<ÍNDIA>FABRICANTE);IV;II
01306;Oberon Técnico;Espiromesifeno (cetoenol) (950 g/kg);Acaricida/Inseticida;Bayer S.A. - São Paulo/ SP; (Bayer Cropscience AG - (Sede Administrativa) - Leverkusen<ALEMANHA>FABRICANTE);III;III
2014;Obny Técnico;cyflumetofen (acylacetonitrila) (96 g/kg);Acaricida;UPL do Brasil Indústria e Comércio de Insumos Agropecuários S.A. - Matriz Ituverava/SP ; (Sugai Chemical Industry Co., Ltd.<JAPÃO>FABRICANTE) +  (Tianjin Shipule Pesticide Technical Dep. Co. Ltd<CHINA, REPUBLICA POPULAR>FABRICANTE) +  (AGC Wakasa Chemical Co., Ltd.  Plant Kaminaka<JAPÃO>FABRICANTE);I;III
0814;Okay Técnico;cyflumetofen (acylacetonitrila) (960 g/kg);Acaricida;Iharabras S.A. Indústria Químicas - Sorocaba; (Sugai Chemical Industry Co., Ltd.<JAPÃO>FABRICANTE) +  (Tianjin Shipule Pesticide Technical Dep. Co. Ltd<CHINA, REPUBLICA POPULAR>FABRICANTE) +  (AGC Wakasa Chemical Co., Ltd.  Plant Kaminaka<JAPÃO>FABRICANTE) +  (Iharabras S.A. Indústria Químicas - Sorocaba<BRASIL>FABRICANTE);I;III
00519;Olasul Técnico;sulfentrazona (triazolona) (970 g/kg);Herbicida;Maxunitech do Brasil Ltda; (Oriental (Luzhou) Agrochemicals Co., Ltd.<CHINA, REPUBLICA POPULAR>FABRICANTE);III;II
02193;Omite Técnico ;propargito (sulfito de alquila) (850 g/kg);Acaricida;UPL do Brasil Indústria e Comércio de Insumos Agropecuários S.A. - Matriz Ituverava/SP ; (Lanxess Soluntios Italy S.r.l. - Scalo/Latina<ITÁLIA>FABRICANTE) +  (Deccan Fine Chemicals (India) Limited - Andhra Pradesh<ÍNDIA>FABRICANTE);III;II
0968591;Omite Técnico Italiano 850;propargito (sulfito de alquila) (850 g/kg);Acaricida;UPL do Brasil Indústria e Comércio de Insumos Agropecuários S.A. - Matriz Ituverava/SP ; (Lanxess Soluntios Italy S.r.l. - Scalo/Latina<ITÁLIA>FABRICANTE);III;II
TC15220;Ommi Técnico;Tolfenpyrad (pirazol) (985 g/kg);Acaricida/Inseticida;Nichino do Brasil Agroquimicos Ltda. ; (PI Industries Limited - Panoli<ÍNDIA>FABRICANTE) +  (PI Industries Ltd. - Jambusar<ÍNDIA>FABRICANTE);Não;II
2699;Orius Técnico;tebuconazol (triazol) (960 g/kg);Fungicida;Adama Brasil S.A.- Londrina/PR; (Adama Brasil S.A. - Taquari<BRASIL>FABRICANTE) +  (Adama Brasil S.A.- Londrina/PR<BRASIL>FABRICANTE) +  (Adama Agricultural Solutions Ltd. - Beer Sheva<ISRAEL>FABRICANTE) +  (Shangyu Nutrichem Co., Ltd.<CHINA, REPUBLICA POPULAR>FABRICANTE) +  (Rudong Zhongyi Chemical Co., Ltd.<CHINA, REPUBLICA POPULAR>FABRICANTE) +  (GSP Crop Science Limited - Navrangpura<ÍNDIA>FABRICANTE) +  (Adama Brasil S.A.- Londrina/PR<BRASIL>FABRICANTE) +  (Adama Brasil S.A. - Taquari<BRASIL>FABRICANTE) +  (Adama Agricultural Solutions Ltd. - Beer Sheva<ISRAEL>FABRICANTE) +  (Liaoning Zhonghui Biotechnology Co.,Ltd<CHINA, REPUBLICA POPULAR>FABRICANTE) +  (Shangyu Nutrichem Co., Ltd.<CHINA, REPUBLICA POPULAR>FABRICANTE);I;II
2728794;Orthene Técnico ;acefato (organofosforado) (970 g/kg);Inseticida;UPL do Brasil Indústria e Comércio de Insumos Agropecuários S.A. - Matriz Ituverava/SP ; (Arysta LifeScience Corporation<JAPÃO>FABRICANTE);III;II
2911;Orthene Técnico Hokko;acefato (organofosforado) (980 g/kg);Acaricida/Inseticida;UPL do Brasil Indústria e Comércio de Insumos Agropecuários S.A. - Matriz Ituverava/SP ; (Arysta LifeScience Corporation<JAPÃO>FABRICANTE) +  (Zhejiang Linghua Industry Co., Ltd.<CHINA, REPUBLICA POPULAR>FABRICANTE) +  (Jiahua Chemicals Corporation<CHINA, REPUBLICA POPULAR>FABRICANTE) +  (NACL Industries Limited <ÍNDIA>FABRICANTE) +  (Rallis Índia Limited - Maharashtra<ÍNDIA>FABRICANTE) +  (Zhejiang Jiahua Group Co., Ltd.<CHINA, REPUBLICA POPULAR>FABRICANTE) +  (Nantong Weilike Chemical Co., Ltd.<CHINA, REPUBLICA POPULAR>FABRICANTE) +  (Jiangsu Lanfeng Biochemical Co. Ltd - Planta 2 Suhua<CHINA, REPUBLICA POPULAR>FABRICANTE) +  (Hunan Yuanjiang Chifeng Agricultural Chemical Co. Ltd.<CHINA, REPUBLICA POPULAR>FABRICANTE);III;II
02168304;Orthocide Técnico Micronizado;captana (dicarboximida) (900 g/kg);Fungicida;UPL do Brasil Indústria e Comércio de Insumos Agropecuários S.A. - Matriz Ituverava/SP ; (Adama Agricultural Solutions Ltd. - Beer Sheva<ISRAEL>FABRICANTE);IV;II
2111;Orthosulfamuron Técnico;ortossulfamurom (sulfoniluréia) (980.61 g/kg);Herbicida;Nichino do Brasil Agroquimicos Ltda. ; (Arxada AG - Visp<SUÍCA>FABRICANTE) +  (Nichino Chemical India Private Limited (Medak - Unit 1)<ÍNDIA>FABRICANTE);III;III
03793;Ortus Técnico 960;fenpiroximato (pirazol) (960 g/kg);Acaricida;Nichino do Brasil Agroquimicos Ltda. ; (Sugai Chemical Industry Co. Ltd. - Wakayama Site<JAPÃO>FABRICANTE) +  (Poohun Photo-Chemical Co.,Ltd. <CORÉIA (DO SUL), REPÚBLICA DA>FABRICANTE);II;II
1008402;Oxadiazon Técnico ;oxadiazona (oxadiazolona) (920 g/kg);Herbicida;Bayer S.A. - São Paulo/ SP; (Rhodia Organics Division S.A.<FRANÇA>FABRICANTE) +  (Bayer AG - Dormagen<ALEMANHA>FABRICANTE) +  (Bayer AG -Industriepark Höchst - Frankfurt <ALEMANHA>FABRICANTE) +  (Schirm Gmbh - Schönebeck<ALEMANHA>FABRICANTE) +  (Basf Agricultural Solutions US LLC- Michigan<ESTADOS UNIDOS>FABRICANTE) +  (Lianyungang Jindun Agro-Chemical Co., Ltd<CHINA, REPUBLICA POPULAR>FABRICANTE);III;III
TC08521;Oxathiapiprolin Técnico;Oxatiapiprolim (Piperidinil Tiazol Izoxazolina) (950 g/kg);Fungicida;CTVA Proteção de Cultivos Ltda - Barueri (Tamboré); (Allessa GmbH - Höchst<ALEMANHA>FABRICANTE) +  (Corteva Agriscience Spain, S.L. - Asturias/Espanha<ESPANHA>FABRICANTE) +  (Saltigo GmbH- Leverkusen<ALEMANHA>FABRICANTE);Não;III
1818398;Oxicloreto Técnico BR;oxicloreto de cobre (inorgânico) (933 g/kg);Fungicida;Albaugh Agro Brasil Ltda.- São Paulo; (Albaugh Agro Brasil Ltda.- Resende<BRASIL>FABRICANTE);IV;III
02905;Oxicloreto de Cobre Técnico Fanaproqui;oxicloreto de cobre (inorgânico) (957 g/kg);Bactericida/Fungicida;Contacta Registros e Gestão Agropecuária Ltda;;II;III
1809;Oxicloreto de Cobre Técnico Isagro;oxicloreto de cobre (inorgânico) (986.5 g/kg);Fungicida;Gowan Produtos Agrícolas Ltda. - Matriz Campinas/SP; (Isagro S.p.A - Adria (Rovigo)<ITÁLIA>FABRICANTE);I;II
4109;Oxicloreto de Cobre Técnico Oxiquímica;oxicloreto de cobre (inorgânico) (957 g/kg);Fungicida;Oxiquímica Agrociência Ltda; (Oxiquímica Agrociência Ltda<BRASIL>FABRICANTE) +  (Saldeco Sales y Derivados de Cobre SA<PERU>FABRICANTE);I;II
01702;Oxicloreto de Cobre Técnico Sumitomo;oxicloreto de cobre (inorgânico) (960 g/kg);Fungicida;Quimetal Produtos Quimicos do Brasil Ltda.  ; (SULCOSA - Sulfato de Cobre S.A<PERU>FABRICANTE) +  (Sumitomo Chemical Brasil Indústria Química S.A. - Maracanaú/CE<BRASIL>FABRICANTE);IV;II
TC09121;Oxifluorfem Ascenza Técnico;oxifluorfem (éter difenílico) (980 g/kg);Herbicida;Ascenza Brasil Ltda - Hortolândia/SP; (Nantong Jiahe Chemicals Co. Ltd.<CHINA, REPUBLICA POPULAR>FABRICANTE);PT;II
TC25125;Oxifluorfem Técnico Rainbow;oxifluorfem (éter difenílico) (980 g/kg);Herbicida;Rainbow Defensivos Agrícolas Ltda.- Porto Alegre /RS ; (Shandong Weifang Rainbow Chemical Co., Ltd. - Unidade Fabril 01<CHINA, REPUBLICA POPULAR>FABRICANTE);PT;II
TC19426;Oxifluorfen Técnico Nortox II ;oxifluorfem (éter difenílico) (970 g/kg);Herbicida;Nortox S.A. - Arapongas; (Capital Industry Construction Technology Co., Ltd.<CHINA, REPUBLICA POPULAR>FABRICANTE);PT;II
TC13625;Oxyflourfen Técnico Xinlong;oxifluorfem (éter difenílico) (970 g/kg);Herbicida;Biorisk - Assessoria e Comércio de Produtos Agrícolas Ltda.; (Capital Industry Construction Technology Co., Ltd.<CHINA, REPUBLICA POPULAR>FABRICANTE);PT;II
TC15426;Oxyfluorfen Técnico Wynca;oxifluorfem (éter difenílico) (970 g/kg);Herbicida;Proregistros Registros de Produtos Ltda - EPP ; (Shandong Qiaochang Chemical Co.,LTD - Binzhou<CHINA, REPUBLICA POPULAR>FABRICANTE);PT;II
TC31925;Oxyfluorfen Técnico YN;oxifluorfem (éter difenílico) (970 g/kg);Herbicida;Proregistros Registros de Produtos Ltda - EPP ; (Ningxia Yifan Biotechnology Co. Ltd.<CHINA, REPUBLICA POPULAR>FABRICANTE);PT;II
23919;PMG Técnico FH;glifosato (glicina substituída) (950 g/kg);Herbicida;Syngenta Proteção de Cultivos Ltda.  São Paulo/SP; (Sichuan Leshan Fuhua Tongda Agro-chemical Technology Co. LTD<CHINA, REPUBLICA POPULAR>FABRICANTE);I;III
11308;PMG Técnico NJ;glifosato (glicina substituída) (950 g/kg);Herbicida;Syngenta Proteção de Cultivos Ltda.  São Paulo/SP; (Nantong Jiangshan Agrochemical & Chemical Ltd. Liability Co.<CHINA, REPUBLICA POPULAR>FABRICANTE);II;III
13608;PMG Técnico Syngenta;glifosato (glicina substituída) (950 g/kg);Herbicida;Syngenta Proteção de Cultivos Ltda.  São Paulo/SP; (Monsanto Europe S.A - Escritório<BÉLGICA>FABRICANTE) +  (Monsanto Company - Escritório<ESTADOS UNIDOS>FABRICANTE) +  (Youth Chemical Co. Ltd. - Jiangsu<CHINA, REPUBLICA POPULAR>FABRICANTE) +  (Monsanto do Brasil Ltda - S. J. dos Campos<BRASIL>FABRICANTE) +  (Monsanto Argentina S.R.L. - Zarate Plant<ARGENTINA>FABRICANTE);I;III
06100;Paclobutrazol Tecnico;paclobutrazol (triazol) (930 g/kg);Regulador de Crescimento;Syngenta Proteção de Cultivos Ltda.  São Paulo/SP; (Calachem Limited(fábrica)<REINO UNIDO>FABRICANTE) +  (Shenyang Sciencreat Chemicals Co.,Ltd.<CHINA, REPUBLICA POPULAR>FABRICANTE) +  (Shenyang Sciencreat Chemicals Co.,Ltd.<CHINA, REPUBLICA POPULAR>FABRICANTE) +  (Jiangsu Sword Agrochemicals Co., Ltd. - Jiangsu<CHINA, REPUBLICA POPULAR>FABRICANTE) +  (Shenyang Sciencreat Chemicals Co.,Ltd.<CHINA, REPUBLICA POPULAR>FABRICANTE);III;II
21317;Paclobutrazol Tradecorp Tecnico;paclobutrazol (triazol) (980 g/kg);Regulador de Crescimento;Ascenza Brasil Ltda - Hortolândia/SP; (Jiangsu Flag Chemical Industry Co., Ltd.<CHINA, REPUBLICA POPULAR>FABRICANTE) +  (Zhejiang Udragon Bioscience Co. Ltd<CHINA, REPUBLICA POPULAR>FABRICANTE);III;II
07118;Paclobutrazol Técnico Proplan;paclobutrazol (triazol) (980 g/kg);Regulador de Crescimento;Biorisk - Assessoria e Comércio de Produtos Agrícolas Ltda.;;III;II
TC12625;Paclobutrazol Técnico Rainbow;paclobutrazol (triazol) (965 g/kg);Regulador de Crescimento;Rainbow Defensivos Agrícolas Ltda.- Porto Alegre /RS ; (Shandong Weifang Rainbow Chemical Co., Ltd. - Unidade Fabril 01<CHINA, REPUBLICA POPULAR>FABRICANTE);PT;II
27117;Paclobutrazol Técnico UPL;paclobutrazol (triazol) (975 g/kg);Regulador de Crescimento;UPL do Brasil Indústria e Comércio de Insumos Agropecuários S.A. - Matriz Ituverava/SP ; (Jiangsu Sevencontinent Green Chemical Co., Ltd - Unit I<CHINA, REPUBLICA POPULAR>FABRICANTE);III;II
01599;Panther Técnico ;quizalofope-P-tefurílico (ácido ariloxifenoxipropiônico) (950 g/kg);Herbicida;UPL do Brasil Indústria e Comércio de Insumos Agropecuários S.A. - Matriz Ituverava/SP ; (ESIM Chemicals GmbH -  Linz <ÁUSTRIA>FABRICANTE) +  (Shangyu Fanghua Chemical Co. Ltd. - Zhejiang<CHINA, REPUBLICA POPULAR>FABRICANTE) +  (Sinon Corporation - Taichuan<TAIWAN (ILHA FORMOSA)>FABRICANTE);III;II
TC14025;Parijat Mesotriona Técnico ;Mesotriona (Tricetona) (980 g/kg);Herbicida;Biorisk - Assessoria e Comércio de Produtos Agrícolas Ltda.; (Crimsun Organics Private Ltd.<ÍNDIA>FABRICANTE);PT;III
TC21326;Parijat Piriproxifem Técnico;piriproxifem (éter piridiloxipropílico) (984 g/kg);Inseticida;Biorisk - Assessoria e Comércio de Produtos Agrícolas Ltda.; (Crimsun Organics Private Ltd.<ÍNDIA>FABRICANTE);PT;II
08305;Penoxsulam Técnico;Penoxsulam (sulfonanilida triazolopirimidina) (950 g/kg);Herbicida;CTVA Proteção de Cultivos Ltda - Barueri (Tamboré); (Corteva Agriscience LLC - Midland - Michigan<ESTADOS UNIDOS>FABRICANTE) +  (Huaian Glory Chemical Co., Ltd.<CHINA, REPUBLICA POPULAR>FABRICANTE) +  (Deccan Fine Chemicals (India) Limited - Andhra Pradesh<ÍNDIA>FABRICANTE);III;III
TC32025;Penoxsulam Técnico CX;Penoxsulam (sulfonanilida triazolopirimidina) (980 g/kg);Herbicida;Zhongshan Química do Brasil - Sorocaba/SP; (Xiangshui Zhongshan Bioscience Co. Ltd<CHINA, REPUBLICA POPULAR>FABRICANTE);PT;III
TC15925;Penoxsulam Técnico Rainbow;Penoxsulam (sulfonanilida triazolopirimidina) (980 g/kg);Herbicida;Rainbow Defensivos Agrícolas Ltda.- Porto Alegre /RS ; (Shandong Weifang Rainbow Chemical Co., Ltd. - Unidade Fabril 01<CHINA, REPUBLICA POPULAR>FABRICANTE);PT;III
03378399;Permethrin Técnico FMC;permetrina (piretróide) (920 g/kg);Inseticida;FMC Química do Brasil Ltda. - Campinas/SP; (FMC Corporation - Baltimore<ESTADOS UNIDOS>FABRICANTE);III;II
2514;Permethrin Técnico Tagros;permetrina (piretróide) (930 g/kg);Inseticida;Tagros Brasil Comércio de Produtos Químicos Ltda.;;III;II
04197;Permetrina Técnica Fersol;permetrina (piretróide) (930 g/kg);Inseticida;Ameribrás Indústria e Comércio Ltda.; (Fersol Indústria e Comércio S.A. - EM RECUPERACAO JUDICIAL<BRASIL>FABRICANTE) +  (Krishi Rasayan Exports Pvt. Ltd, - Panoli<ÍNDIA>FABRICANTE);III;III
3115;Permetrina Técnica UPL BR;permetrina (piretróide) (930 g/kg);Inseticida;UPL do Brasil Indústria e Comércio de Insumos Agropecuários S.A. - Matriz Ituverava/SP ; (Tagros Chemicals India Private Limited - Tamil Nadu <ÍNDIA>FABRICANTE);III;II
2114;Permetrina Técnico CCAB;permetrina (piretróide) (930 g/kg);Inseticida;CCAB Agro S.A.   São Paulo; (Tagros Chemicals India Private Limited - Tamil Nadu <ÍNDIA>FABRICANTE);III;II
1014;Permetrina Técnico Ouro Fino;permetrina (piretróide) (930 g/kg);Inseticida;Ouro Fino Química S.A. - Uberaba; (Heranba Industries Limited - Mumbai<ÍNDIA>FABRICANTE);III;II
5413;Permetrina Técnico UPL;permetrina (piretróide) (925 g/kg);Inseticida;UPL do Brasil Indústria e Comércio de Insumos Agropecuários S.A. - Matriz Ituverava/SP ; (UPL Limited - Vapi<ÍNDIA>FABRICANTE) +  (Ouro Fino Química S.A. - Uberaba<BRASIL>FABRICANTE);III;II
18508;Picloram 94 Técnico Helm;picloram (ácido piridinocarboxílico) (940 g/kg);Herbicida;Helm do Brasil Mercantil - São Paulo/SP;;I;II
23516;Picloram Tecnico Ouro Fino;picloram (ácido piridinocarboxílico) (920 g/kg);Herbicida;Ouro Fino Química S.A. - Uberaba; (Lier Chemical Co. Ltd.<CHINA, REPUBLICA POPULAR>FABRICANTE);I;II
23217;Picloram Tecnico Sumitomo BR;picloram (ácido piridinocarboxílico) (940 g/kg);Herbicida;Sumitomo Chemical Brasil Indústria Química S.A. - Maracanaú/CE; (Lier Chemical Co. Ltd.<CHINA, REPUBLICA POPULAR>FABRICANTE);I;II
6716;Picloram Tecnico Tecnomyl;picloram (ácido piridinocarboxílico) (965 g/kg);Acaricida/Herbicida/Nematicida;Tecnomyl Brasil Distribuidora de Produtos Agrícolas Ltda - Foz do Iguaçu; (Hebei Wanquan Lihua Chemicals Co. Ltd<CHINA, REPUBLICA POPULAR>FABRICANTE);I;II
010206;Picloram Técnico;picloram (ácido piridinocarboxílico) (950 g/kg);Herbicida;Globachem Proteção de Cultivos do Brasil Ltda. - Campinas/SP;;I;II
TC03222;Picloram Técnico ADA;picloram (ácido piridinocarboxílico) (960 g/kg);Herbicida;Adama Brasil S.A.- Londrina/PR; (Hunan Bide Biochemical Technology Co., Ltd<CHINA, REPUBLICA POPULAR>FABRICANTE);PT;II
13319;Picloram Técnico Adama;picloram (ácido piridinocarboxílico) (950 g/kg);Herbicida;Adama Brasil S.A.- Londrina/PR; (Shandong Weifang Rainbow Chemical Co., Ltd. - Unidade Fabril 01<CHINA, REPUBLICA POPULAR>FABRICANTE);I;II
TC09523;Picloram Técnico Adama 2;picloram (ácido piridinocarboxílico) (960 g/kg);Herbicida;Adama Brasil S.A.- Londrina/PR; (Lianyungang Avilive Chemical Co, Ltd. - Jiangsu <CHINA, REPUBLICA POPULAR>FABRICANTE);PT;II
TC19922;Picloram Técnico Agrisor;picloram (ácido piridinocarboxílico) (950 g/kg);Herbicida;CAC Quimica do Brasil Ltda; (Jiangxi Tianyu Chemical Co., Ltd.<CHINA, REPUBLICA POPULAR>FABRICANTE);PT;II
TC02724;Picloram Técnico Avilive II;picloram (ácido piridinocarboxílico) (960 g/kg);Herbicida;Biorisk - Assessoria e Comércio de Produtos Agrícolas Ltda.; (Lianyungang Avilive Chemical Co, Ltd. - Jiangsu <CHINA, REPUBLICA POPULAR>FABRICANTE);PT;II
TC02222;Picloram Técnico BIDE;picloram (ácido piridinocarboxílico) (960 g/kg);Herbicida;Foison do Brasil Defensivos Agrícolas e Comércio Ltda;;PT;II
9410;Picloram Técnico BRA;picloram (ácido piridinocarboxílico) (960 g/kg);Herbicida;BRA Defensivos Agrícolas Ltda - Piracicaba/SP; (ZheJiang Funong Biotech Co. Ltd.<CHINA, REPUBLICA POPULAR>FABRICANTE);I;III
TC15122;Picloram Técnico CC BRA;picloram (ácido piridinocarboxílico) (950 g/kg);Herbicida;BRA Defensivos Agrícolas Ltda - Piracicaba/SP; (Jiangxi Tianyu Chemical Co., Ltd.<CHINA, REPUBLICA POPULAR>FABRICANTE);PT;II
8116;Picloram Técnico CCAB;picloram (ácido piridinocarboxílico) (965 g/kg);Acaricida/Herbicida/Nematicida;CCAB Agro S.A.   São Paulo; (Hebei Wanquan Lihua Chemicals Co. Ltd<CHINA, REPUBLICA POPULAR>FABRICANTE);I;II
TC09423;Picloram Técnico FB;picloram (ácido piridinocarboxílico) (964 g/kg);Herbicida;Agroallianz S.A; (Lianyungang Avilive Chemical Co, Ltd. - Jiangsu <CHINA, REPUBLICA POPULAR>FABRICANTE);PT;II
TC04222;Picloram Técnico Gilmore;picloram (ácido piridinocarboxílico) (960 g/kg);Herbicida;Gilmore Agro do Brasil Ltda - ME ; (Hunan Bide Biochemical Technology Co., Ltd<CHINA, REPUBLICA POPULAR>FABRICANTE);PT;II
TC19822;Picloram Técnico Globachem;picloram (ácido piridinocarboxílico) (950 g/kg);Herbicida;Globachem Proteção de Cultivos do Brasil Ltda. - Campinas/SP; (Jiangxi Tianyu Chemical Co., Ltd.<CHINA, REPUBLICA POPULAR>FABRICANTE);PT;II
TC01422;Picloram Técnico HB BRA;picloram (ácido piridinocarboxílico) (960 g/kg);Herbicida;BRA Defensivos Agrícolas Ltda - Piracicaba/SP; (Hunan Bide Biochemical Technology Co., Ltd<CHINA, REPUBLICA POPULAR>FABRICANTE);PT;II
TC19124;Picloram Técnico Ihara;picloram (ácido piridinocarboxílico) (960 g/kg);Herbicida;Iharabras S.A. Indústria Químicas - Sorocaba; (Hunan Bide Biochemical Technology Co., Ltd<CHINA, REPUBLICA POPULAR>FABRICANTE) +  (Yongnong Biosciences Co., Ltd.<CHINA, REPUBLICA POPULAR>FABRICANTE);PT;II
00110;Picloram Técnico Milenia;picloram (ácido piridinocarboxílico) (920 g/kg);Herbicida;Adama Brasil S.A.- Londrina/PR; (Adama Agricultural Solutions Ltd. - Ashdod <ISRAEL>FABRICANTE) +  (Hebei Wanquan Lihua Chemicals Co. Ltd<CHINA, REPUBLICA POPULAR>FABRICANTE) +  (Corteva Agriscience LLC - Freeport - Texas/EUA<ESTADOS UNIDOS>FABRICANTE);I;II
4808;Picloram Técnico Nortox;picloram (ácido piridinocarboxílico) (940 g/kg);Herbicida;Nortox S.A. - Arapongas;;I;II
TC15722;Picloram Técnico Nortox BR;picloram (ácido piridinocarboxílico) (950 g/kg);Herbicida;Nortox S.A. - Arapongas; (Jiangxi Tianyu Chemical Co., Ltd.<CHINA, REPUBLICA POPULAR>FABRICANTE);PT;II
TC02822;Picloram Técnico Nortox III;picloram (ácido piridinocarboxílico) (960 g/kg);Herbicida;Nortox S.A. - Arapongas; (Hunan Bide Biochemical Technology Co., Ltd<CHINA, REPUBLICA POPULAR>FABRICANTE);PT;II
TC09323;Picloram Técnico Nortox IV;picloram (ácido piridinocarboxílico) (960 g/kg);Herbicida;Nortox S.A. - Arapongas; (Lianyungang Avilive Chemical Co, Ltd. - Jiangsu <CHINA, REPUBLICA POPULAR>FABRICANTE);PT;II
TC15622;Picloram Técnico OF;picloram (ácido piridinocarboxílico) (950 g/kg);Herbicida;Ouro Fino Química S.A. - Uberaba; (Jiangxi Tianyu Chemical Co., Ltd.<CHINA, REPUBLICA POPULAR>FABRICANTE) +  (Lianyungang Avilive Chemical Co, Ltd. - Jiangsu <CHINA, REPUBLICA POPULAR>FABRICANTE);PT;II
9510;Picloram Técnico Prentiss;picloram (ácido piridinocarboxílico) (960 g/kg);Herbicida;Prentiss Química Ltda. - Campo Largo/PR; (ZheJiang Funong Biotech Co. Ltd.<CHINA, REPUBLICA POPULAR>FABRICANTE);I;III
TC06120;Picloram Técnico RB;picloram (ácido piridinocarboxílico) (950 g/kg);Herbicida;Rainbow Defensivos Agrícolas Ltda.- Porto Alegre /RS ;;PT;II
01707;Picloram Técnico Sumitomo;picloram (ácido piridinocarboxílico) (920 g/kg);Herbicida;Sumitomo Chemical Brasil Indústria Química S.A. - Maracanaú/CE;;I;II
0311;Picloram Técnico UPL BR;picloram (ácido piridinocarboxílico) (940 g/kg);Herbicida;UPL do Brasil Indústria e Comércio de Insumos Agropecuários S.A. - Matriz Ituverava/SP ;;II;III
TC24526;Picloram Técnico UPL Brasil;picloram (ácido piridinocarboxílico) (980 g/kg);Herbicida;UPL do Brasil Indústria e Comércio de Insumos Agropecuários S.A. - Matriz Ituverava/SP ;;I;II
05307;Picloram Técnico Volcano ;picloram (ácido piridinocarboxílico) (950 g/kg);Herbicida;UPL do Brasil Indústria e Comércio de Insumos Agropecuários S.A. - Matriz Ituverava/SP ;;I;II
2611;Picloram Técnico YN;picloram (ácido piridinocarboxílico) (940 g/kg);Herbicida;Yonon Brasil Defensivos Agricolas Ltda; (AllierBrasil Agro Ltda.<BRASIL>FABRICANTE);II;II
TC15522;Picloram Técnico ZS ;picloram (ácido piridinocarboxílico) (950 g/kg);Herbicida;Zhongshan Química do Brasil - Sorocaba/SP; (Jiangxi Tianyu Chemical Co., Ltd.<CHINA, REPUBLICA POPULAR>FABRICANTE);PT;II
308898;Picloram Ácido Técnico;picloram (ácido piridinocarboxílico) (900 g/kg);Herbicida;CTVA Proteção de Cultivos Ltda - Barueri (Tamboré); (Lier Chemical Co. Ltd.<CHINA, REPUBLICA POPULAR>FABRICANTE);I;II
TC24725;Picoxistrobin Técnico Nortox;Picoxistrobina (estrobilurina) (980 g/kg);Fungicida;Nortox S.A. - Arapongas; (Rudong Zhongyi Chemical Co., Ltd.<CHINA, REPUBLICA POPULAR>FABRICANTE);PT;II
TC05826;Picoxistrobin Técnico Nortox VI;Picoxistrobina (estrobilurina) (985 g/kg);Fungicida;Nortox S.A. - Arapongas; (Zhejiang Avilive Chemical Co., Ltd<CHINA, REPUBLICA POPULAR>FABRICANTE);PT;II
7905;Picoxistrobina Técnica ;Picoxistrobina (estrobilurina) (970 g/kg);Fungicida;CTVA Proteção de Cultivos Ltda - Barueri (Tamboré); (Corteva Agriscience Spain, S.L. - Asturias/Espanha<ESPANHA>FABRICANTE) +  (Corteva Agriscience France S.A.S. - Usina de Cernay<FRANÇA>FABRICANTE) +  (Deccan Fine Chemicals (Índia) Pvt Ltd - Ankleshwar<ÍNDIA>FABRICANTE);II;II
TC20925;Picoxistrobina Técnico ADA;Picoxistrobina (estrobilurina) (980 g/kg);Fungicida;Adama Brasil S.A.- Londrina/PR; (Rudong Zhongyi Chemical Co., Ltd.<CHINA, REPUBLICA POPULAR>FABRICANTE);PT;II
39718;Picoxistrobina Técnico Adama;Picoxistrobina (estrobilurina) (970 g/kg);Fungicida;Adama Brasil S.A.- Londrina/PR; (Adama Brasil S.A.- Londrina/PR<BRASIL>FABRICANTE);II;II
TC09726;Picoxistrobina Técnico Adama 3;Picoxistrobina (estrobilurina) (980 g/kg);Fungicida;Adama Brasil S.A.- Londrina/PR; (Adama Brasil S.A.- Londrina/PR<BRASIL>FABRICANTE);PT;II
TC09725;Picoxistrobina Técnico Alta;Picoxistrobina (estrobilurina) (980 g/kg);Fungicida;ALTA - America Latina Tecnologia Agrícola Ltda.- Curitiba; (Rudong Zhongyi Chemical Co., Ltd.<CHINA, REPUBLICA POPULAR>FABRICANTE);PT;II
TC03726;Picoxistrobina Técnico Brilliance;Picoxistrobina (estrobilurina) (980 g/kg);Fungicida;Brilliance Produtos Agrícolas Ltda; (Xiangshui Zhongshan Bioscience Co. Ltd<CHINA, REPUBLICA POPULAR>FABRICANTE);PT;II
TC32225;Picoxistrobina Técnico CX;Picoxistrobina (estrobilurina) (980 g/kg);Fungicida;Zhongshan Química do Brasil - Sorocaba/SP; (Xiangshui Zhongshan Bioscience Co. Ltd<CHINA, REPUBLICA POPULAR>FABRICANTE);PT;II
TC15425;Picoxistrobina Técnico Coromandel;Picoxistrobina (estrobilurina) (980 g/kg);Fungicida;Coromandel Brasil Ltda.- Cotia/SP; (Coromandel Fertilizers Limited (Coromandel International Limited) - Ankleshwar<ÍNDIA>FABRICANTE);PT;II
TC31525;Picoxistrobina Técnico Cropchem;Picoxistrobina (estrobilurina) (980 g/kg);Fungicida;Cropchem Ltda - Porto Alegre; (Rudong Zhongyi Chemical Co., Ltd.<CHINA, REPUBLICA POPULAR>FABRICANTE);PT;II
TC07922;Picoxistrobina Técnico Cropchem III;Picoxistrobina (estrobilurina) (985 g/kg);Fungicida;Cropchem Ltda - Porto Alegre; (Jiangsu Fopia Chemicals Co., Ltd.<CHINA, REPUBLICA POPULAR>FABRICANTE);PT;II
19216;Picoxistrobina Técnico Milenia;Picoxistrobina (estrobilurina) (970 g/kg);Fungicida;Adama Brasil S.A.- Londrina/PR; (Adama Brasil S.A. - Taquari<BRASIL>FABRICANTE);II;II
TC11225;Picoxistrobina Técnico OF I;Picoxistrobina (estrobilurina) (980 g/kg);Fungicida;Ouro Fino Química S.A. - Uberaba; (Coromandel International Limited.- Escritório<ÍNDIA>FABRICANTE);PT;II
TC12522;Picoxistrobina Técnico Rainbow;Picoxistrobina (estrobilurina) (980 g/kg);Fungicida;Rainbow Defensivos Agrícolas Ltda.- Porto Alegre /RS ; (Shandong Weifang Rainbow Chemical Co., Ltd. - Unidade Fabril 01<CHINA, REPUBLICA POPULAR>FABRICANTE);PT;II
TC00123;Picoxistrobina Técnico Sumitomo;Picoxistrobina (estrobilurina) (980 g/kg);Fungicida;Sumitomo Chemical Brasil Indústria Química S.A. - Maracanaú/CE; (Jiangxi Heyi Chemical Co., Ltd.<CHINA, REPUBLICA POPULAR>FABRICANTE);PT;II
TC06722;Picoxistrobina Técnico Tecnomyl;Picoxistrobina (estrobilurina) (985 g/kg);Fungicida;Tecnomyl Brasil Distribuidora de Produtos Agrícolas Ltda - Foz do Iguaçu; (Jiangsu Fopia Chemicals Co., Ltd.<CHINA, REPUBLICA POPULAR>FABRICANTE);PT;II
TC06726;Picoxistrobina Técnico Tecnomyl III;Picoxistrobina (estrobilurina) (985 g/kg);Fungicida;Tecnomyl Brasil Distribuidora de Produtos Agrícolas Ltda - Foz do Iguaçu; (Zhejiang Avilive Chemical Co., Ltd<CHINA, REPUBLICA POPULAR>FABRICANTE);PT;II
TC25025;Picoxistrobina Técnico Tide II;Picoxistrobina (estrobilurina) (980 g/kg);Fungicida;Tide do Brasil Ltda - Porto Alegre/RS; (Zhejiang Tide Cropscience Co., Ltda.<CHINA, REPUBLICA POPULAR>FABRICANTE);PT;II
TC01223;Picoxystrobin Técnico ABT;Picoxistrobina (estrobilurina) (985 g/kg);Fungicida;Agrobeats Defensivos Agrícolas Ltda ; (Jiangsu Fopia Chemicals Co., Ltd.<CHINA, REPUBLICA POPULAR>FABRICANTE) +  (Zhejiang Avilive Chemical Co., Ltd<CHINA, REPUBLICA POPULAR>FABRICANTE);PT;II
TC08226;Picoxystrobin Técnico Avilive ;Picoxistrobina (estrobilurina) (985 g/kg);Fungicida;Solagro Soluções Agrícolas Ltda - São Paulo/SP; (Zhejiang Avilive Chemical Co., Ltd<CHINA, REPUBLICA POPULAR>FABRICANTE);PT;II
TC12925;Picoxystrobin Técnico Greenchem;Picoxistrobina (estrobilurina) (985 g/kg);Fungicida;Proregistros Registros de Produtos Ltda - EPP ; (Jiangsu Fopia Chemicals Co., Ltd.<CHINA, REPUBLICA POPULAR>FABRICANTE);PT;II
TC16925;Picoxystrobin Técnico Indofil;Picoxistrobina (estrobilurina) (980 g/kg);Fungicida;Indofil Industries do Brasil Ltda.; (Coromandel International Limited.- Escritório<ÍNDIA>FABRICANTE);PT;II
TC04226;Picoxystrobin Técnico JD;Picoxistrobina (estrobilurina) (980 g/kg);Fungicida;Biorisk - Assessoria e Comércio de Produtos Agrícolas Ltda.; (Inner Mongolia Join Dream Fine Chemicals Co. Ltd.<CHINA, REPUBLICA POPULAR>FABRICANTE);PT;II
TC13626;Picoxystrobin Técnico PT;Picoxistrobina (estrobilurina) (980 g/kg);Fungicida;Yonon Brasil Defensivos Agricolas Ltda; (Inner Mongolia Join Dream Fine Chemicals Co. Ltd.<CHINA, REPUBLICA POPULAR>FABRICANTE) +  (Xiangshui Zhongshan Bioscience Co. Ltd<CHINA, REPUBLICA POPULAR>FABRICANTE);PT;II
TC01523;Picoxystrobin Técnico Proventis;Picoxistrobina (estrobilurina) (980 g/kg);Fungicida;Proventis Lifescience Defensivos Agrícolas Ltda; (Jiangxi Heyi Chemical Co., Ltd.<CHINA, REPUBLICA POPULAR>FABRICANTE);PT;II
TC27725;Picoxystrobin Técnico Sino-Agri;Picoxistrobina (estrobilurina) (980 g/kg);Fungicida;Lemma Agronegócios Importação e Exportação Ltda.; (Rudong Zhongyi Chemical Co., Ltd.<CHINA, REPUBLICA POPULAR>FABRICANTE);PT;II
01611;Pilarich Técnico;clorotalonil (isoftalonitrila) (985 g/kg);Fungicida;Pilarquim Br Comercial Ltda.- São Paulo; (Pilarquim (Shanghai) Co. Ltd.<CHINA, REPUBLICA POPULAR>FABRICANTE) +  (Jiangsu Weunite Fine Chemical Co., Ltd.<CHINA, REPUBLICA POPULAR>FABRICANTE);I;II
TC08222;Pimetrozina Técnico 980 AGCN;pimetrozina (piridina azometina) (980 g/kg);Inseticida;Agriconnection Importadora e Exportadora de Insumos Agrícolas - Barueri/SP; (Hebei Veyong Bio-Chemical CO., Ltd<CHINA, REPUBLICA POPULAR>FABRICANTE);PT;IV
TC10626;Pimetrozina Técnico Adama;pimetrozina (piridina azometina) (980 g/kg);Inseticida;Adama Brasil S.A.- Londrina/PR; (Adama Anpon (Jiangsu) Ltd.  Planta 02 - Huai'na <CHINA, REPUBLICA POPULAR>FABRICANTE);PT;II
TC13325;Pimetrozina Técnico Coromandel;pimetrozina (piridina azometina) (982 g/kg);Inseticida;Coromandel Brasil Ltda.- Cotia/SP; (Coromandel Fertilizers Limited (Coromandel International Limited) - Ankleshwar<ÍNDIA>FABRICANTE);PT;IV
TC25122;Pimetrozina Técnico Cropchem;pimetrozina (piridina azometina) (973 g/kg);Inseticida;Cropchem Ltda - Porto Alegre; (Nanjing Red Sun Co., Ltd<CHINA, REPUBLICA POPULAR>FABRICANTE);PT;IV
TC06623;Pimetrozina Técnico Perterra;pimetrozina (piridina azometina) (980 g/kg);Inseticida;Perterra Insumos Agropecuários S.A.  São Paulo/SP; (Hebei Veyong Bio-Chemical CO., Ltd<CHINA, REPUBLICA POPULAR>FABRICANTE);PT;IV
TC13921;Pimetrozina Técnico Rainbow;pimetrozina (piridina azometina) (980 g/kg);Inseticida;Rainbow Defensivos Agrícolas Ltda.- Porto Alegre /RS ; (Hebei Veyong Bio-Chemical CO., Ltd<CHINA, REPUBLICA POPULAR>FABRICANTE);PT;IV
TC12322;Pimetrozina Técnico Solus;pimetrozina (piridina azometina) (980 g/kg);Inseticida;Solus do Brasil Ltda. - Apucarana/PR- Parque Industrial ; (Hebei Veyong Bio-Chemical Co., Ltd. (Unidade II)<CHINA, REPUBLICA POPULAR>FABRICANTE);PT;IV
TC08322;Pimetrozine Técnico FB;pimetrozina (piridina azometina) (980 g/kg);Inseticida;Agroallianz S.A; (Hebei Veyong Bio-Chemical CO., Ltd<CHINA, REPUBLICA POPULAR>FABRICANTE);PT;IV
TC08122;Pimetrozine Técnico Nortox;pimetrozina (piridina azometina) (980 g/kg);Inseticida;Nortox S.A. - Arapongas;;PT;IV
TC04724;Pimetrozine Técnico Nortox II;pimetrozina (piridina azometina) (980 g/kg);Inseticida;Nortox S.A. - Arapongas; (Anhui Futian Agrochemical Co., Ltd<CHINA, REPUBLICA POPULAR>FABRICANTE);PT;IV
TC21122;Pinoxaden Técnico;Pinoxadem (Fenilpirazolina) (970 g/kg);Herbicida;Syngenta Proteção de Cultivos Ltda.  São Paulo/SP; (Syngenta Limited - Grangemouth<REINO UNIDO>FABRICANTE);Não;III
TC16721;Piraclostrobin Técnico Nortox;piraclostrobina (estrobilurina) (980 g/kg);Fungicida;Nortox S.A. - Arapongas; (Shijiazhuang Richem Co., LTD<CHINA, REPUBLICA POPULAR>FABRICANTE) +  (Anhui Guangxin Agrochemical Co., Ltd. - Anhui<CHINA, REPUBLICA POPULAR>FABRICANTE);PT;II
TC22622;Piraclostrobin Técnico Nortox II;piraclostrobina (estrobilurina) (975 g/kg);Fungicida;Nortox S.A. - Arapongas; (Shandong Hailir Chemical Co., Ltd.<CHINA, REPUBLICA POPULAR>FABRICANTE) +  (Jiangsu Corechem Co. Ltd.<CHINA, REPUBLICA POPULAR>FABRICANTE);PT;II
TC04522;Piraclostrobin Técnico Nortox III;piraclostrobina (estrobilurina) (980 g/kg);Fungicida;Nortox S.A. - Arapongas; (Shijiazhuang City Sentay Chemical CO., Ltd<CHINA, REPUBLICA POPULAR>FABRICANTE) +  (Jiangsu Tuoqiu Agrochemicals Co. Ltd - Jiangsu<CHINA, REPUBLICA POPULAR>FABRICANTE);PT;II
TC11223;Piraclostrobin Técnico Nortox IV;piraclostrobina (estrobilurina) (975 g/kg);Fungicida;Nortox S.A. - Arapongas; (Yongnong Biosciences Co., Ltd.<CHINA, REPUBLICA POPULAR>FABRICANTE);PT;II
TC03223;Piraclostrobin Técnico PT;piraclostrobina (estrobilurina) (975 g/kg);Fungicida;Yonon Brasil Defensivos Agricolas Ltda; (Yongnong Biosciences Co., Ltd.<CHINA, REPUBLICA POPULAR>FABRICANTE);PT;II
TC03623;Piraclostrobin Técnico Proventis;piraclostrobina (estrobilurina) (980 g/kg);Fungicida;Proventis Lifescience Defensivos Agrícolas Ltda; (Jiangxi Heyi Chemical Co., Ltd.<CHINA, REPUBLICA POPULAR>FABRICANTE);PT;II
TC03823;Piraclostrobina Ascenza Técnico;piraclostrobina (estrobilurina) (975 g/kg);Fungicida;Ascenza Brasil Ltda - Hortolândia/SP; (Zhejiang Udragon Bioscience Co. Ltd<CHINA, REPUBLICA POPULAR>FABRICANTE) +  (Yongnong Biosciences Co., Ltd.<CHINA, REPUBLICA POPULAR>FABRICANTE) +  (Huaian Glory Chemical Co., Ltd.<CHINA, REPUBLICA POPULAR>FABRICANTE) +  (Shandong United Pesticide Industry Co., Ltd.<CHINA, REPUBLICA POPULAR>FABRICANTE);PT;II
TC06622;Piraclostrobina Tecnico Tecnomyl;piraclostrobina (estrobilurina) (975 g/kg);Fungicida;Tecnomyl Brasil Distribuidora de Produtos Agrícolas Ltda - Foz do Iguaçu; (Shandong Hailir Chemical Co., Ltd.<CHINA, REPUBLICA POPULAR>FABRICANTE) +  (Shijiazhuang Richem Co., Ltd - Zhaoxian<CHINA, REPUBLICA POPULAR>FABRICANTE) +  (Shijiazhuang City Sentay Chemical CO., Ltd<CHINA, REPUBLICA POPULAR>FABRICANTE);PT;II
TC03023;Piraclostrobina Técnico Cropchem;piraclostrobina (estrobilurina) (980 g/kg);Fungicida;Cropchem Ltda - Porto Alegre; (Shijiazhuang Richem Co., LTD<CHINA, REPUBLICA POPULAR>FABRICANTE) +  (Shijiazhuang City Sentay Chemical CO., Ltd<CHINA, REPUBLICA POPULAR>FABRICANTE) +  (Anhui Guangxin Agrochemical Co., Ltd. - Anhui<CHINA, REPUBLICA POPULAR>FABRICANTE) +  (Nanjing Red Sun Co., Ltd<CHINA, REPUBLICA POPULAR>FABRICANTE) +  (Shandong Hailir Chemical Co., Ltd.<CHINA, REPUBLICA POPULAR>FABRICANTE);PT;II
TC13622;Piraclostrobina Técnico Hailir ;piraclostrobina (estrobilurina) (975 g/kg);Fungicida;Hailir Brasil Defensivos Agricolas Ltda - São Paulo/SP;;PT;II
TC12924;Piraclostrobina Técnico NG;piraclostrobina (estrobilurina) (980 g/kg);Fungicida;AllierBrasil Agro Ltda.; (Ningbo Sunjoy Agroscience Co., Ltd.<CHINA, REPUBLICA POPULAR>FABRICANTE);PT;II
TC18021;Piraclostrobina Técnico Sulphur Mills;piraclostrobina (estrobilurina) (980 g/kg);Fungicida;SM Agrocare Brasil Importação Comércio e Serviços Agrícolas Ltda; (Shijiazhuang Richem Co., Ltd - Zhaoxian<CHINA, REPUBLICA POPULAR>FABRICANTE);PT;II
TC20225;Piraclostrobina Técnico Topázio ;piraclostrobina (estrobilurina) (975 g/kg);Fungicida;Topazio Agro Ltda - Porto Alegre/RS; (Ningxia Wynca Technology Co., Ltd.<CHINA, REPUBLICA POPULAR>FABRICANTE);PT;II
07294;Piridaben Técnico;piridabem (piridazinona) (980 g/kg);Acaricida;Iharabras S.A. Indústria Químicas - Sorocaba; (Nissan Chemical Industries, Ltd  - Onoda Plant<JAPÃO>FABRICANTE) +  (Shandong United Pesticide Industry Co., Ltd.<CHINA, REPUBLICA POPULAR>FABRICANTE) +  (FarmHannong Co. Ltd.  - Unidade Banwol<CORÉIA (DO SUL), REPÚBLICA DA>FABRICANTE);II;II
0768401;Pirimiphos-Methyl Técnico;pirimifós-metílico (organofosforado) (880 g/kg);Inseticida;Syngenta Proteção de Cultivos Ltda.  São Paulo/SP; (Cheminova A/S - Lemvig<DINAMARCA>FABRICANTE) +  (Hunan Haili Chemical Industry<CHINA, REPUBLICA POPULAR>FABRICANTE);III;II
18216;Piriproxifem Tradecorp Técnico;piriproxifem (éter piridiloxipropílico) (970 g/kg);Inseticida;Ascenza Brasil Ltda - Hortolândia/SP; (Jiangxi Anlinda Chemical Co. Ltd<CHINA, REPUBLICA POPULAR>FABRICANTE) +  (Rudong Zhongyi Chemical Co., Ltd.<CHINA, REPUBLICA POPULAR>FABRICANTE) +  (Meghmani Organics Ltd. Unit IV - Dahej<ÍNDIA>FABRICANTE) +  (Tagros Chemicals India Private Limited - Tamil Nadu <ÍNDIA>FABRICANTE) +  (Hemani Industries Ltd. <ÍNDIA>FABRICANTE);III;II
TC01424;Piriproxifem Técnico Albaugh 01;piriproxifem (éter piridiloxipropílico) (975 g/kg);Inseticida;Albaugh Agro Brasil Ltda.- São Paulo; (Rudong Zhongyi Chemical Co., Ltd.<CHINA, REPUBLICA POPULAR>FABRICANTE);PT;II
05118;Piriproxifem Técnico Alta;piriproxifem (éter piridiloxipropílico) (975 g/kg);Inseticida;ALTA - America Latina Tecnologia Agrícola Ltda.- Curitiba;;III;II
27619;Piriproxifem Técnico Ouro Fino;piriproxifem (éter piridiloxipropílico) (975 g/kg);Inseticida;Ouro Fino Química S.A. - Uberaba; (Rudong Zhongyi Chemical Co., Ltd.<CHINA, REPUBLICA POPULAR>FABRICANTE);III;II
17919;Piriproxifem Técnico Tecnomyl;piriproxifem (éter piridiloxipropílico) (975 g/kg);Inseticida;Tecnomyl Brasil Distribuidora de Produtos Agrícolas Ltda - Foz do Iguaçu;;III;II
06818;Piriproxifem Técnico UPL;piriproxifem (éter piridiloxipropílico) (975 g/kg);Inseticida;UPL do Brasil Indústria e Comércio de Insumos Agropecuários S.A. - Matriz Ituverava/SP ; (Rudong Zhongyi Chemical Co., Ltd.<CHINA, REPUBLICA POPULAR>FABRICANTE);III;II
06918;Piriproxifen Técnico Adama;piriproxifem (éter piridiloxipropílico) (975 g/kg);Inseticida;Adama Brasil S.A.- Londrina/PR; (Rudong Zhongyi Chemical Co., Ltd.<CHINA, REPUBLICA POPULAR>FABRICANTE) +  (Crimsun Organics Private Ltd.<ÍNDIA>FABRICANTE);III;II
TC07423;Piriproxifen Técnico Adama Brasil ;piriproxifem (éter piridiloxipropílico) (980 g/kg);Inseticida;Adama Brasil S.A.- Londrina/PR; (Jiangsu Kuaida Agrochemical Co., Ltd<CHINA, REPUBLICA POPULAR>FABRICANTE);PT;II
07318;Piriproxifen Técnico CCAB;piriproxifem (éter piridiloxipropílico) (970 g/kg);Inseticida;CCAB Agro S.A.   São Paulo; (Jiangsu Flag Chemical Industry Co., Ltd.<CHINA, REPUBLICA POPULAR>FABRICANTE) +  (Rudong Zhongyi Chemical Co., Ltd.<CHINA, REPUBLICA POPULAR>FABRICANTE);III;II
TC07123;Piriproxifen Técnico Lier;piriproxifem (éter piridiloxipropílico) (980 g/kg);Inseticida;Foison do Brasil Defensivos Agrícolas e Comércio Ltda; (Jiangsu Kuaida Agrochemical Co., Ltd<CHINA, REPUBLICA POPULAR>FABRICANTE);PT;II
07218;Piriproxifen Técnico Nortox;piriproxifem (éter piridiloxipropílico) (970 g/kg);Inseticida;Nortox S.A. - Arapongas; (Jiangsu Flag Chemical Industry Co., Ltd.<CHINA, REPUBLICA POPULAR>FABRICANTE) +  (Crimsun Organics Private Ltd.<ÍNDIA>FABRICANTE);III;II
TC07723;Piriproxifen Técnico Nortox II ;piriproxifem (éter piridiloxipropílico) (980 g/kg);Inseticida;Nortox S.A. - Arapongas; (Jiangsu Kuaida Agrochemical Co., Ltd<CHINA, REPUBLICA POPULAR>FABRICANTE);PT;II
TC17222;Piriproxifen Técnico Proplan;piriproxifem (éter piridiloxipropílico) (970 g/kg);Inseticida;Biorisk - Assessoria e Comércio de Produtos Agrícolas Ltda.; (Shaanxi Hengrun Chemical Industry Co., Ltd<CHINA, REPUBLICA POPULAR>FABRICANTE);PT;II
05318;Piriproxifeno Técnico Cropchem;piriproxifem (éter piridiloxipropílico) (975 g/kg);Inseticida;Cropchem Ltda - Porto Alegre; (Rudong Zhongyi Chemical Co., Ltd.<CHINA, REPUBLICA POPULAR>FABRICANTE) +  (Tagros Chemicals Índia Limited - Egmore Chennai<ÍNDIA>FABRICANTE) +  (Crimsun Organics Private Ltd.<ÍNDIA>FABRICANTE);III;II
TC16024;Piroxsulam Técnico Rainbow;piroxsulam (triazolopirimidina sulfonanilida) (980 g/kg);Herbicida;Rainbow Defensivos Agrícolas Ltda.- Porto Alegre /RS ; (Ningxia Rainbow Chemical Co., Ltd<CHINA, REPUBLICA POPULAR>FABRICANTE);PT;III
3208203;Plantvax Técnico ;oxicarboxina (carboxanilida) (970 g/kg);Fungicida;UPL do Brasil Indústria e Comércio de Insumos Agropecuários S.A. - Matriz Ituverava/SP ; (Lanxess Canadá CO/CIE <CANADÁ>FABRICANTE);III;III
TC20425;Pluck Técnico ;tidiazurom (uréia) (980 g/kg);Herbicida/Regulador de Crescimento;GreenUp Assessoria e Agricultura Sustentável Ltda; (Max (Rudong) Chemicals Co., Ltd.<CHINA, REPUBLICA POPULAR>FABRICANTE);PT;III
348999;Podium Técnico;fenoxaprope-P-etílico (ácido ariloxifenoxipropiônico) (850 g/kg);Herbicida;Bayer S.A. - São Paulo/ SP; (Bayer AG -Industriepark Höchst - Frankfurt <ALEMANHA>FABRICANTE) +  (Jiangsu Flag Chemical Industry Co., Ltd.<CHINA, REPUBLICA POPULAR>FABRICANTE);II;II
05695;Polo Técnico;diafentiurom (feniltiouréia) (960 g/kg);Acaricida/Inseticida;Syngenta Proteção de Cultivos Ltda.  São Paulo/SP; (Syngenta Crop Protection AG - Monthey<SUÍCA>FABRICANTE) +  (WeylChem US INC<ESTADOS UNIDOS>FABRICANTE) +  (Jiangsu Changqing Biotechnology Co. Ltd.<CHINA, REPUBLICA POPULAR>FABRICANTE) +  (Bharat Rasayan Ltd. - Unit II - Gujarat<ÍNDIA>FABRICANTE) +  (Jiangsu Changqing Agrochemical Nantong Co., Ltd.<CHINA, REPUBLICA POPULAR>FABRICANTE);III;II
06603;Poncho Técnico;Clotianidina (neonicotinóide) (950 g/kg);Inseticida;Basf Agricultural Solutions Brasil Ltda  São Paulo/SP; (Bayer AG - Dormagen<ALEMANHA>FABRICANTE) +  (Bayer S.A. - Belford Roxo<BRASIL>FABRICANTE) +  (Jiangsu Flag Chemical Industry Co., Ltd.<CHINA, REPUBLICA POPULAR>FABRICANTE) +  (Sumitomo Chemical Company, Limited - (Escritório)<JAPÃO>FABRICANTE);III;III
2899;Pottente Técnico;benfuracarbe (metilcarbamato de benzofuranila) (900 g/kg);Inseticida;Iharabras S.A. Indústria Químicas - Sorocaba; (OAT Agrio Co. Ltd<JAPÃO>FABRICANTE) +  (Hunan Haili Chemical Industry<CHINA, REPUBLICA POPULAR>FABRICANTE);II;II
17907;Pounce Técnico;permetrina (piretróide) (925 g/kg);Inseticida;FMC Química do Brasil Ltda. - Campinas/SP; (Jiangsu Suhua Group Xinda Chemical Co., Ltd<CHINA, REPUBLICA POPULAR>FABRICANTE) +  (Meghmani Organics Ltd. Unit III - Chharodi<ÍNDIA>FABRICANTE);III;II
6194;Premier Tecnico;imidacloprido (neonicotinóide) (970 g/kg);Inseticida;Bayer S.A. - São Paulo/ SP;;II;III
7512;Premier Técnico BCS;imidacloprido (neonicotinóide) (970 g/kg);Inseticida;Bayer S.A. - São Paulo/ SP; (Jiangsu Changqing Agrochemical Co., Ltd - Yangzhou<CHINA, REPUBLICA POPULAR>FABRICANTE);II;III
17917;Procimidona Técnico Ouro Fino;procimidona (dicarboximida) (980 g/kg);Fungicida;Ouro Fino Química S.A. - Uberaba; (Jiangxi Heyi Chemical Co., Ltd.<CHINA, REPUBLICA POPULAR>FABRICANTE);IV;I
17717;Procimidone Técnico Proventis;procimidona (dicarboximida) (980 g/kg);Fungicida;Proventis Lifescience Defensivos Agrícolas Ltda; (Jiangxi Heyi Chemical Co., Ltd.<CHINA, REPUBLICA POPULAR>FABRICANTE);IV;I
17617;Procymidone Tecnico Rotam;procimidona (dicarboximida) (980 g/kg);Fungicida;Syncrom Assessoria e Comércio de Produtos Agropecuários  Ltda.; (Jiangxi Heyi Chemical Co., Ltd.<CHINA, REPUBLICA POPULAR>FABRICANTE);IV;I
2716;Profenofos Tecnico Coromandel;profenofós (organofosforado) (944.1 g/kg);Acaricida/Inseticida;Coromandel Brasil Ltda.- Cotia/SP; (Coromandel Fertilizers Limited. - Thane<ÍNDIA>FABRICANTE);II;II
2528591;Profenofos Técnico;profenofós (organofosforado) (880 g/kg);Acaricida/Inseticida;Syngenta Proteção de Cultivos Ltda.  São Paulo/SP; (Shandong Keyuan Chemical Co. Ltd.<CHINA, REPUBLICA POPULAR>FABRICANTE) +  (Spectrum Ethers Limited.<ÍNDIA>FABRICANTE);II;I
2816;Profenofos Técnico UPL;profenofós (organofosforado) (930 g/kg);Inseticida;UPL do Brasil Indústria e Comércio de Insumos Agropecuários S.A. - Matriz Ituverava/SP ; (Coromandel Fertilizers Limited. - Thane<ÍNDIA>FABRICANTE);II;II
41619;Profenofós AscenzaTécnico ;profenofós (organofosforado) (940 g/kg);Inseticida;Ascenza Brasil Ltda - Hortolândia/SP; (Sumitomo Chemical India Limited - Gujarat<ÍNDIA>FABRICANTE);PT;II
04506;Profenofós Técnico BR;profenofós (organofosforado) (890 g/kg);Inseticida;Syngenta Proteção de Cultivos Ltda.  São Paulo/SP; (Deccan Fine Chemicals (India) Private Limited. - Site Goa<ÍNDIA>FABRICANTE) +  (NACL Industries Limited <ÍNDIA>FABRICANTE) +  (Spectrum Ethers Limited.<ÍNDIA>FABRICANTE);III;II
43319;Profenofós Técnico El-Cropchem;profenofós (organofosforado) (940 g/kg);Inseticida;Sumitomo Chemical Brasil Indústria Química S.A. - Maracanaú/CE; (Sumitomo Chemical India Limited - Gujarat<ÍNDIA>FABRICANTE) +  (GSP Crop Science Limited - Baroda<ÍNDIA>FABRICANTE) +  (Weihai Hanfu Biochemical Medicine Co. Ltd.<CHINA, REPUBLICA POPULAR>FABRICANTE) +  (M/S Hemani Industries Ltd  Plant Ankleshwar<ÍNDIA>FABRICANTE);PT;II
TC15926;Profenofós Técnico Ihara ;profenofós (organofosforado) (950 g/kg);Acaricida/Inseticida;Iharabras S.A. Indústria Químicas - Sorocaba; (Meghmani Organics Ltd. Unit IV - Dahej<ÍNDIA>FABRICANTE);PT;II
TC19226;Profenofós Técnico Mega;profenofós (organofosforado) (950 g/kg);Acaricida/Inseticida;Meghmani Organics Biodefensivos e Agrícolas do Brasil Ltda - Campinas/SP; (Meghmani Organics Ltd. Unit IV - Dahej<ÍNDIA>FABRICANTE);PT;II
00407;Profoxydim Técnico;profoxidim (oxima ciclohexanodiona) (940 g/kg);Herbicida;Basf Agricultural Solutions Brasil Ltda  São Paulo/SP; (BASF SE  - Ludwigshafen<ALEMANHA>FABRICANTE);III;II
08308;Proline Técnico;Protioconazol (Triazolinthione) (970 g/kg);Fungicida;Bayer S.A. - São Paulo/ SP; (Bayer AG - Dormagen<ALEMANHA>FABRICANTE) +  (Bayer Cropscience LP - Kansas City - Missouri<ESTADOS UNIDOS>FABRICANTE) +  (Saltigo GmbH- Leverkusen<ALEMANHA>FABRICANTE);IV;III
03805;Prometrina Técnica AG;prometrina (triazina) (970 g/kg);Herbicida;Syngenta Proteção de Cultivos Ltda.  São Paulo/SP; (Omnium - Divisão de Fabricação de Produtos para Proteção da Agricultura da Agriliance<ESTADOS UNIDOS>FABRICANTE) +  (Anhui Zhongshan Chemical Industry Co. Ltd.<CHINA, REPUBLICA POPULAR>FABRICANTE);III;II
00858704;Prometrina Técnica Ciba Geigy;prometrina (triazina) (970 g/kg);Herbicida;Syngenta Proteção de Cultivos Ltda.  São Paulo/SP; (Anhui Zhongshan Chemical Industry Co. Ltd.<CHINA, REPUBLICA POPULAR>FABRICANTE);III;II
01738304;Prometrina Técnica Suiça;prometrina (triazina) (970 g/kg);Herbicida;Syngenta Proteção de Cultivos Ltda.  São Paulo/SP; (Ciba Speciality Chemicals (Fábrica)<ESTADOS UNIDOS>FABRICANTE);III;II
9208;Propamocarb Técnico BCS;Cloridrato de propamocarbe (carbamato) (690 g/kg);Fungicida;Bayer S.A. - São Paulo/ SP; (Bayer AG  - Chemiepark Knapsack - Hürth<ALEMANHA>FABRICANTE) +  (Basf Agricultural Solutions US LLC- Michigan<ESTADOS UNIDOS>FABRICANTE);III;III
29219;Propanil Técnico Adama;propanil (anilida) (980 g/kg);Herbicida;Adama Brasil S.A.- Londrina/PR; (Shandong Weifang Rainbow Chemical Co., Ltd. - Unidade Fabril 02<CHINA, REPUBLICA POPULAR>FABRICANTE) +  (GSP Crop Science Limited - Navrangpura<ÍNDIA>FABRICANTE);III;II
03402;Propanil Técnico GR;propanil (anilida) (946.7 g/kg);Herbicida;UPL do Brasil Indústria e Comércio de Insumos Agropecuários S.A. - Matriz Ituverava/SP ; (Adama Brasil S.A.- Londrina/PR<BRASIL>FABRICANTE) +  (Adama Brasil S.A. - Taquari<BRASIL>FABRICANTE) +  (UPL Limited - Vapi<ÍNDIA>FABRICANTE);III;II
00294;Propanil Técnico Milenia;propanil (anilida) (960 g/kg);Herbicida;Adama Brasil S.A.- Londrina/PR; (Adama Brasil S.A. - Taquari<BRASIL>FABRICANTE) +  (Adama Brasil S.A.- Londrina/PR<BRASIL>FABRICANTE) +  (Adama Brasil S.A.- Londrina/PR<BRASIL>FABRICANTE) +  (Adama Brasil S.A.- Londrina/PR<BRASIL>FABRICANTE);III;II
818902;Propanil Técnico Milenia BR;propanil (anilida) (950 g/kg);Herbicida;Adama Brasil S.A.- Londrina/PR; (Adama Brasil S.A.- Londrina/PR<BRASIL>FABRICANTE) +  (Adama Brasil S.A.- Londrina/PR<BRASIL>FABRICANTE) +  (Adama Brasil S.A.- Londrina/PR<BRASIL>FABRICANTE);III;II
10819;Propanil Técnico Rainbow;propanil (anilida) (980 g/kg);Herbicida;Rainbow Defensivos Agrícolas Ltda.- Porto Alegre /RS ; (Shandong Weifang Rainbow Chemical Co., Ltd. - Unidade Fabril 02<CHINA, REPUBLICA POPULAR>FABRICANTE);III;II
00328498;Propanil Técnico UPL;propanil (anilida) (960 g/kg);Herbicida;UPL do Brasil Indústria e Comércio de Insumos Agropecuários S.A. - Matriz Ituverava/SP ; (Proficol EL Carmen S.A<COLÔMBIA>FABRICANTE) +  (Adama Brasil S.A.- Londrina/PR<BRASIL>FABRICANTE) +  (Adama Brasil S.A. - Taquari<BRASIL>FABRICANTE) +  (UPL Limited - Vapi<ÍNDIA>FABRICANTE);III;II
011107;Propaquizafop Agricur Técnico;propaquizafope (ácido ariloxifenoxipropiônico) (930 g/kg);Herbicida;Adama Brasil S.A.- Londrina/PR; (Adama Agricultural Solutions Ltd. - Ashdod <ISRAEL>FABRICANTE) +  (Adama Brasil S.A.- Londrina/PR<BRASIL>FABRICANTE);I;II
8689;Propargite Técnico Fersol;propargito (sulfito de alquila) (890 g/kg);Acaricida;Ameribrás Indústria e Comércio Ltda.; (Fersol Indústria e Comércio S.A. - EM RECUPERACAO JUDICIAL<BRASIL>FABRICANTE) +  (Krishi Rasayan Exports Pvt. Ltd, - Panoli<ÍNDIA>FABRICANTE);III;II
04702;Propargite Técnico Milenia;propargito (sulfito de alquila) (850 g/kg);Acaricida;Adama Brasil S.A.- Londrina/PR; (Adama Brasil S.A.- Londrina/PR<BRASIL>FABRICANTE) +  (Adama Brasil S.A. - Taquari<BRASIL>FABRICANTE) +  (Fersol Indústria e Comércio S.A. - EM RECUPERACAO JUDICIAL<BRASIL>FABRICANTE) +  (Adama Agricultural Solutions Ltd. - Beer Sheva<ISRAEL>FABRICANTE);I;II
TC19726;Propiconazol Técnico Ada;propiconazol (triazol) (962 g/kg);Fungicida;Adama Brasil S.A.- Londrina/PR; (Meghmani Industries Ltd. (Unit-II) - Ahmedabad<ÍNDIA>FABRICANTE);PT;II
TC11826;Propiconazol Técnico Perterra;propiconazol (triazol) (950 g/kg);Fungicida;Perterra Insumos Agropecuários S.A.  São Paulo/SP; (Jiangsu Heben Biochemical Co., Ltd. <CHINA, REPUBLICA POPULAR>FABRICANTE);PT;II
TC00226;Propiconazol Técnico Solus;propiconazol (triazol) (950 g/kg);Fungicida;AllierBrasil Agro Ltda.; (Jiangsu Heben Biochemical Co., Ltd. <CHINA, REPUBLICA POPULAR>FABRICANTE);PT;II
2748398;Propiconazole Técnico;propiconazol (triazol) (880 g/kg);Fungicida;Syngenta Proteção de Cultivos Ltda.  São Paulo/SP; (NACL Industries Limited <ÍNDIA>FABRICANTE) +  (Youjia Crop Protection Co Ltd<CHINA, REPUBLICA POPULAR>FABRICANTE);II;II
6915;Propiconazole Técnico Avgust;propiconazol (triazol) (950 g/kg);Fungicida;Avgust Crop Protection Importação e Exportação Ltda.; (Changzhou August Agrochem Company Limited<CHINA, REPUBLICA POPULAR>FABRICANTE);II;II
TC19422;Propiconazole Técnico Cropchem;propiconazol (triazol) (980 g/kg);Fungicida;Cropchem Ltda - Porto Alegre; (Shandong Weifang Shuangxing Pesticide Co. Ltd.<CHINA, REPUBLICA POPULAR>FABRICANTE);PT;II
02207;Propiconazole Técnico Nortox;propiconazol (triazol) (920 g/kg);Fungicida;Nortox S.A. - Arapongas; (Nortox S.A. - Arapongas<BRASIL>FABRICANTE);III;III
45019;Propiconazole Técnico Nortox BR;propiconazol (triazol) (970 g/kg);Fungicida;Nortox S.A. - Arapongas; (Jiangsu Sevencontinent Green Chemical Co., Ltd - Unit I<CHINA, REPUBLICA POPULAR>FABRICANTE) +  (Shandong Weifang Rainbow Chemical Co., Ltd. - Unidade Fabril 01<CHINA, REPUBLICA POPULAR>FABRICANTE);PT;II
TC19526;Propiconazole Técnico Nortox III;propiconazol (triazol) (940 g/kg);Fungicida;Nortox S.A. - Arapongas; (Jiangsu Heben Biochemical Co., Ltd. <CHINA, REPUBLICA POPULAR>FABRICANTE) +  (Youjia Crop Protection Co Ltd<CHINA, REPUBLICA POPULAR>FABRICANTE);PT;II
3510;Propiconazole Técnico UPL;propiconazol (triazol) (944 g/kg);Fungicida;UPL do Brasil Indústria e Comércio de Insumos Agropecuários S.A. - Matriz Ituverava/SP ; (Yancheng Limin Chemical Co. Ltd - Yandu<CHINA, REPUBLICA POPULAR>FABRICANTE);III;II
TC02926;Propiconazole técnico ZS;propiconazol (triazol) (980 g/kg);Fungicida;Zhongshan Química do Brasil - Sorocaba/SP; (Shandong Weifang Rainbow Chemical Co., Ltd. - Unidade Fabril 01<CHINA, REPUBLICA POPULAR>FABRICANTE);PT;II
TC23322;Prothio H Técnico Perterra;Protioconazol (Triazolinthione) (980 g/kg);Fungicida;Perterra Insumos Agropecuários S.A.  São Paulo/SP; (Shandong Hailir Chemical Co., Ltd.<CHINA, REPUBLICA POPULAR>FABRICANTE);PT;III
TC06522;Prothio Técnico Perterra;Protioconazol (Triazolinthione) (975 g/kg);Fungicida;Perterra Insumos Agropecuários S.A.  São Paulo/SP; (Aba Chemicals (Nantong) Limited<CHINA, REPUBLICA POPULAR>FABRICANTE);PT;III
TC20422;Prothioconazole CNBR Técnico ;Protioconazol (Triazolinthione) (975 g/kg);Fungicida;Lemma Agronegócios Importação e Exportação Ltda.; (Jiangsu Chengyang Crop Science Co. Ltd. <CHINA, REPUBLICA POPULAR>FABRICANTE);PT;III
TC07924;Prothioconazole Technical CAC;Protioconazol (Triazolinthione) (980 g/kg);Fungicida;CAC Quimica do Brasil Ltda; (CAC Nantong Chemical Co. Ltd. - Jiangsu<CHINA, REPUBLICA POPULAR>FABRICANTE);PT;III
TC08024;Prothioconazole Technical II CAC;Protioconazol (Triazolinthione) (980 g/kg);Fungicida;CAC Quimica do Brasil Ltda; (Jiangxi Tianyu Chemical Co., Ltd.<CHINA, REPUBLICA POPULAR>FABRICANTE);PT;III
TC01821;Prothioconazole Technical UPL ;Protioconazol (Triazolinthione) (980 g/kg);Fungicida;UPL do Brasil Indústria e Comércio de Insumos Agropecuários S.A. - Matriz Ituverava/SP ; (UPL Limited - Jhagadia<ÍNDIA>FABRICANTE) +  (UPL Limited - Vapi<ÍNDIA>FABRICANTE);PT;III
TC09021;Prothioconazole Technical UPL BR;Protioconazol (Triazolinthione) (980 g/kg);Fungicida;UPL do Brasil Indústria e Comércio de Insumos Agropecuários S.A. - Matriz Ituverava/SP ; (UPL Limited - Jhagadia<ÍNDIA>FABRICANTE);PT;III
TC06225;Prothioconazole Technical Wynca;Protioconazol (Triazolinthione) (970 g/kg);Fungicida;Wynca do Brasil Ltda  São Paulo ; (Ningxia Wynca Technology Co., Ltd.<CHINA, REPUBLICA POPULAR>FABRICANTE);PT;III
TC18823;Prothioconazole Técnico 970 AGCN;Protioconazol (Triazolinthione) (970 g/kg);Fungicida;Agriconnection Importadora e Exportadora de Insumos Agrícolas - Barueri/SP; (Ningxia Yifan Biotechnology Co. Ltd.<CHINA, REPUBLICA POPULAR>FABRICANTE);PT;III
TC21226;Prothioconazole Técnico ABT;Protioconazol (Triazolinthione) (980 g/kg);Fungicida;Agrobeats Defensivos Agrícolas Ltda ;;PT;III
TC16023;Prothioconazole Técnico Agrogill;Protioconazol (Triazolinthione) (970 g/kg);Fungicida;Agrogill Chemicals Ltda; (Ningxia Yifan Biotechnology Co. Ltd.<CHINA, REPUBLICA POPULAR>FABRICANTE);PT;III
TC21926;Prothioconazole Técnico Avgust;Protioconazol (Triazolinthione) (970 g/kg);Fungicida;Avgust Crop Protection Importação e Exportação Ltda.; (Jiangsu Agrochem Laboratory Co., Ltd - Changzhou <CHINA, REPUBLICA POPULAR>FABRICANTE);PT;III
TC16224;Prothioconazole Técnico CCAB III;Protioconazol (Triazolinthione) (980 g/kg);Fungicida;CCAB Agro S.A.   São Paulo; (Yongnong Biosciences Co., Ltd.<CHINA, REPUBLICA POPULAR>FABRICANTE);PT;III
TC04823;Prothioconazole Técnico FB;Protioconazol (Triazolinthione) (980 g/kg);Fungicida;Agroallianz S.A; (Yancheng HuiHuang Chemical Co., Ltd.<CHINA, REPUBLICA POPULAR>FABRICANTE);PT;III
TC10823;Prothioconazole Técnico FB III;Protioconazol (Triazolinthione) (980 g/kg);Fungicida;Agroallianz S.A; (Anhui JiuYi Agriculture Co., Ltd.<CHINA, REPUBLICA POPULAR>FABRICANTE);PT;III
TC12023;Prothioconazole Técnico FB IV;Protioconazol (Triazolinthione) (970 g/kg);Fungicida;Agroallianz S.A; (Ningxia Yifan Biotechnology Co. Ltd.<CHINA, REPUBLICA POPULAR>FABRICANTE);PT;III
TC04923;Prothioconazole Técnico HH;Protioconazol (Triazolinthione) (980 g/kg);Fungicida;Prospecta Soluções Biológicas Ltda, - Porto Alegre/RS; (Yancheng HuiHuang Chemical Co., Ltd.<CHINA, REPUBLICA POPULAR>FABRICANTE) +  (Liaoning Zhonghui Biotechnology Co.,Ltd<CHINA, REPUBLICA POPULAR>FABRICANTE);PT;III
TC08923;Prothioconazole Técnico Ihara;Protioconazol (Triazolinthione) (980 g/kg);Fungicida;Iharabras S.A. Indústria Químicas - Sorocaba; (Anhui JiuYi Agriculture Co., Ltd.<CHINA, REPUBLICA POPULAR>FABRICANTE);PT;III
TC10323;Prothioconazole Técnico Indofil;Protioconazol (Triazolinthione) (980 g/kg);Fungicida;Indofil Industries do Brasil Ltda.; (Anhui JiuYi Agriculture Co., Ltd.<CHINA, REPUBLICA POPULAR>FABRICANTE) +  (Indofil Industries Limited  Unidade 1 - Dahej<ÍNDIA>FABRICANTE);PT;III
TC05023;Prothioconazole Técnico NGC;Protioconazol (Triazolinthione) (980 g/kg);Fungicida;NGC Agrosciences Brasil Ltda - Botucatu/SP; (Yancheng HuiHuang Chemical Co., Ltd.<CHINA, REPUBLICA POPULAR>FABRICANTE);PT;III
TC09122;Prothioconazole Técnico NT;Protioconazol (Triazolinthione) (975 g/kg);Fungicida;Syncrom Assessoria e Comércio de Produtos Agropecuários  Ltda.; (Aba Chemicals (Nantong) Limited<CHINA, REPUBLICA POPULAR>FABRICANTE);PT;III
TC19824;Prothioconazole Técnico PT;Protioconazol (Triazolinthione) (980 g/kg);Fungicida;Yonon Brasil Defensivos Agricolas Ltda; (Yongnong Biosciences Co., Ltd.<CHINA, REPUBLICA POPULAR>FABRICANTE);PT;III
TC08723;Prothioconazole Técnico RDB;Protioconazol (Triazolinthione) (980 g/kg);Fungicida;Albaugh Agro Brasil Ltda.- São Paulo; (Anhui JiuYi Agriculture Co., Ltd.<CHINA, REPUBLICA POPULAR>FABRICANTE);PT;III
TC05123;Prothioconazole Técnico Rotam;Protioconazol (Triazolinthione) (980 g/kg);Fungicida;Albaugh Agro Brasil Ltda.- São Paulo;;PT;III
TC03425;Prothioconazole Técnico SAU;Protioconazol (Triazolinthione) (980 g/kg);Fungicida;Biorisk - Assessoria e Comércio de Produtos Agrícolas Ltda.; (Shandong United Pesticide Industry Co., Ltd.<CHINA, REPUBLICA POPULAR>FABRICANTE);PT;III
TC16424;Prothioconazole Técnico SJ;Protioconazol (Triazolinthione) (970 g/kg);Fungicida;Biorisk - Assessoria e Comércio de Produtos Agrícolas Ltda.; (Ningbo Sunjoy Agroscience Co., Ltd.<CHINA, REPUBLICA POPULAR>FABRICANTE);PT;III
TC09325;Prothioconazole Técnico SY;Protioconazol (Triazolinthione) (980 g/kg);Fungicida;Lemma Agronegócios Importação e Exportação Ltda.; (Synwill Yichang Chemical Co., Ltd<CHINA, REPUBLICA POPULAR>FABRICANTE);PT;III
TC05223;Prothioconazole Técnico Sino-Agri;Protioconazol (Triazolinthione) (980 g/kg);Fungicida;Lemma Agronegócios Importação e Exportação Ltda.; (Yancheng HuiHuang Chemical Co., Ltd.<CHINA, REPUBLICA POPULAR>FABRICANTE);PT;III
TC15124;Prothioconazole Técnico Udragon;Protioconazol (Triazolinthione) (980 g/kg);Fungicida;Syncrom Assessoria e Comércio de Produtos Agropecuários  Ltda.; (Zhejiang Udragon Bioscience Co. Ltd<CHINA, REPUBLICA POPULAR>FABRICANTE);PT;III
TC03024;Prothioconazole Técnico Xin Yinbang;Protioconazol (Triazolinthione) (980 g/kg);Fungicida;Solagro Soluções Agrícolas Ltda - São Paulo/SP; (Shaoxing Shangyu Xin Yinbang Biochemical Co., Ltd<CHINA, REPUBLICA POPULAR>FABRICANTE);PT;III
TC16524;Prothioconazole Técnico Yongtai;Protioconazol (Triazolinthione) (980 g/kg);Fungicida;Biorisk - Assessoria e Comércio de Produtos Agrícolas Ltda.; (Inner Mongolia Yongtai Chemical Co., Ltd<CHINA, REPUBLICA POPULAR>FABRICANTE);PT;III
TC07522;Protioconazol HV Técnico Helm;Protioconazol (Triazolinthione) (980 g/kg);Fungicida;Helm do Brasil Mercantil - São Paulo/SP; (Hebei Veyong Bio-Chemical CO., Ltd<CHINA, REPUBLICA POPULAR>FABRICANTE);PT;III
TC25522;Protioconazol SH Técnico Helm;Protioconazol (Triazolinthione) (980 g/kg);Fungicida;Helm do Brasil Mercantil - São Paulo/SP; (Shandong Hailir Chemical Co., Ltd.<CHINA, REPUBLICA POPULAR>FABRICANTE);PT;III
TC04824;Protioconazol Técnico ALS ;Protioconazol (Triazolinthione) (970 g/kg);Fungicida;UPL do Brasil Indústria e Comércio de Insumos Agropecuários S.A. - Matriz Ituverava/SP ; (Ningxia Yifan Biotechnology Co. Ltd.<CHINA, REPUBLICA POPULAR>FABRICANTE) +  (Shaoxing Shangyu Xin Yinbang Biochemical Co., Ltd<CHINA, REPUBLICA POPULAR>FABRICANTE) +  (Anhui JiuYi Agriculture Co., Ltd.<CHINA, REPUBLICA POPULAR>FABRICANTE) +  (UPL Limited - Jhagadia<ÍNDIA>FABRICANTE);PT;III
TC06822;Protioconazol Técnico Adama;Protioconazol (Triazolinthione) (980 g/kg);Fungicida;Adama Brasil S.A.- Londrina/PR; (Shandong Weifang Rainbow Chemical Co., Ltd. - Unidade Fabril 01<CHINA, REPUBLICA POPULAR>FABRICANTE);PT;III
TC15724;Protioconazol Técnico Adama 2;Protioconazol (Triazolinthione) (980 g/kg);Fungicida;Adama Brasil S.A.- Londrina/PR; (Yongnong Biosciences Co., Ltd.<CHINA, REPUBLICA POPULAR>FABRICANTE);PT;III
TC23422;Protioconazol Técnico Adama 3;Protioconazol (Triazolinthione) (980 g/kg);Fungicida;Adama Brasil S.A.- Londrina/PR; (Shandong Hailir Chemical Co., Ltd.<CHINA, REPUBLICA POPULAR>FABRICANTE);PT;III
TC10723;Protioconazol Técnico Adama 4;Protioconazol (Triazolinthione) (980 g/kg);Fungicida;Adama Brasil S.A.- Londrina/PR; (Anhui JiuYi Agriculture Co., Ltd.<CHINA, REPUBLICA POPULAR>FABRICANTE);PT;III
TC04621;Protioconazol Técnico Adama BR;Protioconazol (Triazolinthione) (980 g/kg);Fungicida;Adama Brasil S.A.- Londrina/PR; (Adama Brasil S.A. - Taquari<BRASIL>FABRICANTE);PT;III
TC03621;Protioconazol Técnico Adama Brasil;Protioconazol (Triazolinthione) (975 g/kg);Fungicida;Adama Brasil S.A.- Londrina/PR; (Adama Agricultural Solutions Ltd. - Beer Sheva<ISRAEL>FABRICANTE);PT;III
TC04021;Protioconazol Técnico Albaugh I;Protioconazol (Triazolinthione) (980 g/kg);Fungicida;Albaugh Agro Brasil Ltda.- São Paulo; (Shandong Weifang Rainbow Chemical Co., Ltd. - Unidade Fabril 03<CHINA, REPUBLICA POPULAR>FABRICANTE);PT;III
TC05323;Protioconazol Técnico Alta;Protioconazol (Triazolinthione) (980 g/kg);Fungicida;ALTA - America Latina Tecnologia Agrícola Ltda.- Curitiba; (Yancheng HuiHuang Chemical Co., Ltd.<CHINA, REPUBLICA POPULAR>FABRICANTE);PT;III
TC04421;Protioconazol Técnico BL;Protioconazol (Triazolinthione) (980 g/kg);Fungicida;Syngenta Proteção de Cultivos Ltda.  São Paulo/SP; (Shandong Weifang Rainbow Chemical Co., Ltd. - Unidade Fabril 01<CHINA, REPUBLICA POPULAR>FABRICANTE);PT;III
TC08323;Protioconazol Técnico CropChem III;Protioconazol (Triazolinthione) (980 g/kg);Fungicida;Cropchem Ltda - Porto Alegre; (Anhui JiuYi Agriculture Co., Ltd.<CHINA, REPUBLICA POPULAR>FABRICANTE) +  (Trust Crop Protection Technology Co., Ltd<CHINA, REPUBLICA POPULAR>FABRICANTE);PT;III
TC15224;Protioconazol Técnico CropChem IV;Protioconazol (Triazolinthione) (980 g/kg);Fungicida;Cropchem Ltda - Porto Alegre; (Zhejiang Udragon Bioscience Co. Ltd<CHINA, REPUBLICA POPULAR>FABRICANTE);PT;III
TC11523;Protioconazol Técnico Cropchem;Protioconazol (Triazolinthione) (970 g/kg);Fungicida;Cropchem Ltda - Porto Alegre; (Ningxia Yifan Biotechnology Co. Ltd.<CHINA, REPUBLICA POPULAR>FABRICANTE);PT;III
TC07523;Protioconazol Técnico Cropchem II;Protioconazol (Triazolinthione) (980 g/kg);Fungicida;Cropchem Ltda - Porto Alegre; (Yancheng HuiHuang Chemical Co., Ltd.<CHINA, REPUBLICA POPULAR>FABRICANTE);PT;III
TC01826;Protioconazol Técnico EA;Protioconazol (Triazolinthione) (980 g/kg);Inseticida;Eastchem do Brasil Ltda - Mogi das Cruzes/SP; (Lion Agrevo (Jiangsu) Co,.Ltd<CHINA, REPUBLICA POPULAR>FABRICANTE);PT;III
TC14223;Protioconazol Técnico Gilmore;Protioconazol (Triazolinthione) (970 g/kg);Fungicida;Gilmore Agro do Brasil Ltda - ME ; (Ningxia Yifan Biotechnology Co. Ltd.<CHINA, REPUBLICA POPULAR>FABRICANTE);PT;III
TC03324;Protioconazol Técnico HB1;Protioconazol (Triazolinthione) (980 g/kg);Fungicida;Hailir Brasil Defensivos Agricolas Ltda - São Paulo/SP; (Shandong Hailir Chemical Co., Ltd.<CHINA, REPUBLICA POPULAR>FABRICANTE);PT;III
TC03424;Protioconazol Técnico HB2;Protioconazol (Triazolinthione) (980 g/kg);Fungicida;Hailir Brasil Defensivos Agricolas Ltda - São Paulo/SP; (Shandong Hailir Chemical Co., Ltd.<CHINA, REPUBLICA POPULAR>FABRICANTE);PT;III
TC03524;Protioconazol Técnico HB3;Protioconazol (Triazolinthione) (980 g/kg);Fungicida;Hailir Brasil Defensivos Agricolas Ltda - São Paulo/SP; (Shandong Hailir Chemical Co., Ltd.<CHINA, REPUBLICA POPULAR>FABRICANTE);PT;III
TC22322;Protioconazol Técnico Hailir;Protioconazol (Triazolinthione) (980 g/kg);Fungicida;Hailir Brasil Defensivos Agricolas Ltda - São Paulo/SP; (Shandong Hailir Chemical Co., Ltd.<CHINA, REPUBLICA POPULAR>FABRICANTE);PT;III
TC09623;Protioconazol Técnico JY JBL;Protioconazol (Triazolinthione) (980 g/kg);Fungicida;Biorisk - Assessoria e Comércio de Produtos Agrícolas Ltda.; (Anhui JiuYi Agriculture Co., Ltd.<CHINA, REPUBLICA POPULAR>FABRICANTE);PT;III
TC04321;Protioconazol Técnico JZ;Protioconazol (Triazolinthione) (980 g/kg);Fungicida;Syngenta Proteção de Cultivos Ltda.  São Paulo/SP; (Shandong Weifang Rainbow Chemical Co., Ltd. - Unidade Fabril 03<CHINA, REPUBLICA POPULAR>FABRICANTE);PT;III
TC06423;Protioconazol Técnico OF;Protioconazol (Triazolinthione) (980 g/kg);Fungicida;Ouro Fino Química S.A. - Uberaba; (Yancheng HuiHuang Chemical Co., Ltd.<CHINA, REPUBLICA POPULAR>FABRICANTE);PT;III
TC02624;Protioconazol Técnico OF II;Protioconazol (Triazolinthione) (980 g/kg);Fungicida;Ouro Fino Química S.A. - Uberaba; (Anhui JiuYi Agriculture Co., Ltd.<CHINA, REPUBLICA POPULAR>FABRICANTE);PT;III
TC25322;Protioconazol Técnico Ouro fino;Protioconazol (Triazolinthione) (980 g/kg);Fungicida;Ouro Fino Química S.A. - Uberaba; (Shandong Hailir Chemical Co., Ltd.<CHINA, REPUBLICA POPULAR>FABRICANTE);PT;III
TC25922;Protioconazol Técnico Oxiquímica;Protioconazol (Triazolinthione) (980 g/kg);Fungicida;Oxiquímica Agrociência Ltda; (Shandong Hailir Chemical Co., Ltd.<CHINA, REPUBLICA POPULAR>FABRICANTE);PT;III
TC05922;Protioconazol Técnico Perterra;Protioconazol (Triazolinthione) (980 g/kg);Fungicida;Perterra Insumos Agropecuários S.A.  São Paulo/SP; (Hebei Veyong Bio-Chemical CO., Ltd<CHINA, REPUBLICA POPULAR>FABRICANTE);PT;III
TC22222;Protioconazol Técnico Pilarquim;Protioconazol (Triazolinthione) (980 g/kg);Fungicida;Pilarquim Br Comercial Ltda.- São Paulo; (Shandong Hailir Chemical Co., Ltd.<CHINA, REPUBLICA POPULAR>FABRICANTE);PT;III
TC04524;Protioconazol Técnico Proventis;Protioconazol (Triazolinthione) (970 g/kg);Fungicida;Proventis Lifescience Defensivos Agrícolas Ltda; (Shangyu Nutrichem Co., Ltd.<CHINA, REPUBLICA POPULAR>FABRICANTE);PT;III
TC04121;Protioconazol Técnico Rainbow;Protioconazol (Triazolinthione) (980 g/kg);Fungicida;Rainbow Defensivos Agrícolas Ltda.- Porto Alegre /RS ; (Shandong Weifang Rainbow Chemical Co., Ltd. - Unidade Fabril 01<CHINA, REPUBLICA POPULAR>FABRICANTE);PT;III
TC11823;Protioconazol Técnico SD;Protioconazol (Triazolinthione) (970 g/kg);Fungicida;Sharda do Brasil Comércio de Produtos Químicos e Agroquímicos LTDA; (Ningxia Yifan Biotechnology Co. Ltd.<CHINA, REPUBLICA POPULAR>FABRICANTE);PT;III
TC03923;Protioconazol Técnico Solus;Protioconazol (Triazolinthione) (980 g/kg);Fungicida;Solus do Brasil Ltda. - Apucarana/PR- Parque Industrial ;;PT;III
TC26422;Protioconazol Técnico Tecnomyl;Protioconazol (Triazolinthione) (980 g/kg);Fungicida;Tecnomyl Brasil Distribuidora de Produtos Agrícolas Ltda - Foz do Iguaçu; (Shandong Hailir Chemical Co., Ltd.<CHINA, REPUBLICA POPULAR>FABRICANTE) +  (Hebei Veyong Bio-Chemical Co., Ltd. (Unidade II)<CHINA, REPUBLICA POPULAR>FABRICANTE) +  (Xiangshui Zhongshan Bioscience Co. Ltd<CHINA, REPUBLICA POPULAR>FABRICANTE) +  (Shaoxing Shangyu Xin Yinbang Biochemical Co., Ltd<CHINA, REPUBLICA POPULAR>FABRICANTE);PT;III
TC19023;Protioconazol Técnico Veyong;Protioconazol (Triazolinthione) (980 g/kg);Fungicida;Limin Biotechnology do Brasil Ltda - São Paulo/SP; (Hebei Veyong Bio-Chemical CO., Ltd<CHINA, REPUBLICA POPULAR>FABRICANTE);PT;III
TC02023;Protioconazol Técnico ZS;Protioconazol (Triazolinthione) (980 g/kg);Fungicida;Zhongshan Química do Brasil - Sorocaba/SP; (Xiangshui Zhongshan Bioscience Co. Ltd<CHINA, REPUBLICA POPULAR>FABRICANTE);PT;III
TC10423;Protioconazole AJ Técnico Helm;Protioconazol (Triazolinthione) (980 g/kg);Fungicida;Helm do Brasil Mercantil - São Paulo/SP; (Anhui JiuYi Agriculture Co., Ltd.<CHINA, REPUBLICA POPULAR>FABRICANTE);PT;III
TC14123;Protioconazole JY Técnico Helm;Protioconazol (Triazolinthione) (970 g/kg);Fungicida;Helm do Brasil Mercantil - São Paulo/SP; (Ningxia Yifan Biotechnology Co. Ltd.<CHINA, REPUBLICA POPULAR>FABRICANTE);PT;III
TC15824;Protioconazole Técnico Ciagropa;Protioconazol (Triazolinthione) (980 g/kg);Fungicida;Dekalpar Brasil Ltda - Londrina/PR; (Jiangxi Tianyu Chemical Co., Ltd.<CHINA, REPUBLICA POPULAR>FABRICANTE);PT;III
TC08326;Protioconazole Técnico Greenchem;Protioconazol (Triazolinthione) (980 g/kg);Fungicida;Proregistros Registros de Produtos Ltda - EPP ; (Inner Mongolia Join Dream Fine Chemicals Co. Ltd.<CHINA, REPUBLICA POPULAR>FABRICANTE);PT;III
TC05423;Protioconazole Técnico Nortox;Protioconazol (Triazolinthione) (980 g/kg);Fungicida;Nortox S.A. - Arapongas; (Yancheng HuiHuang Chemical Co., Ltd.<CHINA, REPUBLICA POPULAR>FABRICANTE) +  (Liaoning Zhonghui Biotechnology Co.,Ltd<CHINA, REPUBLICA POPULAR>FABRICANTE);PT;III
TC11923;Protioconazole Técnico Nortox II;Protioconazol (Triazolinthione) (970 g/kg);Fungicida;Nortox S.A. - Arapongas; (Ningxia Yifan Biotechnology Co. Ltd.<CHINA, REPUBLICA POPULAR>FABRICANTE);PT;III
TC22522;Protioconazole Técnico Nortox III;Protioconazol (Triazolinthione) (980 g/kg);Fungicida;Nortox S.A. - Arapongas; (Shandong Hailir Chemical Co., Ltd.<CHINA, REPUBLICA POPULAR>FABRICANTE);PT;III
TC26522;Protioconazole Técnico Nortox V;Protioconazol (Triazolinthione) (980 g/kg);Fungicida;Nortox S.A. - Arapongas; (Xiangshui Zhongshan Bioscience Co. Ltd<CHINA, REPUBLICA POPULAR>FABRICANTE);PT;III
TC16324;Protioconazole Técnico Nortox VI;Protioconazol (Triazolinthione) (980 g/kg);Fungicida;Nortox S.A. - Arapongas; (Anhui JiuYi Agriculture Co., Ltd.<CHINA, REPUBLICA POPULAR>FABRICANTE) +  (Inner Mongolia Yongtai Chemical Co., Ltd<CHINA, REPUBLICA POPULAR>FABRICANTE);PT;III
TC06026;Protioconazole Técnico Nortox VII;Protioconazol (Triazolinthione) (975 g/kg);Fungicida;Nortox S.A. - Arapongas; (Nortox S.A. - Arapongas<BRASIL>FABRICANTE);PT;III
TC08523;Protioconazole Técnico Oxon;Protioconazol (Triazolinthione) (980 g/kg);Fungicida;Oxon Brasil Defensivos Agrícolas Ltda.; (Yancheng HuiHuang Chemical Co., Ltd.<CHINA, REPUBLICA POPULAR>FABRICANTE) +  (Shandong Hailir Chemical Co., Ltd.<CHINA, REPUBLICA POPULAR>FABRICANTE);PT;III
TC15324;Protioconazole Técnico Oxon III;Protioconazol (Triazolinthione) (980 g/kg);Fungicida;Oxon Brasil Defensivos Agrícolas Ltda.; (Anhui JiuYi Agriculture Co., Ltd.<CHINA, REPUBLICA POPULAR>FABRICANTE);PT;III
TC23222;Protioconazole Técnico Sulphur Mills;Protioconazol (Triazolinthione) (980 g/kg);Fungicida;SM Agrocare Brasil Importação Comércio e Serviços Agrícolas Ltda; (Shandong Hailir Chemical Co., Ltd.<CHINA, REPUBLICA POPULAR>FABRICANTE);PT;III
TC20522;Protioconazole Técnico Sumitomo;Protioconazol (Triazolinthione) (975 g/kg);Fungicida;Sumitomo Chemical Brasil Indústria Química S.A. - Maracanaú/CE; (Jiangsu Chengyang Crop Science Co. Ltd. <CHINA, REPUBLICA POPULAR>FABRICANTE);PT;III
TC05523;Protioconazole Técnico Sumitomo BR;Protioconazol (Triazolinthione) (980 g/kg);Fungicida;Sumitomo Chemical Brasil Indústria Química S.A. - Maracanaú/CE; (Yancheng HuiHuang Chemical Co., Ltd.<CHINA, REPUBLICA POPULAR>FABRICANTE);PT;III
TC26022;Protioconazole Técnico Tide;Protioconazol (Triazolinthione) (980 g/kg);Fungicida;Tide do Brasil Ltda - Porto Alegre/RS; (Shandong Hailir Chemical Co., Ltd.<CHINA, REPUBLICA POPULAR>FABRICANTE);PT;III
TC14923;Protioconazole Técnico YN;Protioconazol (Triazolinthione) (970 g/kg);Fungicida;Longwind Cropscience Brazil Ltda - Porto Alegre/RS; (Ningxia Yifan Biotechnology Co. Ltd.<CHINA, REPUBLICA POPULAR>FABRICANTE);PT;III
TC23525;Protioconazole W Técnico Perterra;Protioconazol (Triazolinthione) (970 g/kg);Fungicida;Perterra Insumos Agropecuários S.A.  São Paulo/SP; (Ningxia Wynca Technology Co., Ltd.<CHINA, REPUBLICA POPULAR>FABRICANTE);PT;III
TC05623;Protioconazole YH Técnico Helm;Protioconazol (Triazolinthione) (980 g/kg);Fungicida;Helm do Brasil Mercantil - São Paulo/SP; (Yancheng HuiHuang Chemical Co., Ltd.<CHINA, REPUBLICA POPULAR>FABRICANTE);PT;III
03197;Provence Técnico;isoxaflutol (isoxazol) (950 g/kg);Herbicida;Bayer S.A. - São Paulo/ SP; (CABB Oy<FINLÂNDIA>FABRICANTE);III;II
488591;Prowl Técnico;pendimetalina (dinitroanilina) (850 g/kg);Herbicida;Basf Agricultural Solutions Brasil Ltda  São Paulo/SP; (Basf Corporation - Hannibal Plant - Missouri<ESTADOS UNIDOS>FABRICANTE);III;II
00601;Pulsor Técnico;tifluzamida (carboxanilida) (960 g/kg);Fungicida;Nissan Chemical do Brasil Representação de Produtos Agroquimicos Ltda.; (Sugai Chemical Industry Co., Ltd.<JAPÃO>FABRICANTE) +  (NACL Industries Limited <ÍNDIA>FABRICANTE) +  (Iharabras S.A. Indústria Químicas - Sorocaba<BRASIL>FABRICANTE) +  (Yingde Greatchem Chemicals <CHINA, REPUBLICA POPULAR>FABRICANTE);III;II
TC01922;Pydiflumetofen Técnico;Pidiflumetofen (carboxamida) (980 g/kg);Fungicida;Syngenta Proteção de Cultivos Ltda.  São Paulo/SP; (Syngenta Crop Protection Münchwilen AG - Münchwilen<SUÍCA>FABRICANTE) +  (Syngenta Nantong Crop Protection Limited - Nantong<CHINA, REPUBLICA POPULAR>FABRICANTE);5;II
03108;Pymetrozine Técnico;pimetrozina (piridina azometina) (970 g/kg);Inseticida;Syngenta Proteção de Cultivos Ltda.  São Paulo/SP; (Syngenta Crop Protection AG - Monthey<SUÍCA>FABRICANTE) +  (Shenyang Sciencreat Chemicals Co.,Ltd.<CHINA, REPUBLICA POPULAR>FABRICANTE) +  (Nantong Shizhuang Chemical Co. Ltd<CHINA, REPUBLICA POPULAR>FABRICANTE);II;IV
TC04326;Pymetrozine Técnico CHDS;pimetrozina (piridina azometina) (980 g/kg);Inseticida;CHDS do Brasil Comércio de Insumos Agrícolas Ltda - São Miguel do Iguaçu/PR   ; (Hebei Veyong Bio-Chemical CO., Ltd<CHINA, REPUBLICA POPULAR>FABRICANTE);PT;IV
TC22122;Pymetrozine Técnico NGC;pimetrozina (piridina azometina) (973 g/kg);Inseticida;NGC Agrosciences Brasil Ltda - Botucatu/SP; (Nanjing Red Sun Co., Ltd<CHINA, REPUBLICA POPULAR>FABRICANTE);PT;IV
08501;Pyraclostrobin Técnico;piraclostrobina (estrobilurina) (950 g/kg);Fungicida;Basf Agricultural Solutions Brasil Ltda  São Paulo/SP; (Basf Schwarzheide Gmbh - Schwarzheide<ALEMANHA>FABRICANTE);II;II
TC05522;Pyraclostrobin Técnico ABT;piraclostrobina (estrobilurina) (980 g/kg);Fungicida;Agrobeats Defensivos Agrícolas Ltda ; (Shijiazhuang City Sentay Chemical CO., Ltd<CHINA, REPUBLICA POPULAR>FABRICANTE);PT;II
08110;Pyraclostrobin Técnico Cristalino;piraclostrobina (estrobilurina) (960 g/kg);Fungicida;Basf Agricultural Solutions Brasil Ltda  São Paulo/SP; (Basf Schwarzheide Gmbh - Schwarzheide<ALEMANHA>FABRICANTE) +  (Basf Agri-Production SAS-Usine d'Elbeuf<FRANÇA>FABRICANTE);II;II
TC08221;Pyraclostrobin Técnico FB;piraclostrobina (estrobilurina) (975 g/kg);Fungicida;Agroallianz S.A; (Shandong Hailir Chemical Co., Ltd.<CHINA, REPUBLICA POPULAR>FABRICANTE);PT;II
TC06322;Pyraclostrobin Técnico Gilmore;piraclostrobina (estrobilurina) (980 g/kg);Fungicida;Gilmore Agro do Brasil Ltda - ME ; (Jiangsu Tuoqiu Agrochemicals Co. Ltd - Jiangsu<CHINA, REPUBLICA POPULAR>FABRICANTE);PT;II
TC06222;Pyraclostrobin Técnico NGC;piraclostrobina (estrobilurina) (980 g/kg);Fungicida;NGC Agrosciences Brasil Ltda - Botucatu/SP; (Jiangsu Tuoqiu Agrochemicals Co. Ltd - Jiangsu<CHINA, REPUBLICA POPULAR>FABRICANTE);PT;II
TC01122;Pyraclostrobin Técnico Rainbow;piraclostrobina (estrobilurina) (980 g/kg);Fungicida;Rainbow Defensivos Agrícolas Ltda.- Porto Alegre /RS ; (Shandong Weifang Rainbow Chemical Co., Ltd. - Unidade Fabril 02<CHINA, REPUBLICA POPULAR>FABRICANTE);PT;II
TC05723;Pyraclostrobin Técnico Sino-Agri ;piraclostrobina (estrobilurina) (980 g/kg);Fungicida;Lemma Agronegócios Importação e Exportação Ltda.; (Shijiazhuang Richem Co., Ltd - Zhaoxian<CHINA, REPUBLICA POPULAR>FABRICANTE) +  (Inner Mongolia Miraculous Crop Science Co., Ltd.<CHINA, REPUBLICA POPULAR>FABRICANTE);PT;II
TC13125;Pyraclostrobin Técnico Wynca;piraclostrobina (estrobilurina) (975 g/kg);Fungicida;Wynca do Brasil Ltda  São Paulo ; (Ningxia Wynca Technology Co., Ltd.<CHINA, REPUBLICA POPULAR>FABRICANTE);PT;II
TC06625;Pyrimethanil Technical SD;pirimetanil (anilinopirimidina) (980 g/kg);Fungicida;Nellty do Brasil Com. Imp. Exp. de Prod. Químicos Ltda; (Jingbo Agrochemicals Technology Co Ltd<CHINA, REPUBLICA POPULAR>FABRICANTE);PT;II
09198;Pyrimethanil Técnico;pirimetanil (anilinopirimidina) (960 g/kg);Fungicida;Bayer S.A. - São Paulo/ SP; (Limin Chemical Co.,Ltd (Unidade II)<CHINA, REPUBLICA POPULAR>FABRICANTE) +  (Bayer Cropscience AG - (Sede Administrativa) - Leverkusen<ALEMANHA>FABRICANTE);III;II
TC20726;Pyrimethanil Técnico Globachem;pirimetanil (anilinopirimidina) (989.9 g/kg);Fungicida;Globachem Proteção de Cultivos do Brasil Ltda. - Campinas/SP; (Jiangsu Fengdeng Crop Science Co. Ltd..<CHINA, REPUBLICA POPULAR>FABRICANTE);PT;II
TC17923;Pyriofenone Técnico ISK;piriofenone (Benzoylpyridine) (965 g/kg);Fungicida;ISK Biosciences do Brasil Defensivos Agricolas Ltda; (Ishihara Sangyo Kaisha Ltd. (Fábrica)<JAPÃO>FABRICANTE) +  (Sanjjan India Limited-Gujarat<ÍNDIA>FABRICANTE);Não;II
05218;Pyriproxyfen Técnico 975 AGCN;piriproxifem (éter piridiloxipropílico) (975 g/kg);Inseticida;Agriconnection Importadora e Exportadora de Insumos Agrícolas - Barueri/SP; (Rudong Zhongyi Chemical Co., Ltd.<CHINA, REPUBLICA POPULAR>FABRICANTE);III;II
TC16621;Pyriproxyfen Técnico CHDS;piriproxifem (éter piridiloxipropílico) (975 g/kg);Inseticida;CHDS do Brasil Comércio de Insumos Agrícolas Ltda - São Miguel do Iguaçu/PR   ; (Rudong Zhongyi Chemical Co., Ltd.<CHINA, REPUBLICA POPULAR>FABRICANTE);PT;II
TC17021;Pyriproxyfen Técnico NGC;piriproxifem (éter piridiloxipropílico) (975 g/kg);Inseticida;NGC Agrosciences Brasil Ltda - Botucatu/SP; (Rudong Zhongyi Chemical Co., Ltd.<CHINA, REPUBLICA POPULAR>FABRICANTE);PT;II
26919;Pyriproxyfen Técnico Pyri ;piriproxifem (éter piridiloxipropílico) (975 g/kg);Inseticida;Biorisk - Assessoria e Comércio de Produtos Agrícolas Ltda.; (Jiangsu Flag Chemical Industry Co., Ltd.<CHINA, REPUBLICA POPULAR>FABRICANTE);III;II
17116;Pyriproxyfen Técnico Rotam;piriproxifem (éter piridiloxipropílico) (970 g/kg);Inseticida;Albaugh Agro Brasil Ltda.- São Paulo; (Rudong Zhongyi Chemical Co., Ltd.<CHINA, REPUBLICA POPULAR>FABRICANTE);III;II
14716;Pyriproxyfen Técnico Sino-Agri;piriproxifem (éter piridiloxipropílico) (975 g/kg);Inseticida;Lemma Agronegócios Importação e Exportação Ltda.; (Rudong Zhongyi Chemical Co., Ltd.<CHINA, REPUBLICA POPULAR>FABRICANTE);III;II
TC16221;Pyriproxyfen Técnico ZY;piriproxifem (éter piridiloxipropílico) (975 g/kg);Inseticida;Syncrom Assessoria e Comércio de Produtos Agropecuários  Ltda.; (Rudong Zhongyi Chemical Co., Ltd.<CHINA, REPUBLICA POPULAR>FABRICANTE);PT;II
4314;Pyroxsulam Tecnico;piroxsulam (triazolopirimidina sulfonanilida) (965 g/kg);Herbicida;CTVA Proteção de Cultivos Ltda - Barueri (Tamboré); (Corteva Agriscience LLC - Midland - Michigan<ESTADOS UNIDOS>FABRICANTE) +  (Vertellus Specialties UK Ltd<REINO UNIDO>FABRICANTE) +  (W. R. Grace & Co-Conn<ESTADOS UNIDOS>FABRICANTE);III;III
00194;Quinclorac Técnico;quincloraque (ácido quinolinocarboxílico) (960 g/kg);Herbicida;Basf Agricultural Solutions Brasil Ltda  São Paulo/SP; (Basf Corporation- Carolina do Norte<ESTADOS UNIDOS>FABRICANTE) +  (Basf Company Ltda. - Seoul<CORÉIA (DO SUL), REPÚBLICA DA>FABRICANTE) +  (BASF SE  - Ludwigshafen<ALEMANHA>FABRICANTE);III;III
01006;Quinclorac Técnico Basf;quincloraque (ácido quinolinocarboxílico) (960 g/kg);Herbicida;Basf Agricultural Solutions Brasil Ltda  São Paulo/SP; (BASF SE  - Ludwigshafen<ALEMANHA>FABRICANTE) +  (OCI Company Ltd. - Kunsan<CORÉIA (DO SUL), REPÚBLICA DA>FABRICANTE);II;III
TC31225;Quizalafope Técnico CropChem;quizalofope-P-etílico (ácido ariloxifenoxipropiônico) (950 g/kg);Herbicida;Cropchem Ltda - Porto Alegre; (Jiangsu Fengshang Group Co. Ltd<CHINA, REPUBLICA POPULAR>FABRICANTE);PT;II
TC10924;Quizalofop-P-Ethyl Technical SD;quizalofope-P-etílico (ácido ariloxifenoxipropiônico) (950 g/kg);Herbicida;Nellty do Brasil Com. Imp. Exp. de Prod. Químicos Ltda; (Jiangsu Fengshang Group Co. Ltd<CHINA, REPUBLICA POPULAR>FABRICANTE);PT;II
19416;Quizalofop-P-Ethyl Técnico Avgust;quizalofope-P-etílico (ácido ariloxifenoxipropiônico) (950 g/kg);Herbicida;Avgust Crop Protection Importação e Exportação Ltda.; (Changzhou August Agrochem Company Limited<CHINA, REPUBLICA POPULAR>FABRICANTE);III;II
TC13724;Quizalofop-P-Ethyl Técnico BASF;quizalofope-P-etílico (ácido ariloxifenoxipropiônico) (950 g/kg);Herbicida;Basf Agricultural Solutions Brasil Ltda  São Paulo/SP; (Jiangsu Fengshang Group Co. Ltd<CHINA, REPUBLICA POPULAR>FABRICANTE);PT;II
TC13824;Quizalofop-P-Ethyl Técnico Helm;quizalofope-P-etílico (ácido ariloxifenoxipropiônico) (950 g/kg);Herbicida;Helm do Brasil Mercantil - São Paulo/SP; (Jiangsu Fengshang Group Co. Ltd<CHINA, REPUBLICA POPULAR>FABRICANTE);PT;II
07901;Rabcide Técnico 970;ftalida (ftalida) (970 g/kg);Fungicida;UPL do Brasil Indústria e Comércio de Insumos Agropecuários S.A. - Matriz Ituverava/SP ; (Kureha Chemical Industry Co., Ltd.<JAPÃO>FABRICANTE);IV;III
03595;Radiant Técnico;flumicloraque-pentílico (ciclohexenodicarboximida) (920 g/kg);Herbicida;Sumitomo Chemical Brasil Indústria Química S.A. - Maracanaú/CE; (Sumitomo Chemichal Company Ltd - Osaka (Escritório)  <JAPÃO>FABRICANTE) +  (Sumitomo Chemical CO. Ltd. - Ohita<JAPÃO>FABRICANTE);IV;II
05894;Regent Técnico;fipronil (pirazol) (870 g/kg);Inseticida;Basf Agricultural Solutions Brasil Ltda  São Paulo/SP;;II;II
TC08325;Reklemel Técnico;Fluazaindolizine (Sulfonamida) (961 g/kg);Nematicida;CTVA Proteção de Cultivos Ltda - Barueri (Tamboré); (Corteva Agriscience LLC - Midland - Michigan<ESTADOS UNIDOS>FABRICANTE) +  (CABB Oy<FINLÂNDIA>FABRICANTE) +  (Jiangsu Jiannong ABA Agrochemical Co., Ltd.<CHINA, REPUBLICA POPULAR>FABRICANTE) +  (CABB AG<SUÍCA>FABRICANTE);4;IV
TC19021;Revysol Técnico;mefentrifluconazol (triazol) (970 g/kg);Fungicida;Basf Agricultural Solutions Brasil Ltda  São Paulo/SP; (Basf Corporation - Hannibal Plant - Missouri<ESTADOS UNIDOS>FABRICANTE) +  (Basf  Espanola S.L. - Tarragona<ESPANHA>FABRICANTE) +  (Deccan Fine Chemicals (India) Private Limited. - Site Goa<ÍNDIA>FABRICANTE);Não;II
03800;Rimon Agricur Técnico;novalurom (benzoiluréia) (960 g/kg);Inseticida;Adama Brasil S.A.- Londrina/PR; (Makhteshim Chemical Works Ltd<ISRAEL>FABRICANTE);IV;II
21119;Rinskor Técnico;Florpirauxifen-benzil (Arilpicolinato) (940 g/kg);Herbicida;CTVA Proteção de Cultivos Ltda - Barueri (Tamboré); (Corteva Agriscience LLC - Midland - Michigan<ESTADOS UNIDOS>FABRICANTE) +  (Lianhetech Seals Sands (Grupo Fine Organics Limited)<REINO UNIDO>FABRICANTE);III;III
10901;Roundup Amônio Pré-Mix;glifosato-sal de amônio (glicina substituída) (952 g/kg);Herbicida;Monsanto do Brasil Ltda - São Paulo; (Monsanto do Brasil Ltda - S. J. dos Campos<BRASIL>FABRICANTE) +  (Monsanto Argentina S.A.I.C - Escritório<ARGENTINA>FABRICANTE) +  (Monsanto Company - Escritório<ESTADOS UNIDOS>FABRICANTE);5;III
TC08525;Roundup Mea Premix;glifosato (glicina substituída) (894 g/L);Herbicida;Monsanto do Brasil Ltda - São Paulo; (Bayer Cropscience LP - Kansas City - Missouri<ESTADOS UNIDOS>FABRICANTE) +  (Bayer AG - Dormagen<ALEMANHA>FABRICANTE) +  (Bayer AG -Industriepark Höchst - Frankfurt <ALEMANHA>FABRICANTE);IV;III
TC15225;S- Metolacloro Técnico Cropchem III;S-metolacloro (cloroacetanilida) (965 g/kg);Herbicida;Cropchem Ltda - Porto Alegre; (Jiangsu Changging Agrochemical Co. Ltd.- Jiangdu<CHINA, REPUBLICA POPULAR>FABRICANTE);PT;II
TC23325;S- Metolacloro Técnico Nortox II ;S-metolacloro (cloroacetanilida) (965 g/kg);Herbicida;Nortox S.A. - Arapongas; (Jiangsu Changqing Agrochemical Nantong Co., Ltd.<CHINA, REPUBLICA POPULAR>FABRICANTE);PT;II
TC11725;S-Metolachlor Técnico 970 AGCN;S-metolacloro (cloroacetanilida) (970 g/kg);Herbicida;Agriconnection Importadora e Exportadora de Insumos Agrícolas - Barueri/SP; (Xiangshui Zhongshan Bioscience Co. Ltd<CHINA, REPUBLICA POPULAR>FABRICANTE);PT;II
TC16021;S-Metolachlor Técnico Binnong;S-metolacloro (cloroacetanilida) (980 g/kg);Herbicida;Biorisk - Assessoria e Comércio de Produtos Agrícolas Ltda.; (Shandong Zhongnong Minchang Chemical Industry Co., Ltd<CHINA, REPUBLICA POPULAR>FABRICANTE) +  (Shandong Zhongnong Minchang Chemical Industry Co., Ltd<CHINA, REPUBLICA POPULAR>FABRICANTE);PT;I
TC16225;S-Metolachlor Técnico RTM;S-metolacloro (cloroacetanilida) (965 g/kg);Herbicida;Albaugh Agro Brasil Ltda.- São Paulo; (Jiangsu Changging Agrochemical Co. Ltd.- Jiangdu<CHINA, REPUBLICA POPULAR>FABRICANTE);PT;II
TC02024;S-Metolachlor Técnico SAU;S-metolacloro (cloroacetanilida) (956 g/kg);Herbicida;Biorisk - Assessoria e Comércio de Produtos Agrícolas Ltda.;;PT;II
TC03020;S-Metolachlor Técnico Sino-Agri;S-metolacloro (cloroacetanilida) (980 g/kg);Herbicida;Lemma Agronegócios Importação e Exportação Ltda.; (Shandong Zhongnong Minchang Chemical Industry Co., LTD. <CHINA, REPUBLICA POPULAR>FABRICANTE);PT;II
TC02920;S-Metolaclor Técnico SD;S-metolacloro (cloroacetanilida) (980 g/kg);Herbicida;Sharda do Brasil Comércio de Produtos Químicos e Agroquímicos LTDA; (Shandong Zhongnong Minchang Chemical Industry Co., LTD. <CHINA, REPUBLICA POPULAR>FABRICANTE);PT;I
TC09722;S-Metolaclor Técnico Solus;S-metolacloro (cloroacetanilida) (980 g/kg);Herbicida;Solus do Brasil Ltda. - Apucarana/PR- Parque Industrial ;;PT;II
TC16722;S-Metolacloro Ascenza Técnico;S-metolacloro (cloroacetanilida) (965 g/kg);Herbicida;Ascenza Brasil Ltda - Hortolândia/SP; (Weifang Sino-Agri Union Chemical Co., Ltd.<CHINA, REPUBLICA POPULAR>FABRICANTE);PT;II
TC03220;S-Metolacloro B Técnico Helm;S-metolacloro (cloroacetanilida) (980 g/kg);Herbicida;Helm do Brasil Mercantil - São Paulo/SP; (Shandong Zhongnong Minchang Chemical Industry Co., LTD. <CHINA, REPUBLICA POPULAR>FABRICANTE);PT;I
TC20725;S-Metolacloro JC Técnico Helm;S-metolacloro (cloroacetanilida) (965 g/kg);Herbicida;Helm do Brasil Mercantil - São Paulo/SP; (Jiangsu Changqing Agrochemical Nantong Co., Ltd.<CHINA, REPUBLICA POPULAR>FABRICANTE);PT;II
TC09526;S-Metolacloro Técnico Ada;S-metolacloro (cloroacetanilida) (965 g/kg);Herbicida;Adama Brasil S.A.- Londrina/PR; (Jiangsu Changqing Agrochemical Nantong Co., Ltd.<CHINA, REPUBLICA POPULAR>FABRICANTE);PT;II
TC15621;S-Metolacloro Técnico Adama BR;S-metolacloro (cloroacetanilida) (970 g/kg);Herbicida;Adama Brasil S.A.- Londrina/PR; (Hangzhou Nutrichem Company Limited <CHINA, REPUBLICA POPULAR>FABRICANTE) +  (Shangyu Nutrichem Co., Ltd.<CHINA, REPUBLICA POPULAR>FABRICANTE);PT;II
TC03120;S-Metolacloro Técnico Adama Brasil;S-metolacloro (cloroacetanilida) (980 g/kg);Herbicida;Adama Brasil S.A.- Londrina/PR;;PT;I
TC00221;S-Metolacloro Técnico CCAB;S-metolacloro (cloroacetanilida) (970 g/kg);Herbicida;CCAB Agro S.A.   São Paulo;;PT;II
TC02620;S-Metolacloro Técnico Cropchem;S-metolacloro (cloroacetanilida) (980 g/kg);Herbicida;Cropchem Ltda - Porto Alegre; (Shandong Zhongnong Minchang Chemical Industry Co., LTD. <CHINA, REPUBLICA POPULAR>FABRICANTE);PT;I
TC02820;S-Metolacloro Técnico Nortox;S-metolacloro (cloroacetanilida) (980 g/kg);Herbicida;Nortox S.A. - Arapongas; (Shandong Zhongnong Minchang Chemical Industry Co., LTD. <CHINA, REPUBLICA POPULAR>FABRICANTE);PT;I
TC14825;S-Metolacloro Técnico Nortox III;S-metolacloro (cloroacetanilida) (970 g/kg);Herbicida;Nortox S.A. - Arapongas; (Xiangshui Zhongshan Bioscience Co. Ltd<CHINA, REPUBLICA POPULAR>FABRICANTE);PT;II
07199;S-Metolacloro Técnico Novartis;S-metolacloro (cloroacetanilida) (960 g/kg);Herbicida;Syngenta Proteção de Cultivos Ltda.  São Paulo/SP; (CABB AG<SUÍCA>FABRICANTE);III;II
TC04322;S-Metolacloro Técnico Pilarquim;S-metolacloro (cloroacetanilida) (960 g/kg);Herbicida;Pilarquim Br Comercial Ltda.- São Paulo; (Shandong Weifang Rainbow Chemical Co., Ltd. - Unidade Fabril 01<CHINA, REPUBLICA POPULAR>FABRICANTE);PT;II
34719;S-Metolacloro Técnico Proventis;S-metolacloro (cloroacetanilida) (960 g/kg);Herbicida;Proventis Lifescience Defensivos Agrícolas Ltda; (Hangzhou Nutrichem Company Limited <CHINA, REPUBLICA POPULAR>FABRICANTE) +  (Shangyu Nutrichem Co., Ltd.<CHINA, REPUBLICA POPULAR>FABRICANTE);III;II
TC03922;S-Metolacloro Técnico Rainbow;S-metolacloro (cloroacetanilida) (970 g/kg);Herbicida;Rainbow Defensivos Agrícolas Ltda.- Porto Alegre /RS ; (Shandong Weifang Rainbow Chemical Co., Ltd. - Unidade Fabril 01<CHINA, REPUBLICA POPULAR>FABRICANTE);PT;II
TC10621;S-Metolacloro Técnico Rotam;S-metolacloro (cloroacetanilida) (970 g/kg);Herbicida;Albaugh Agro Brasil Ltda.- São Paulo; (Shangyu Nutrichem Co., Ltd.<CHINA, REPUBLICA POPULAR>FABRICANTE);PT;II
TC18726;S-Metolacloro Técnico Tecnomyl;S-metolacloro (cloroacetanilida) (980 g/kg);Herbicida;Tecnomyl Brasil Distribuidora de Produtos Agrícolas Ltda - Foz do Iguaçu; (Shandong Binnong Technology CO., LTD<CHINA, REPUBLICA POPULAR>FABRICANTE);PT;II
TC11126;S-Metolacloro Técnico Tide;S-metolacloro (cloroacetanilida) (980 g/kg);Herbicida;Tide do Brasil Ltda - Campo Largo/PR; (Shandong Binnong Technology CO., LTD<CHINA, REPUBLICA POPULAR>FABRICANTE);PT;II
40919;S-Metolacloro Técnico UPL;S-metolacloro (cloroacetanilida) (960 g/kg);Herbicida;UPL do Brasil Indústria e Comércio de Insumos Agropecuários S.A. - Matriz Ituverava/SP ; (UPL Limited - Jhagadia<ÍNDIA>FABRICANTE);PT;II
TC16622;S-Metolacloro Técnico Yonon;S-metolacloro (cloroacetanilida) (965 g/kg);Herbicida;Yonon Brasil Defensivos Agricolas Ltda; (Weifang Sino-Agri Union Chemical Co., Ltd.<CHINA, REPUBLICA POPULAR>FABRICANTE);PT;II
TC02720;S-metolachlor Técnico Agrogill;S-metolacloro (cloroacetanilida) (980 g/kg);Herbicida;Agrogill Chemicals Ltda; (Shandong Zhongnong Minchang Chemical Industry Co., LTD. <CHINA, REPUBLICA POPULAR>FABRICANTE);PT;I
TC20825;S-metolachlor Técnico HY-Green;S-metolacloro (cloroacetanilida) (965 g/kg);Herbicida;Changqing do Brasil Produtos Agrícolas Ltda; (Jiangsu Changqing Agrochemical Nantong Co., Ltd.<CHINA, REPUBLICA POPULAR>FABRICANTE);PT;II
TC11625;S-metolachlor Técnico ZS;S-metolacloro (cloroacetanilida) (970 g/kg);Herbicida;Zhongshan Química do Brasil - Sorocaba/SP; (Xiangshui Zhongshan Bioscience Co. Ltd<CHINA, REPUBLICA POPULAR>FABRICANTE);PT;II
TC03122;S-metolaclor Técnico Adama ;S-metolacloro (cloroacetanilida) (960 g/kg);Herbicida;Adama Brasil S.A.- Londrina/PR; (Shandong Weifang Rainbow Chemical Co., Ltd. - Unidade Fabril 02<CHINA, REPUBLICA POPULAR>FABRICANTE);PT;II
37818;SNT Técnico;sulfentrazona (triazolona) (950 g/kg);Herbicida;Maxunitech do Brasil Ltda; (Oriental (Luzhou) Agrochemicals Co., Ltd.<CHINA, REPUBLICA POPULAR>FABRICANTE) +  (Inner Mongolia Shijie Chemicals Co. Ltd. <CHINA, REPUBLICA POPULAR>FABRICANTE);III;II
13008;Safety Técnico;etofenproxi (éter difenílico) (972 g/kg);Inseticida;Iharabras S.A. Indústria Químicas - Sorocaba; (Mitsui Chemicals INC. - Fukuoka<JAPÃO>FABRICANTE);III;II
14412;Saflufenacil Técnico;saflufenacil (pirimidinadiona) (945 g/kg);Herbicida;Basf Agricultural Solutions Brasil Ltda  São Paulo/SP; (Basf Corporation - Hannibal Plant - Missouri<ESTADOS UNIDOS>FABRICANTE);III;III
TC16626;Saflufenacil Técnico ABT;saflufenacil (pirimidinadiona) (970 g/kg);Herbicida;Agrobeats Defensivos Agrícolas Ltda ; (Chizhou Bioagriland Multichem Co. Ltd.<CHINA, REPUBLICA POPULAR>FABRICANTE);PT;III
TC04224;Saflufenacil Técnico Alta ;saflufenacil (pirimidinadiona) (970 g/kg);Herbicida;ALTA - America Latina Tecnologia Agrícola Ltda.- Curitiba; (Chizhou Bioagriland Multichem Co. Ltd.<CHINA, REPUBLICA POPULAR>FABRICANTE);PT;III
TC02924;Saflufenacil Técnico CHDS;saflufenacil (pirimidinadiona) (970 g/kg);Herbicida;CHDS do Brasil Comércio de Insumos Agrícolas Ltda - São Miguel do Iguaçu/PR   ; (Chizhou Bioagriland Multichem Co. Ltd.<CHINA, REPUBLICA POPULAR>FABRICANTE);PT;III
TC02824;Saflufenacil Técnico Cropchem II;saflufenacil (pirimidinadiona) (970 g/kg);Herbicida;Cropchem Ltda - Porto Alegre; (Chizhou Bioagriland Multichem Co. Ltd.<CHINA, REPUBLICA POPULAR>FABRICANTE);PT;III
TC13126;Saflufenacil Técnico EA;saflufenacil (pirimidinadiona) (965 g/kg);Herbicida;Eastchem do Brasil Ltda - Mogi das Cruzes/SP; (Lion Agrevo (Inner Mongolia) Co., Ltd.<CHINA, REPUBLICA POPULAR>FABRICANTE);PT;III
TC10424;Saflufenacil Técnico FB;saflufenacil (pirimidinadiona) (970 g/kg);Herbicida;Agroallianz S.A; (Chizhou Bioagriland Multichem Co. Ltd.<CHINA, REPUBLICA POPULAR>FABRICANTE);PT;III
TC03824;Saflufenacil Técnico Nortox II;saflufenacil (pirimidinadiona) (970 g/kg);Herbicida;Nortox S.A. - Arapongas; (Chizhou Bioagriland Multichem Co. Ltd.<CHINA, REPUBLICA POPULAR>FABRICANTE);PT;III
TC15923;Saflufenacil Técnico Rainbow;saflufenacil (pirimidinadiona) (980 g/kg);Herbicida;Rainbow Defensivos Agrícolas Ltda.- Porto Alegre /RS ; (Ningxia Wynca Technology Co., Ltd.<CHINA, REPUBLICA POPULAR>FABRICANTE);PT;III
2618795;Saturn Técnico;tiobencarbe (tiocarbamato) (950 g/kg);Herbicida;Iharabras S.A. Indústria Químicas - Sorocaba; (Kumiai Chemical Industry Co. Ltd. - Shizuoka Planta<JAPÃO>FABRICANTE) +  (Iharabras S.A. Indústria Químicas - Sorocaba<BRASIL>FABRICANTE);III;II
02594;Score Técnico;difenoconazol (triazol) (940 g/kg);Fungicida;Syngenta Proteção de Cultivos Ltda.  São Paulo/SP; (Deccan Fine Chemicals (India) Limited - Andhra Pradesh<ÍNDIA>FABRICANTE) +  (Youjia Crop Protection Co Ltd<CHINA, REPUBLICA POPULAR>FABRICANTE);I;II
1788393;Sencor Técnico USA;metribuzim (triazinona) (930 g/kg);Herbicida;Bayer S.A. - São Paulo/ SP; (Bayer Cropscience LP - Kansas City - Missouri<ESTADOS UNIDOS>FABRICANTE) +  (Jiangsu Sword Agrochemicals Co. Ltd. - Jianhu<CHINA, REPUBLICA POPULAR>FABRICANTE) +  (Jiangsu Sword Agrochemicals Co., Ltd. - Jiangsu<CHINA, REPUBLICA POPULAR>FABRICANTE);III;II
0158802;Sevin Técnico 990;carbaril (metilcarbamato de naftila) (990 g/kg);Inseticida;Tessenderlo Kerley Brasil Ltda;;II;II
3211;Shadow Técnico Consagro;glifosato (glicina substituída) (955 g/kg);Herbicida;Albaugh Agro Brasil Ltda.- São Paulo; (Jingma Chemicals Co., Ltd. - Zhejiang<CHINA, REPUBLICA POPULAR>FABRICANTE);I;III
17117;Shambda Técnico;lambda-cialotrina (piretróide) (980 g/kg);Inseticida;Sharda do Brasil Comércio de Produtos Químicos e Agroquímicos LTDA; (Tagros Chemicals India Private Limited - Bharuch<ÍNDIA>FABRICANTE);I;I
6309;Shar-Teb Técnico;tebuconazol (triazol) (960 g/kg);Fungicida;Sharda do Brasil Comércio de Produtos Químicos e Agroquímicos LTDA; (Yancheng Limin Chemical Co. Ltd - Yandu<CHINA, REPUBLICA POPULAR>FABRICANTE);I;II
6014;Shyper Técnico;cipermetrina (piretróide) (945 g/kg);Formicida/Inseticida;Sharda do Brasil Comércio de Produtos Químicos e Agroquímicos LTDA; (Tagros Chemicals India Private Limited - Bharuch<ÍNDIA>FABRICANTE);II;II
0368694;Simanex Agricur Técnico;Simazina (triazina) (980 g/kg);Herbicida;Adama Brasil S.A.- Londrina/PR; (Adama Agricultural Solutions Ltd. - Ashdod <ISRAEL>FABRICANTE);III;II
09218;Simazin Técnico CCAB;Simazina (triazina) (970 g/kg);Herbicida;CCAB Agro S.A.   São Paulo; (Shandong Weifang Rainbow Chemical Co., Ltd. - Unidade Fabril 01<CHINA, REPUBLICA POPULAR>FABRICANTE) +  (Jihua Pesticide Chemical Co. Ltd. <CHINA, REPUBLICA POPULAR>FABRICANTE);III;III
03699;Simazin Técnico Milenia;Simazina (triazina) (970 g/kg);Herbicida;Adama Brasil S.A.- Londrina/PR; (Adama Brasil S.A.- Londrina/PR<BRASIL>FABRICANTE) +  (Adama Brasil S.A.- Londrina/PR<BRASIL>FABRICANTE);III;III
10318;Simazina Tecnico Rainbow;Simazina (triazina) (970 g/kg);Herbicida;Rainbow Defensivos Agrícolas Ltda.- Porto Alegre /RS ;;III;III
0598599;Simazina Técnica Ciba Geigy;Simazina (triazina) (970 g/kg);Herbicida;Syngenta Proteção de Cultivos Ltda.  São Paulo/SP; (Syngenta Crop Protection LLC -  St. Gabriel<ESTADOS UNIDOS>FABRICANTE);III;III
10418;Simazina Técnico Adama ;Simazina (triazina) (970 g/kg);Herbicida;Adama Brasil S.A.- Londrina/PR; (Shandong Weifang Rainbow Chemical Co., Ltd. - Unidade Fabril 01<CHINA, REPUBLICA POPULAR>FABRICANTE);III;III
35718;Simazina Técnico Agroimport;Simazina (triazina) (970 g/kg);Herbicida;Agro Import do Brasil Ltda. - Porto Alegre/RS; (Shandong Weifang Rainbow Chemical Co., Ltd. - Unidade Fabril 01<CHINA, REPUBLICA POPULAR>FABRICANTE);III;III
09518;Simazina Técnico Alta;Simazina (triazina) (970 g/kg);Herbicida;ALTA - America Latina Tecnologia Agrícola Ltda.- Curitiba; (Shandong Weifang Rainbow Chemical Co., Ltd. - Unidade Fabril 01<CHINA, REPUBLICA POPULAR>FABRICANTE);III;III
TC03520;Simazina Técnico Mil;Simazina (triazina) (980 g/kg);Herbicida;Adama Brasil S.A.- Londrina/PR; (Anhui Zhongshan Chemical Industry Co. Ltd.<CHINA, REPUBLICA POPULAR>FABRICANTE);PT;III
TC12920;Simazina Técnico Milenia BR;Simazina (triazina) (970 g/kg);Herbicida;Adama Brasil S.A.- Londrina/PR; (Zhejiang Province Changxing First Chemical Co., Ltd.<CHINA, REPUBLICA POPULAR>FABRICANTE);PT;III
TC03720;Simazina Técnico ZS;Simazina (triazina) (980 g/kg);Herbicida;Zhongshan Química do Brasil - Sorocaba/SP; (Anhui Zhongshan Chemical Industry Co. Ltd.<CHINA, REPUBLICA POPULAR>FABRICANTE);PT;III
01000;Simazine Técnico;Simazina (triazina) (950 g/kg);Herbicida;Oxon Brasil Defensivos Agrícolas Ltda.; (Hebei Shanli Chemical Co., Ltd.<CHINA, REPUBLICA POPULAR>FABRICANTE);III;II
01878200;Simazine Técnico Milenia;Simazina (triazina) (950 g/kg);Herbicida;Adama Brasil S.A.- Londrina/PR; (Adama Agricultural Solutions Ltd. - Ashdod <ISRAEL>FABRICANTE);III;II
00592;Sirius Técnico;pirazossulfurom-etílico (sulfoniluréia) (980 g/kg);Herbicida;Iharabras S.A. Indústria Químicas - Sorocaba; (Nissan Chemical Industries, Ltd  - Onoda Plant<JAPÃO>FABRICANTE) +  (Sankyo Agro Company Limited<JAPÃO>FABRICANTE) +  (Iharabras S.A. Indústria Químicas - Sorocaba<BRASIL>FABRICANTE) +  (Jiangsu Repont Agrochemical Co. Ltd  - Rudong<CHINA, REPUBLICA POPULAR>FABRICANTE);III;III
TC16521;Smilyn Técnico ;diflubenzurom (benzoiluréia) (980 g/kg);Acaricida/Inseticida;Proregistros Registros de Produtos Ltda - EPP ; (Taizhou Bailly Chemical Co., Limited<CHINA, REPUBLICA POPULAR>FABRICANTE);PT;II
5008;Soberan Técnico;Tembotriona (Tricetona) (940 g/kg);Herbicida;Bayer S.A. - São Paulo/ SP; (Bayer AG - Dormagen<ALEMANHA>FABRICANTE) +  (Bayer Cropscience LP - Kansas City - Missouri<ESTADOS UNIDOS>FABRICANTE);I;III
TC12020;Sonda Técnico;terbutilazina (triazina) (970 g/kg);Herbicida;Iharabras S.A. Indústria Químicas - Sorocaba; (Shandong Zhongnong Minchang Chemical Industry Co., LTD. <CHINA, REPUBLICA POPULAR>FABRICANTE) +  (Anhui Zhongshan Chemical Industry Co. Ltd.<CHINA, REPUBLICA POPULAR>FABRICANTE) +  (Hebei Shanli Chemical Co., Ltd.<CHINA, REPUBLICA POPULAR>FABRICANTE);PT;II
00304;Soprano Agricur Técnico;epoxiconazol (triazol) (970 g/kg);Fungicida;Adama Brasil S.A.- Londrina/PR; (Adama Agricultural Solutions Ltd. - Beer Sheva<ISRAEL>FABRICANTE) +  (Adama Brasil S.A.- Londrina/PR<BRASIL>FABRICANTE) +  (Adama Brasil S.A. - Taquari<BRASIL>FABRICANTE);III;III
8114;Spinetoram Técnico;Espinetoram (espinosinas) (812 g/kg);Inseticida;CTVA Proteção de Cultivos Ltda - Barueri (Tamboré); (ChemDesign Products, Inc.,<ESTADOS UNIDOS>FABRICANTE);III;II
07498;Spinosad Técnico;Espinosade (espinosinas) (850 g/kg);Inseticida;CTVA Proteção de Cultivos Ltda - Barueri (Tamboré); (Corteva Agriscience LLC - Harbor Beach<ESTADOS UNIDOS>FABRICANTE);III;III
TC11922;Spirodiclofen R Técnico Helm ;Espirodiclofeno (cetoenol) (980 g/kg);Acaricida;Helm do Brasil Mercantil - São Paulo/SP; (Shijiazhuang Richem Co., Ltd - Zhaoxian<CHINA, REPUBLICA POPULAR>FABRICANTE);PT;III
TC01622;Spirodiclofen Técnico CCAB II;Espirodiclofeno (cetoenol) (980 g/kg);Acaricida;CCAB Agro S.A.   São Paulo; (Yongnong Biosciences Co., Ltd.<CHINA, REPUBLICA POPULAR>FABRICANTE);PT;III
TC09922;Spirodiclofen Técnico FB;Espirodiclofeno (cetoenol) (980 g/kg);Acaricida;Agroallianz S.A; (Shijiazhuang Richem Co., Ltd - Zhaoxian<CHINA, REPUBLICA POPULAR>FABRICANTE);PT;III
20918;Spirodiclofen Técnico Helm.;Espirodiclofeno (cetoenol) (980 g/kg);Acaricida;Helm do Brasil Mercantil - São Paulo/SP; (Jiangsu Sevencontinent Green Chemical Co., Ltd - Unit I<CHINA, REPUBLICA POPULAR>FABRICANTE) +  (Shandong Kangqiao Bio-technology Co. Ltd.<CHINA, REPUBLICA POPULAR>FABRICANTE);III;III
TC01326;Spirodiclofen Técnico Kangqiao;Espirodiclofeno (cetoenol) (980 g/kg);Acaricida;Biorisk - Assessoria e Comércio de Produtos Agrícolas Ltda.; (Shandong Kangqiao Bio-technology Co. Ltd.<CHINA, REPUBLICA POPULAR>FABRICANTE);PT;III
TC06725;Spirodiclofen Técnico Rainbow;Espirodiclofeno (cetoenol) (980 g/kg);Acaricida;Rainbow Defensivos Agrícolas Ltda.- Porto Alegre /RS ; (Shandong Weifang Rainbow Chemical Co., Ltd. - Unidade Fabril 01<CHINA, REPUBLICA POPULAR>FABRICANTE);PT;III
TC08622;Spirodiclofen Técnico Rotam;Espirodiclofeno (cetoenol) (980 g/kg);Acaricida;Albaugh Agro Brasil Ltda.- São Paulo; (Shijiazhuang Richem Co., Ltd - Zhaoxian<CHINA, REPUBLICA POPULAR>FABRICANTE);PT;III
TC01822;Spirodiclofen Técnico ST;Espirodiclofeno (cetoenol) (980 g/kg);Acaricida;Yonon Brasil Defensivos Agricolas Ltda; (Yongnong Biosciences Co., Ltd.<CHINA, REPUBLICA POPULAR>FABRICANTE);PT;III
TC11722;Spirodiclofen Técnico Sino-Agri;Espirodiclofeno (cetoenol) (980 g/kg);Acaricida;Lemma Agronegócios Importação e Exportação Ltda.; (Shijiazhuang Richem Co., Ltd - Zhaoxian<CHINA, REPUBLICA POPULAR>FABRICANTE);PT;III
TC07622;Spirodiclofen Y Técnico Helm;Espirodiclofeno (cetoenol) (980 g/kg);Acaricida;Helm do Brasil Mercantil - São Paulo/SP; (Yongnong Biosciences Co., Ltd.<CHINA, REPUBLICA POPULAR>FABRICANTE);PT;III
21118;Spirodiclofeno Técnico Sulphur Mills;Espirodiclofeno (cetoenol) (980 g/kg);Acaricida;SM Agrocare Brasil Importação Comércio e Serviços Agrícolas Ltda; (Jiangsu Sevencontinent Green Chemical Co., Ltd - Unit I<CHINA, REPUBLICA POPULAR>FABRICANTE);III;III
TC10222;Spirodiclofeno Técnico Sulphur Mills II;Espirodiclofeno (cetoenol) (980 g/kg);Acaricida;SM Agrocare Brasil Importação Comércio e Serviços Agrícolas Ltda; (Shijiazhuang Richem Co., Ltd - Zhaoxian<CHINA, REPUBLICA POPULAR>FABRICANTE);PT;III
TC11124;Spiromesifen Técnico FB;Espiromesifeno (cetoenol) (980 g/kg);Acaricida/Inseticida;Agroallianz S.A; (Shandong Kangqiao Bio-technology Co. Ltd.<CHINA, REPUBLICA POPULAR>FABRICANTE);PT;III
TC13322;Spiropidion Técnico ;Espiropidion (ácido tetramico ) (960 g/kg);Inseticida;Syngenta Proteção de Cultivos Ltda.  São Paulo/SP; (Syngenta Crop Protection AG - Monthey<SUÍCA>FABRICANTE);4;III
04797;Staple Técnico;Piritiobaque-sódico (análogo de ácido pirimidiniloxibenzóico) (940 g/kg);Herbicida;Iharabras S.A. Indústria Químicas - Sorocaba; (Kumiai Chemical Industry Co. Ltd. - Shizuoka Planta<JAPÃO>FABRICANTE) +  (Iharabras S.A. Indústria Químicas - Sorocaba<BRASIL>FABRICANTE);III;II
44618;Sulfentrazona Ascenza Técnico;sulfentrazona (triazolona) (960 g/kg);Herbicida;Ascenza Brasil Ltda - Hortolândia/SP; (Jiangsu Repont Agrochemical Co. Ltd  - Rudong<CHINA, REPUBLICA POPULAR>FABRICANTE);III;II
46119;Sulfentrazona Técnico Adama;sulfentrazona (triazolona) (910 g/kg);Herbicida;Adama Brasil S.A.- Londrina/PR; (Shandong Weifang Rainbow Chemical Co., Ltd. - Unidade Fabril 02<CHINA, REPUBLICA POPULAR>FABRICANTE);PT;II
TC10721;Sulfentrazona Técnico Adama BR;sulfentrazona (triazolona) (970 g/kg);Herbicida;Adama Brasil S.A.- Londrina/PR; (Oriental (Luzhou) Agrochemicals Co., Ltd.<CHINA, REPUBLICA POPULAR>FABRICANTE);PT;II
39918;Sulfentrazona Técnico Adama Brasil;sulfentrazona (triazolona) (950 g/kg);Herbicida;Adama Brasil S.A.- Londrina/PR; (Tagros Chemicals India Private Limited - Tamil Nadu <ÍNDIA>FABRICANTE) +  (Jiangxi Zhonghe Chemical Industry Co. Ltd.<CHINA, REPUBLICA POPULAR>FABRICANTE);III;II
TC27122;Sulfentrazona Técnico Alta;sulfentrazona (triazolona) (980 g/kg);Herbicida;ALTA - America Latina Tecnologia Agrícola Ltda.- Curitiba; (Tagros Chemicals Índia Limited - Egmore Chennai<ÍNDIA>FABRICANTE);PT;II
37218;Sulfentrazona Técnico OF;sulfentrazona (triazolona) (950 g/kg);Herbicida;Ouro Fino Química S.A. - Uberaba; (Tagros Chemicals India Private Limited - Tamil Nadu <ÍNDIA>FABRICANTE) +  (Jiangxi Zhonghe Chemical Industry Co. Ltd.<CHINA, REPUBLICA POPULAR>FABRICANTE);III;II
8616;Sulfentrazona Técnico Ouro Fino;sulfentrazona (triazolona) (970 g/kg);Herbicida;Ouro Fino Química S.A. - Uberaba; (Oriental (Luzhou) Agrochemicals Co., Ltd.<CHINA, REPUBLICA POPULAR>FABRICANTE);III;II
8916;Sulfentrazona Técnico SUP;sulfentrazona (triazolona) (970 g/kg);Herbicida;Sipcam Nichino Brasil S.A. - Uberaba/MG; (Oriental (Luzhou) Agrochemicals Co., Ltd.<CHINA, REPUBLICA POPULAR>FABRICANTE);III;II
TC14420;Sulfentrazone A Tecnico Helm;sulfentrazona (triazolona) (970 g/kg);Herbicida;Helm do Brasil Mercantil - São Paulo/SP; (Jiangsu Agrochem Laboratory Co., Ltd - Changzhou <CHINA, REPUBLICA POPULAR>FABRICANTE);PT;II
00619;Sulfentrazone OL Técnico Helm;sulfentrazona (triazolona) (970 g/kg);Herbicida;Helm do Brasil Mercantil - São Paulo/SP; (Oriental (Luzhou) Agrochemicals Co., Ltd.<CHINA, REPUBLICA POPULAR>FABRICANTE);III;II
40118;Sulfentrazone T Técnico Helm;sulfentrazona (triazolona) (950 g/kg);Herbicida;Helm do Brasil Mercantil - São Paulo/SP; (Tagros Chemicals India Private Limited - Bharuch<ÍNDIA>FABRICANTE) +  (Tagros Chemicals India Private Limited - Tamil Nadu <ÍNDIA>FABRICANTE);III;II
7395;Sulfentrazone Técnico;sulfentrazona (triazolona) (910 g/kg);Herbicida;FMC Química do Brasil Ltda. - Campinas/SP;;III;II
29918;Sulfentrazone Técnico CCAB;sulfentrazona (triazolona) (930 g/kg);Herbicida;CCAB Agro S.A.   São Paulo; (Jiangxi Heyi Chemical Co., Ltd.<CHINA, REPUBLICA POPULAR>FABRICANTE) +  (Jiangxi Zhonghe Chemical Industry Co. Ltd.<CHINA, REPUBLICA POPULAR>FABRICANTE) +  (Oriental (Luzhou) Agrochemicals Co., Ltd.<CHINA, REPUBLICA POPULAR>FABRICANTE);III;II
40018;Sulfentrazone Técnico CCAB II;sulfentrazona (triazolona) (950 g/kg);Herbicida;CCAB Agro S.A.   São Paulo; (Jiangxi Zhonghe Chemical Industry Co. Ltd.<CHINA, REPUBLICA POPULAR>FABRICANTE);III;II
TC14921;Sulfentrazone Técnico CHD'S;sulfentrazona (triazolona) (950 g/kg);Herbicida;CHDS do Brasil Comércio de Insumos Agrícolas Ltda - São Miguel do Iguaçu/PR   ; (Tagros Chemicals India Private Limited - Bharuch<ÍNDIA>FABRICANTE);PT;II
TC27022;Sulfentrazone Técnico FB;sulfentrazona (triazolona) (950 g/kg);Herbicida;Agroallianz S.A;;PT;II
44918;Sulfentrazone Técnico Nortox;sulfentrazona (triazolona) (960 g/kg);Herbicida;Nortox S.A. - Arapongas; (Jiangsu Repont Agrochemical Co. Ltd  - Rudong<CHINA, REPUBLICA POPULAR>FABRICANTE);III;II
TC15120;Sulfentrazone Técnico Nortox II;sulfentrazona (triazolona) (970 g/kg);Herbicida;Nortox S.A. - Arapongas; (Jiangsu Agrochem Laboratory Co., Ltd - Changzhou <CHINA, REPUBLICA POPULAR>FABRICANTE);PT;II
TC17821;Sulfentrazone Técnico Nortox V;sulfentrazona (triazolona) (950 g/kg);Herbicida;Nortox S.A. - Arapongas; (Tagros Chemicals India Private Limited - Tamil Nadu <ÍNDIA>FABRICANTE);PT;II
29818;Sulfentrazone Técnico Proventis;sulfentrazona (triazolona) (930 g/kg);Herbicida;Proventis Lifescience Defensivos Agrícolas Ltda; (Jiangxi Heyi Chemical Co., Ltd.<CHINA, REPUBLICA POPULAR>FABRICANTE);III;II
46019;Sulfentrazone Técnico Rainbow;sulfentrazona (triazolona) (910 g/kg);Herbicida;Rainbow Defensivos Agrícolas Ltda.- Porto Alegre /RS ; (Ningxia Rainbow Chemical Co., Ltd<CHINA, REPUBLICA POPULAR>FABRICANTE) +  (Shandong Weifang Rainbow Chemical Co., Ltd. - Unidade Fabril 01<CHINA, REPUBLICA POPULAR>FABRICANTE);PT;II
TC07823;Sulfentrazone Técnico Red Surcos;sulfentrazona (triazolona) (950 g/kg);Herbicida;Red Surcos do Brasil Comércio Agropecuário Ltda; (Tagros Chemicals India Private Limited - Tamil Nadu <ÍNDIA>FABRICANTE);PT;II
45018;Sulfentrazone Técnico Rotam;sulfentrazona (triazolona) (960 g/kg);Herbicida;Albaugh Agro Brasil Ltda.- São Paulo; (Jiangsu Repont Agrochemical Co. Ltd  - Rudong<CHINA, REPUBLICA POPULAR>FABRICANTE);III;II
40218;Sulfentrazone Técnico Tagros;sulfentrazona (triazolona) (950 g/kg);Herbicida;Tagros Brasil Comércio de Produtos Químicos Ltda.; (Tagros Chemicals India Private Limited - Tamil Nadu <ÍNDIA>FABRICANTE) +  (Tagros Chemicals India Private Limited - Bharuch<ÍNDIA>FABRICANTE);III;II
47619;Sulfentrazone Técnico Tecnomyl;sulfentrazona (triazolona) (950 g/kg);Herbicida;Tecnomyl Brasil Distribuidora de Produtos Agrícolas Ltda - Foz do Iguaçu; (Tagros Chemicals India Private Limited - Tamil Nadu <ÍNDIA>FABRICANTE);III;II
8816;Sulfentrazone Técnico UPL;sulfentrazona (triazolona) (970 g/kg);Herbicida;UPL do Brasil Indústria e Comércio de Insumos Agropecuários S.A. - Matriz Ituverava/SP ; (Oriental (Luzhou) Agrochemicals Co., Ltd.<CHINA, REPUBLICA POPULAR>FABRICANTE) +  (UPL Limited - Jhagadia<ÍNDIA>FABRICANTE);III;II
02792;Sulfluramid HB Técnico;sulfluramida (sulfonamida fluoroalifática) (920 g/kg);Inseticida;Atta Kill Ind. e Com. de Def. Agric. Ltda.  Rio Claro; (Dinagro Agropecuária Ltda.<BRASIL>FABRICANTE);IV;II
07496;Sulfluramida Técnica Dinagro;sulfluramida (sulfonamida fluoroalifática) (980 g/kg);Inseticida;Dinagro Agropecuária Ltda.; (Dinagro Agropecuária Ltda.<BRASIL>FABRICANTE) +  (Dinagro Agropecuária Ltda.<BRASIL>FABRICANTE);IV;II
02504;Sulfluramida Técnica Dominus;sulfluramida (sulfonamida fluoroalifática) (930 g/kg);Formicida/Inseticida;Dominus Química Ltda. - ME; (Adama Brasil S.A.- Londrina/PR<BRASIL>FABRICANTE);IV;II
08096;Sulfluramida Técnica Milenia;sulfluramida (sulfonamida fluoroalifática) (930 g/kg);Inseticida;Adama Brasil S.A.- Londrina/PR; (Adama Brasil S.A.- Londrina/PR<BRASIL>FABRICANTE) +  (Adama Brasil S.A.- Londrina/PR<BRASIL>FABRICANTE);IV;II
07696;Sulfluramida Técnica Pikapau;sulfluramida (sulfonamida fluoroalifática) (980 g/kg);Inseticida;Citromax Industria e Comercio Ltda - São Lourenço do Oeste/SC; (Produtos Químicos São Vicente Ltda.(CNPJ INAPTA/Baixada)<BRASIL>FABRICANTE);IV;II
07596;Sulfluramida Técnica Unibrás;sulfluramida (sulfonamida fluoroalifática) (980 g/kg);Inseticida;Unibrás Agro Química Ltda.; (Unibrás Agro Química Ltda.<BRASIL>FABRICANTE);IV;II
TC18121;Sulfometurom Técnico JE-CropChem;sulfometurom-metílico (sulfoniluréia) (970 g/kg);Herbicida/Regulador de Crescimento;Cropchem Ltda - Porto Alegre; (Jiangsu Institute of Ecomonesn CO., LTD.<CHINA, REPUBLICA POPULAR>FABRICANTE) +  (Jiangsu Repont Agrochemical Co. Ltd  - Rudong<CHINA, REPUBLICA POPULAR>FABRICANTE);PT;III
04806;Sulfometuron Methyl Técnico;sulfometurom-metílico (sulfoniluréia) (950 g/kg);Regulador de Crescimento;CTVA Proteção de Cultivos Ltda - Barueri (Tamboré); (Du Pont Agricultural Caribe Industries Ltd.<PORTO RICO>FABRICANTE);III;III
TC19121;Sulfometuron Metil Técnico Nortox;sulfometurom-metílico (sulfoniluréia) (970 g/kg);Herbicida/Regulador de Crescimento;Nortox S.A. - Arapongas; (Jiangsu Repont Agrochemical Co. Ltd  - Rudong<CHINA, REPUBLICA POPULAR>FABRICANTE) +  (Jiangsu Institute of Ecomonesn CO., LTD.<CHINA, REPUBLICA POPULAR>FABRICANTE);PT;III
TC01322;Sulfometuron-Methyl Técnico Rotam;sulfometurom-metílico (sulfoniluréia) (980 g/kg);Herbicida/Regulador de Crescimento;Albaugh Agro Brasil Ltda.- São Paulo; (Jiangsu Institute of Ecomonesn CO., LTD.<CHINA, REPUBLICA POPULAR>FABRICANTE);PT;III
45118;Sulfoxaflor Técnico ;sulfoxaflor (sulfoxaminas) (950 g/kg);Inseticida;CTVA Proteção de Cultivos Ltda - Barueri (Tamboré); (Corteva Agriscience LLC - Midland - Michigan<ESTADOS UNIDOS>FABRICANTE) +  (Deccan Fine Chemicals (India) Limited - Andhra Pradesh<ÍNDIA>FABRICANTE);III;III
00292;Sumidan Técnico;Esfenvalerato (piretróide) (790 g/kg);Inseticida;Sumitomo Chemical Brasil Indústria Química S.A. - Maracanaú/CE;;II;II
03694;Sumilex Técnico;procimidona (dicarboximida) (970 g/kg);Fungicida;Sumitomo Chemical Brasil Indústria Química S.A. - Maracanaú/CE; (Sumitomo Chemical Company Ltd - Osaka<JAPÃO>FABRICANTE);IV;I
0628798;Sumithion Técnico;fenitrotiona (organofosforado) (950 g/kg);Inseticida;Sumitomo Chemical Brasil Indústria Química S.A. - Maracanaú/CE; (Sumitomo Chemical CO. Ltd. - Ohita<JAPÃO>FABRICANTE);II;II
00199;Sumyzin Técnico;flumioxazina (ciclohexenodicarboximida) (960 g/kg);Herbicida;Sumitomo Chemical Brasil Indústria Química S.A. - Maracanaú/CE;;IV;III
3608;Surcozole Técnico;tebuconazol (triazol) (950 g/kg);Fungicida;Red Surcos do Brasil Comércio Agropecuário Ltda; (Sinon Corporation - Taichuan<TAIWAN (ILHA FORMOSA)>FABRICANTE) +  (Jiangsu Sevencontinent Green Chemical Co., Ltd - Unit I<CHINA, REPUBLICA POPULAR>FABRICANTE);II;II
08404;Systhane Técnico I;miclobutanil (triazol) (920 g/kg);Fungicida;CTVA Proteção de Cultivos Ltda - Barueri (Tamboré); (Chirex LTD.<INGLATERRA>FABRICANTE) +  (KemFine Ltd<FINLÂNDIA>FABRICANTE) +  (Deccan Fine Chemicals (India) Limited - Andhra Pradesh<ÍNDIA>FABRICANTE);I;II
TC21425;TDZ Max Técnico;tidiazurom (uréia) (980 g/kg);Herbicida/Regulador de Crescimento;Maxunitech do Brasil Ltda; (Max (Rudong) Chemicals Co., Ltd.<CHINA, REPUBLICA POPULAR>FABRICANTE);PT;III
37219;TRICLOPIR BUTOTÍLICO TÉCNICO NORTOX;Triclopir-butotílico (ácido piridiniloxialcanóico) (980 g/kg);Herbicida;Nortox S.A. - Arapongas; (Lier Chemical Co. Ltd.<CHINA, REPUBLICA POPULAR>FABRICANTE);III;II
7509;Tacora Técnico;tebuconazol (triazol) (970 g/kg);Fungicida;ANASAC Brasil Comercio e Locação de Máquinas Ltda.; (Ningbo Sunjoy Agroscience Co., Ltd.<CHINA, REPUBLICA POPULAR>FABRICANTE);I;II
39219;Takumi Técnico;Flubendiamida (Diamida do ácido ftálico) (960 g/kg);Inseticida;Nichino do Brasil Agroquimicos Ltda. ; (Nichino Service Co. Ltd. - Kashima Plant<JAPÃO>FABRICANTE) +  (AGC Wakasa Chemical Co., Ltd.  Plant Kaminaka<JAPÃO>FABRICANTE) +  (AGC Wakasa Chemicals Co., Ltd. - Obama Plant<JAPÃO>FABRICANTE);PT;II
018998;Talstar Técnico FMC;bifentrina (piretróide) (890 g/kg);Acaricida/Inseticida;FMC Química do Brasil Ltda. - Campinas/SP; (FMC Corporation - Baltimore<ESTADOS UNIDOS>FABRICANTE);II;II
3797;Targa Tecnico;quizalofope-P-etílico (ácido ariloxifenoxipropiônico) (950 g/kg);Herbicida;Iharabras S.A. Indústria Químicas - Sorocaba; (Hefei Xingyu Chemical Co., Ltd - Anhui<CHINA, REPUBLICA POPULAR>FABRICANTE);III;II
38017;Tebuconazol Ascenza Técnico;tebuconazol (triazol) (970 g/kg);Fungicida;Ascenza Brasil Ltda - Hortolândia/SP; (Zhejiang Udragon Bioscience Co. Ltd<CHINA, REPUBLICA POPULAR>FABRICANTE) +  (Sinon Corporation - Taichuan<TAIWAN (ILHA FORMOSA)>FABRICANTE) +  (Sinon Chemical CO. LTD. - Shanghai/China <CHINA, REPUBLICA POPULAR>FABRICANTE) +  (Sumitomo Chemical India Limited - Gujarat<ÍNDIA>FABRICANTE) +  (Meghmani Industries Ltd. (Unit-III) - Dahej <ÍNDIA>FABRICANTE);I;II
7317;Tebuconazol Tecnico CN;tebuconazol (triazol) (970 g/kg);Fungicida;Iharabras S.A. Indústria Químicas - Sorocaba; (Jiangsu Fengdeng Crop Science Co. Ltd..<CHINA, REPUBLICA POPULAR>FABRICANTE) +  (Jiangsu Agrochem Laboratory Co., Ltd - Changzhou <CHINA, REPUBLICA POPULAR>FABRICANTE) +  (Sumitomo Chemical India Limited. <ÍNDIA>FABRICANTE) +  (Meghmani Industries Ltd. (Unit-III) - Dahej <ÍNDIA>FABRICANTE);I;II
01018;Tebuconazol Técnico Adama;tebuconazol (triazol) (980 g/kg);Fungicida;Adama Brasil S.A.- Londrina/PR; (Shangyu Nutrichem Co., Ltd.<CHINA, REPUBLICA POPULAR>FABRICANTE);I;II
TC12720;Tebuconazol Técnico Adama 2;tebuconazol (triazol) (980 g/kg);Fungicida;Adama Brasil S.A.- Londrina/PR; (Yancheng HuiHuang Chemical Co., Ltd.<CHINA, REPUBLICA POPULAR>FABRICANTE);PT;II
TC08020;Tebuconazol Técnico Adama 3;tebuconazol (triazol) (970 g/kg);Fungicida;Adama Brasil S.A.- Londrina/PR; (Jiangsu Fengdeng Crop Science Co. Ltd..<CHINA, REPUBLICA POPULAR>FABRICANTE);PT;II
37318;Tebuconazol Técnico Adama Brasil ;tebuconazol (triazol) (980 g/kg);Fungicida;Adama Brasil S.A.- Londrina/PR; (Jiangsu Sevencontinent Green Chemical Co., Ltd - Unit II<CHINA, REPUBLICA POPULAR>FABRICANTE);I;II
6609;Tebuconazol Técnico CCAB;tebuconazol (triazol) (975.1 g/kg);Fungicida;CCAB Agro S.A.   São Paulo; (Jiangsu Sevencontinent Green Chemical Co., Ltd - Unit I<CHINA, REPUBLICA POPULAR>FABRICANTE) +  (Shangyu Nutrichem Co., Ltd.<CHINA, REPUBLICA POPULAR>FABRICANTE) +  (Jiangsu Sevencontinent Green Chemical Co., Ltd - Unit II<CHINA, REPUBLICA POPULAR>FABRICANTE) +  (Yancheng HuiHuang Chemical Co., Ltd.<CHINA, REPUBLICA POPULAR>FABRICANTE);I;II
01708;Tebuconazol Técnico Consagro;tebuconazol (triazol) (950 g/kg);Fungicida;Albaugh Agro Brasil Ltda.- São Paulo; (Yancheng Limin Chemical Co. Ltd - Yandu<CHINA, REPUBLICA POPULAR>FABRICANTE) +  (Jiangsu Jiannong Agrochemical Co., Ltd.<CHINA, REPUBLICA POPULAR>FABRICANTE);III;II
13712;Tebuconazol Técnico Cropchem;tebuconazol (triazol) (970 g/kg);Fungicida;Cropchem Ltda - Porto Alegre; (Jiangsu Tuoqiu Agrochemicals Co. Ltd - Jiangsu<CHINA, REPUBLICA POPULAR>FABRICANTE);I;II
9117;Tebuconazol Técnico FG;tebuconazol (triazol) (970 g/kg);Fungicida;Agrobeats Defensivos Agrícolas Ltda ; (Jiangsu Fengdeng Crop Science Co. Ltd..<CHINA, REPUBLICA POPULAR>FABRICANTE);I;II
TC13621;Tebuconazol Técnico Mil;tebuconazol (triazol) (977 g/kg);Fungicida;Adama Brasil S.A.- Londrina/PR; (Rudong Zhongyi Chemical Co., Ltd.<CHINA, REPUBLICA POPULAR>FABRICANTE);PT;II
38619;Tebuconazol Técnico Pilarquim;tebuconazol (triazol) (975 g/kg);Fungicida;Pilarquim Br Comercial Ltda.- São Paulo; (Pilarquim (Shanghai) Co. Ltd.<CHINA, REPUBLICA POPULAR>FABRICANTE) +  (Ningbo Sunjoy Agroscience Co., Ltd.<CHINA, REPUBLICA POPULAR>FABRICANTE);PT;II
TC11323;Tebuconazol Técnico Rainbow;tebuconazol (triazol) (980 g/kg);Fungicida;Rainbow Defensivos Agrícolas Ltda.- Porto Alegre /RS ; (Shandong Weifang Rainbow Chemical Co., Ltd. - Unidade Fabril 01<CHINA, REPUBLICA POPULAR>FABRICANTE);PT;II
04218;Tebuconazol Técnico SCB;tebuconazol (triazol) (980 g/kg);Fungicida;Sumitomo Chemical Brasil Indústria Química S.A. - Maracanaú/CE; (Jiangsu Sevencontinent Green Chemical Co., Ltd - Unit I<CHINA, REPUBLICA POPULAR>FABRICANTE) +  (Yancheng HuiHuang Chemical Co., Ltd.<CHINA, REPUBLICA POPULAR>FABRICANTE);I;II
4308;Tebuconazol Técnico Solus;tebuconazol (triazol) (956.4 g/kg);Fungicida;Solus do Brasil Ltda. - Apucarana/PR- Parque Industrial ; (Sharda Cropchem Limited - Mumbai<ÍNDIA>FABRICANTE);III;II
1910;Tebuconazol Técnico Tecnomyl;tebuconazol (triazol) (975.1 g/kg);Fungicida;Tecnomyl Brasil Distribuidora de Produtos Agrícolas Ltda - Foz do Iguaçu; (Shangyu Nutrichem Co., Ltd.<CHINA, REPUBLICA POPULAR>FABRICANTE) +  (Jiangsu Sevencontinent Green Chemical Co., Ltd - Unit II<CHINA, REPUBLICA POPULAR>FABRICANTE);I;II
11408;Tebuconazole 97 Técnico Helm;tebuconazol (triazol) (970 g/kg);Fungicida;Helm do Brasil Mercantil - São Paulo/SP; (Jiangsu Sevencontinent Green Chemical Co., Ltd - Unit I<CHINA, REPUBLICA POPULAR>FABRICANTE) +  (Jiangsu Sevencontinent Green Chemical Co., Ltd - Unit II<CHINA, REPUBLICA POPULAR>FABRICANTE);I;II
36617;Tebuconazole S Técnico Helm;tebuconazol (triazol) (980 g/kg);Herbicida;Helm do Brasil Mercantil - São Paulo/SP; (Jiangsu Sevencontinent Green Chemical Co., Ltd - Unit I<CHINA, REPUBLICA POPULAR>FABRICANTE);I;II
38817;Tebuconazole Tech Oxon;tebuconazol (triazol) (970 g/kg);Fungicida;Oxon Brasil Defensivos Agrícolas Ltda.; (Sipcam Oxon S.P.A. - Mezzana Bigli <ITÁLIA>FABRICANTE);I;II
TC25525;Tebuconazole Technical Astec;tebuconazol (triazol) (970 g/kg);Fungicida;Syntech Research Laboratório Brasil Ltda.- Matriz Piracicaba/SP; (Astec Lifesciences Limited (Fábrica 01)<ÍNDIA>FABRICANTE) +  (Astec Lifesciences Limited (Fábrica 02) <CHINA, REPUBLICA POPULAR>FABRICANTE);PT;II
3015;Tebuconazole Tecnico Agroimport;tebuconazol (triazol) (950 g/kg);Fungicida;Agro Import do Brasil Ltda. - Porto Alegre/RS; (Jiangsu Sevencontinent Green Chemical Co., Ltd - Unit I<CHINA, REPUBLICA POPULAR>FABRICANTE);I;II
14114;Tebuconazole Tecnico Alta;tebuconazol (triazol) (970 g/kg);Fungicida;ALTA - America Latina Tecnologia Agrícola Ltda.- Curitiba; (Ningbo Sunjoy Agroscience Co., Ltd.<CHINA, REPUBLICA POPULAR>FABRICANTE) +  (Jiangsu Sevencontinent Green Chemical Co., Ltd - Unit I<CHINA, REPUBLICA POPULAR>FABRICANTE);I;II
6314;Tebuconazole Tecnico Avgust;tebuconazol (triazol) (970 g/L);Fungicida;Avgust Crop Protection Importação e Exportação Ltda.; (Changzhou August Agrochem Company Limited<CHINA, REPUBLICA POPULAR>FABRICANTE) +  (Jiangsu Agrochem Laboratory Co., Ltd - Changzhou <CHINA, REPUBLICA POPULAR>FABRICANTE);I;II
TC13120;Tebuconazole Tecnico HH;tebuconazol (triazol) (980 g/kg);Fungicida;Prospecta Soluções Biológicas Ltda, - Porto Alegre/RS; (Yancheng HuiHuang Chemical Co., Ltd.<CHINA, REPUBLICA POPULAR>FABRICANTE);PT;II
10919;Tebuconazole Tecnico Sumitomo BR;tebuconazol (triazol) (980 g/kg);Fungicida;Sumitomo Chemical Brasil Indústria Química S.A. - Maracanaú/CE; (Sumitomo Chemical India Limited - Gujarat<ÍNDIA>FABRICANTE);I;II
10408;Tebuconazole Tecnico UPL;tebuconazol (triazol) (945 g/kg);Fungicida;UPL do Brasil Indústria e Comércio de Insumos Agropecuários S.A. - Matriz Ituverava/SP ; (UPL Limited - Vapi<ÍNDIA>FABRICANTE);I;II
14312;Tebuconazole Técnico 970 AGCN;tebuconazol (triazol) (970 g/kg);Fungicida;Agriconnection Importadora e Exportadora de Insumos Agrícolas - Barueri/SP; (Yancheng HuiHuang Chemical Co., Ltd.<CHINA, REPUBLICA POPULAR>FABRICANTE);I;II
TC10421;Tebuconazole Técnico Albaugh;tebuconazol (triazol) (980 g/kg);Fungicida;Albaugh Agro Brasil Ltda.- São Paulo; (Jiangsu Sevencontinent Green Chemical Co., Ltd - Unit I<CHINA, REPUBLICA POPULAR>FABRICANTE);PT;II
TC05221;Tebuconazole Técnico Albaugh II;tebuconazol (triazol) (980 g/kg);Fungicida;Albaugh Agro Brasil Ltda.- São Paulo; (Yancheng HuiHuang Chemical Co., Ltd.<CHINA, REPUBLICA POPULAR>FABRICANTE);PT;II
TC16125;Tebuconazole Técnico Bharat;tebuconazol (triazol) (980 g/kg);Fungicida;Biorisk - Assessoria e Comércio de Produtos Agrícolas Ltda.; (Bharat Rasayan Ltd. - Unit II - Gujarat<ÍNDIA>FABRICANTE);PT;II
16007;Tebuconazole Técnico Cheminova;tebuconazol (triazol) (970 g/kg);Fungicida;FMC Química do Brasil Ltda. - Campinas/SP; (Cheminova  A/S - Harboore<DINAMARCA>FABRICANTE) +  (Jiangsu Sevencontinent Green Chemical Co., Ltd - Unit II<CHINA, REPUBLICA POPULAR>FABRICANTE) +  (Yancheng HuiHuang Chemical Co., Ltd.<CHINA, REPUBLICA POPULAR>FABRICANTE);I;II
TC30725;Tebuconazole Técnico Cropchem IV;tebuconazol (triazol) (970 g/kg);Fungicida;Cropchem Ltda - Porto Alegre; (Jiangsu Agrochem Laboratory Co., Ltd - Changzhou <CHINA, REPUBLICA POPULAR>FABRICANTE);PT;II
TC15125;Tebuconazole Técnico GSP;tebuconazol (triazol) (980 g/kg);Fungicida;GSP Agroquímica do Brasil Ltda - Porto Alegra/RS; (GSP Crop Science Limited - Nandesari<ÍNDIA>FABRICANTE);PT;II
00718;Tebuconazole Técnico Globachem;tebuconazol (triazol) (980 g/kg);Fungicida;Globachem Proteção de Cultivos do Brasil Ltda. - Campinas/SP; (Shangyu Nutrichem Co., Ltd.<CHINA, REPUBLICA POPULAR>FABRICANTE);I;II
36517;Tebuconazole Técnico MCW;tebuconazol (triazol) (975 g/L);Fungicida;Adama Brasil S.A.- Londrina/PR; (Adama Agricultural Solutions Ltd. - Beer Sheva<ISRAEL>FABRICANTE);I;II
TC10922;Tebuconazole Técnico NGC;tebuconazol (triazol) (980 g/kg);Fungicida;NGC Agrosciences Brasil Ltda - Botucatu/SP; (Yancheng HuiHuang Chemical Co., Ltd.<CHINA, REPUBLICA POPULAR>FABRICANTE);PT;II
017507;Tebuconazole Técnico Nortox BR;tebuconazol (triazol) (960 g/kg);Fungicida;Nortox S.A. - Arapongas; (Nortox S.A. - Arapongas<BRASIL>FABRICANTE);I;III
05618;Tebuconazole Técnico Nortox CH;tebuconazol (triazol) (975 g/kg);Fungicida;Nortox S.A. - Arapongas; (Jiangsu Sevencontinent Green Chemical Co., Ltd - Unit I<CHINA, REPUBLICA POPULAR>FABRICANTE) +  (Shangyu Nutrichem Co., Ltd.<CHINA, REPUBLICA POPULAR>FABRICANTE) +  (Jiangsu Sevencontinent Green Chemical Co., Ltd - Unit II<CHINA, REPUBLICA POPULAR>FABRICANTE);I;II
25317;Tebuconazole Técnico Nortox IV;tebuconazol (triazol) (970 g/kg);Fungicida;Nortox S.A. - Arapongas; (Jiangsu Fengdeng Crop Science Co. Ltd..<CHINA, REPUBLICA POPULAR>FABRICANTE) +  (Meghmani Industries Ltd. (Unit-III) - Dahej <ÍNDIA>FABRICANTE);I;II
TC07721;Tebuconazole Técnico Nortox V;tebuconazol (triazol) (980 g/kg);Fungicida;Nortox S.A. - Arapongas; (Yancheng HuiHuang Chemical Co., Ltd.<CHINA, REPUBLICA POPULAR>FABRICANTE);PT;II
37917;Tebuconazole Técnico OF;tebuconazol (triazol) (980 g/kg);Fungicida;Ouro Fino Química S.A. - Uberaba; (Jiangsu Sevencontinent Green Chemical Co., Ltd - Unit II<CHINA, REPUBLICA POPULAR>FABRICANTE) +  (Yancheng HuiHuang Chemical Co., Ltd.<CHINA, REPUBLICA POPULAR>FABRICANTE);I;II
10410;Tebuconazole Técnico Ouro Fino;tebuconazol (triazol) (980 g/kg);Fungicida;Ouro Fino Química S.A. - Uberaba; (Sinochem Ningbo Import e Export Corporation Ltd.<CHINA, REPUBLICA POPULAR>FABRICANTE);II;II
1212;Tebuconazole Técnico Oxon;tebuconazol (triazol) (950 g/kg);Fungicida;Oxon Brasil Defensivos Agrícolas Ltda.; (Astec Lifesciences Limited (Fábrica 01)<ÍNDIA>FABRICANTE) +  (Yancheng HuiHuang Chemical Co., Ltd.<CHINA, REPUBLICA POPULAR>FABRICANTE);I;II
14512;Tebuconazole Técnico Prentiss;tebuconazol (triazol) (970 g/kg);Fungicida;Prentiss Química Ltda. - Campo Largo/PR; (Jiangsu Tuoqiu Agrochemicals Co. Ltd - Jiangsu<CHINA, REPUBLICA POPULAR>FABRICANTE) +  (Yancheng HuiHuang Chemical Co., Ltd.<CHINA, REPUBLICA POPULAR>FABRICANTE);I;II
18417;Tebuconazole Técnico Proventis;tebuconazol (triazol) (980 g/L);Fungicida;Proventis Lifescience Defensivos Agrícolas Ltda; (Shangyu Nutrichem Co., Ltd.<CHINA, REPUBLICA POPULAR>FABRICANTE);I;II
TC16420;Tebuconazole Técnico RDB;tebuconazol (triazol) (980 g/kg);Fungicida;Albaugh Agro Brasil Ltda.- São Paulo; (Jiangsu Huanghai Pesticide & Chemical Industry<CHINA, REPUBLICA POPULAR>FABRICANTE);PT;II
36417;Tebuconazole Técnico RHK ;tebuconazol (triazol) (975 g/kg);Fungicida;Albaugh Agro Brasil Ltda.- São Paulo; (Adama Agricultural Solutions Ltd. - Beer Sheva<ISRAEL>FABRICANTE);I;II
39019;Tebuconazole Técnico RTM;tebuconazol (triazol) (980 g/kg);Fungicida;Albaugh Agro Brasil Ltda.- São Paulo; (Ningbo Sunjoy Agroscience Co., Ltd.<CHINA, REPUBLICA POPULAR>FABRICANTE);PT;II
05206;Tebuconazole Técnico Rotam;tebuconazol (triazol) (950 g/kg);Fungicida;Albaugh Agro Brasil Ltda.- São Paulo;;III;II
TC07425;Tebuconazole Técnico Rotam II;tebuconazol (triazol) (970 g/kg);Fungicida;Albaugh Agro Brasil Ltda.- São Paulo; (Jiangsu Sword Agrochemicals Co., Ltd. - Jiangsu<CHINA, REPUBLICA POPULAR>FABRICANTE);PT;II
TC18825;Tebuconazole Técnico SJ;tebuconazol (triazol) (975 g/kg);Fungicida;Biorisk - Assessoria e Comércio de Produtos Agrícolas Ltda.; (Ningbo Sunjoy Agroscience Co., Ltd.<CHINA, REPUBLICA POPULAR>FABRICANTE);PT;II
8417;Tebuconazole Técnico Sino-Agri;tebuconazol (triazol) (970 g/kg);Fungicida;Lemma Agronegócios Importação e Exportação Ltda.; (Jiangsu Fengdeng Crop Science Co. Ltd..<CHINA, REPUBLICA POPULAR>FABRICANTE);I;II
33117;Tebuconazole Técnico Sinon;tebuconazol (triazol) (970 g/kg);Fungicida;Sinon do Brasil Ltda. - Porto Alegre /RS.; (Sinon Corporation - Taiwan<TAIWAN (ILHA FORMOSA)>FABRICANTE) +  (Sinon Chemical CO., LTD. Fengxian/Shanghai<CHINA, REPUBLICA POPULAR>FABRICANTE) +  (Zhejiang Udragon Bioscience Co. Ltd<CHINA, REPUBLICA POPULAR>FABRICANTE);I;II
18717;Tebuconazole Técnico Sulphur Mills;tebuconazol (triazol) (975.6 g/kg);Fungicida;SM Agrocare Brasil Importação Comércio e Serviços Agrícolas Ltda; (Sulphur Mills Limited(1904)<ÍNDIA>FABRICANTE);I;II
04603;Tebuconazole Técnico Sumitomo;tebuconazol (triazol) (920 g/kg);Fungicida;Sumitomo Chemical Brasil Indústria Química S.A. - Maracanaú/CE; (Shangyu Nutrichem Co., Ltd.<CHINA, REPUBLICA POPULAR>FABRICANTE);II;II
42119;Tebuconazole Técnico TT;tebuconazol (triazol) (975 g/kg);Fungicida;Yonon Brasil Defensivos Agricolas Ltda; (Pilarquim (Shanghai) Co. Ltd.<CHINA, REPUBLICA POPULAR>FABRICANTE) +  (Ningbo Sunjoy Agroscience Co., Ltd.<CHINA, REPUBLICA POPULAR>FABRICANTE);PT;II
38217;Tebuconazole Técnico UPL BR;tebuconazol (triazol) (980 g/kg);Fungicida;UPL do Brasil Indústria e Comércio de Insumos Agropecuários S.A. - Matriz Ituverava/SP ; (Jiangsu Sevencontinent Green Chemical Co., Ltd - Unit I<CHINA, REPUBLICA POPULAR>FABRICANTE);I;II
5109;Tebuconazole Técnico UPL Brasil;tebuconazol (triazol) (975.1 g/kg);Fungicida;UPL do Brasil Indústria e Comércio de Insumos Agropecuários S.A. - Matriz Ituverava/SP ; (Jiangsu Sevencontinent Green Chemical Co., Ltd - Unit I<CHINA, REPUBLICA POPULAR>FABRICANTE);I;I
3910;Tebuconazole Técnico Volcano;tebuconazol (triazol) (956 g/kg);Fungicida;UPL do Brasil Indústria e Comércio de Insumos Agropecuários S.A. - Matriz Ituverava/SP ; (Shanghai Shennong Biochemical Co., Ltd<CHINA, REPUBLICA POPULAR>FABRICANTE);II;II
TC01026;Tebuconazole Técnico ZH;tebuconazol (triazol) (980 g/kg);Fungicida;Prospecta Soluções Biológicas Ltda, - Porto Alegre/RS; (Liaoning Zhonghui Biotechnology Co.,Ltd<CHINA, REPUBLICA POPULAR>FABRICANTE);PT;II
TC15420;Tebuconazole YH Técnico Helm;tebuconazol (triazol) (980 g/kg);Fungicida;Helm do Brasil Mercantil - São Paulo/SP; (Yancheng HuiHuang Chemical Co., Ltd.<CHINA, REPUBLICA POPULAR>FABRICANTE);PT;II
TC16126;Tebucure Técnico;tebuconazol (triazol) (980 g/kg);Fungicida;Meghmani Organics Biodefensivos e Agrícolas do Brasil Ltda - Campinas/SP; (Meghmani Industries Ltd. (Unit-III) - Dahej <ÍNDIA>FABRICANTE);PT;II
17719;Tebuthiuron Técnico Agrogill;tebutiurom (uréia) (980 g/kg);Herbicida;Agrogill Chemicals Ltda; (Jiangsu Changlong Agrochemical Co., Ltd.<CHINA, REPUBLICA POPULAR>FABRICANTE);II;II
07719;Tebuthiuron Técnico Lier;tebutiurom (uréia) (980 g/kg);Herbicida;Foison do Brasil Defensivos Agrícolas e Comércio Ltda; (Jiangsu Kuaida Agrochemical Co., Ltd<CHINA, REPUBLICA POPULAR>FABRICANTE);II;II
05219;Tebuthiuron Técnico Rainbow;tebutiurom (uréia) (980 g/kg);Herbicida;Rainbow Defensivos Agrícolas Ltda.- Porto Alegre /RS ;;II;II
05106;Tebuthiuron Técnico Volcano;tebutiurom (uréia) (960 g/kg);Herbicida;UPL do Brasil Indústria e Comércio de Insumos Agropecuários S.A. - Matriz Ituverava/SP ; (Volcano Agroscience (PTY) Ltd.<ÁFRICA DO SUL>FABRICANTE) +  (Yancheng South Chemical Co, Ltd<CHINA, REPUBLICA POPULAR>FABRICANTE) +  (Jiangsu Sword Agrochemicals Co., Ltd. - Jiangsu<CHINA, REPUBLICA POPULAR>FABRICANTE) +  (Jiangsu Kuaida Agrochemical Co., Ltd<CHINA, REPUBLICA POPULAR>FABRICANTE);III;II
05119;Tebutiurom Tecnico Alta III;tebutiurom (uréia) (980 g/kg);Herbicida;ALTA - America Latina Tecnologia Agrícola Ltda.- Curitiba; (Jiangsu Kuaida Agrochemical Co., Ltd<CHINA, REPUBLICA POPULAR>FABRICANTE);II;II
13414;Tebutiurom Tecnico Consagro;tebutiurom (uréia) (980 g/kg);Herbicida;Albaugh Agro Brasil Ltda.- São Paulo; (Jiangsu Changlong Chemicals Co., Ltd<CHINA, REPUBLICA POPULAR>FABRICANTE);II;II
1815;Tebutiurom Tecnico Tecnomyl;tebutiurom (uréia) (950 g/kg);Herbicida;Tecnomyl Brasil Distribuidora de Produtos Agrícolas Ltda - Foz do Iguaçu;;II;II
TC06021;Tebutiurom Tecnico Tecnomyl II;tebutiurom (uréia) (980 g/kg);Herbicida;Tecnomyl Brasil Distribuidora de Produtos Agrícolas Ltda - Foz do Iguaçu;;PT;II
05319;Tebutiurom Técnico OF;tebutiurom (uréia) (980 g/kg);Herbicida;Ouro Fino Química S.A. - Uberaba; (Jiangsu Kuaida Agrochemical Co., Ltd<CHINA, REPUBLICA POPULAR>FABRICANTE) +  (Jiangxi Zhonghe Chemical Industry Co. Ltd.<CHINA, REPUBLICA POPULAR>FABRICANTE) +  (Ancom Crop Care Sdn. Bhd.<MALÁSIA>FABRICANTE) +  (Sinon Corporation - Taiwan<TAIWAN (ILHA FORMOSA)>FABRICANTE);II;II
12817;Tebutiurom Técnico Proventis II;tebutiurom (uréia) (980 g/kg);Herbicida;Proventis Lifescience Defensivos Agrícolas Ltda; (Yancheng South Chemical Co, Ltd<CHINA, REPUBLICA POPULAR>FABRICANTE) +  (Jiangsu Changlong Agrochemical Co., Ltd.<CHINA, REPUBLICA POPULAR>FABRICANTE);II;II
12617;Tebutiurom Técnico Rainbow II;tebutiurom (uréia) (980 g/kg);Herbicida;Rainbow Defensivos Agrícolas Ltda.- Porto Alegre /RS ; (Jiangsu Flag Chemical Industry Co., Ltd.<CHINA, REPUBLICA POPULAR>FABRICANTE) +  (Yancheng South Chemical Co, Ltd<CHINA, REPUBLICA POPULAR>FABRICANTE);II;II
1615;Tebutiurom Técnico Sumitomo;tebutiurom (uréia) (980 g/kg);Herbicida;Sumitomo Chemical Brasil Indústria Química S.A. - Maracanaú/CE; (Yingde Greatchem Chemicals <CHINA, REPUBLICA POPULAR>FABRICANTE);II;II
TC09022;Tebutiurom Técnico Sumitomo BR;tebutiurom (uréia) (980 g/kg);Herbicida;Sumitomo Chemical Brasil Indústria Química S.A. - Maracanaú/CE; (Jiangsu Kuaida Agrochemical Co., Ltd<CHINA, REPUBLICA POPULAR>FABRICANTE);PT;II
1715;Tebutiurom Técnico Sumitomo GR;tebutiurom (uréia) (980 g/kg);Herbicida;Sumitomo Chemical Brasil Indústria Química S.A. - Maracanaú/CE; (Yingde Greatchem Chemicals <CHINA, REPUBLICA POPULAR>FABRICANTE);II;II
TC14926;Tebutiurom Técnico ZH;tebutiurom (uréia) (980 g/kg);Herbicida;Proregistros Registros de Produtos Ltda - EPP ; (Jiangxi Zhonghe Chemical Industry Co. Ltd.<CHINA, REPUBLICA POPULAR>FABRICANTE);PT;II
1515;Tebutiurom técnico CCAB;tebutiurom (uréia) (980 g/kg);Herbicida;CCAB Agro S.A.   São Paulo; (Yingde Greatchem Chemicals <CHINA, REPUBLICA POPULAR>FABRICANTE) +  (Jiangsu Changlong Agrochemical Co., Ltd.<CHINA, REPUBLICA POPULAR>FABRICANTE);II;II
4013;Tebutiuron Tecnico Alta;tebutiurom (uréia) (980 g/kg);Herbicida;ALTA - America Latina Tecnologia Agrícola Ltda.- Curitiba; (Lianyungang Avilive Chemical Co, Ltd. - Jiangsu <CHINA, REPUBLICA POPULAR>FABRICANTE) +  (Jiangsu Sevencontinent Green Chemical Co., Ltd - Unit I<CHINA, REPUBLICA POPULAR>FABRICANTE);II;II
00105;Tebutiuron Técnico Milenia;tebutiurom (uréia) (982.3 g/kg);Herbicida;Adama Brasil S.A.- Londrina/PR; (Adama Brasil S.A.- Londrina/PR<BRASIL>FABRICANTE) +  (Adama Agricultural Solutions Ltd. - Ashdod <ISRAEL>FABRICANTE) +  (Volcano Agroscience (PTY) Ltd.<ÁFRICA DO SUL>FABRICANTE) +  (Adama Brasil S.A. - Taquari<BRASIL>FABRICANTE);III;II
01318;Tebutiuron Técnico Nortox ;tebutiurom (uréia) (970 g/kg);Herbicida;Nortox S.A. - Arapongas; (Ancom Crop Care Sdn. Bhd.<MALÁSIA>FABRICANTE);II;II
12417;Tebutiuron Técnico Nortox BR;tebutiurom (uréia) (980 g/kg);Herbicida;Nortox S.A. - Arapongas; (Jiangsu Flag Chemical Industry Co., Ltd.<CHINA, REPUBLICA POPULAR>FABRICANTE) +  (Jiangsu Kuaida Agrochemical Co., Ltd<CHINA, REPUBLICA POPULAR>FABRICANTE);II;II
8310;Tebutiuron Técnico Ouro Fino;tebutiurom (uréia) (970 g/kg);Herbicida;Ouro Fino Química S.A. - Uberaba; (Danyang Jixiang Chemical Co., Ltd<CHINA, REPUBLICA POPULAR>FABRICANTE) +  (Jiangxi Zhonghe Chemical Industry Co. Ltd.<CHINA, REPUBLICA POPULAR>FABRICANTE);II;II
02418200;Tecto Técnico;tiabendazol (benzimidazol) (985 g/kg);Fungicida;Syngenta Proteção de Cultivos Ltda.  São Paulo/SP; (Merk & Co. Inc.<ESTADOS UNIDOS>FABRICANTE);IV;III
0507;Teflubenzuron Técnico;teflubenzurom (benzoiluréia) (950 g/kg);Acaricida/Inseticida;Basf Agricultural Solutions Brasil Ltda  São Paulo/SP; (Dynamit Nobel GmbH<ALEMANHA>FABRICANTE);III;III
TC19725;Teflubenzuron Técnico CroPchem II;teflubenzurom (benzoiluréia) (980 g/kg);Inseticida;Cropchem Ltda - Porto Alegre; (Jiangsu Subin Agrochemical Co. Ltd.<CHINA, REPUBLICA POPULAR>FABRICANTE);PT;III
TC23425;Teflubenzuron Técnico FB;teflubenzurom (benzoiluréia) (975 g/kg);Inseticida;Agroallianz S.A; (Huaian Glory Chemical Co., Ltd.<CHINA, REPUBLICA POPULAR>FABRICANTE);PT;III
TC25225;Tembotriona Técnico CAC;Tembotriona (Tricetona) (970 g/kg);Herbicida;CAC Quimica do Brasil Ltda; (Zhangye Dagong Pesticide Chemistry Co. Ltd.<CHINA, REPUBLICA POPULAR>FABRICANTE);PT;III
1194;Terbufos Técnico;terbufós (organofosforado) (850 g/kg);Inseticida/Nematicida;AMVAC do Brasil Importação e Comércio de Insumos Agrícolas Ltda; (Amvac Chemical Corporation - Hannibal Plant - Missouri<ESTADOS UNIDOS>FABRICANTE);I;I
7608;Terbuthylazine Técnico;terbutilazina (triazina) (970 g/kg);Herbicida;Oxon Brasil Defensivos Agrícolas Ltda.; (Oxon Italia S.p.A<ITÁLIA>FABRICANTE) +  (Sipcam Oxon S.P.A. - Mezzana Bigli <ITÁLIA>FABRICANTE) +  (Hebei Shanli Chemical Co., Ltd.<CHINA, REPUBLICA POPULAR>FABRICANTE);III;II
TC03321;Terbutilazina Tecnico ZS;terbutilazina (triazina) (970 g/kg);Herbicida;Zhongshan Química do Brasil - Sorocaba/SP; (Anhui Zhongshan Chemical Industry Co. Ltd.<CHINA, REPUBLICA POPULAR>FABRICANTE);PT;II
TC05526;Terbutilazina Técnico Binnong;terbutilazina (triazina) (970 g/kg);Herbicida;Biorisk - Assessoria e Comércio de Produtos Agrícolas Ltda.; (Zhanhua Goalsun Fine Chemical Co., Ltd.<CHINA, REPUBLICA POPULAR>FABRICANTE);PT;II
TC24022;Terbutilazina Técnico CropChem;terbutilazina (triazina) (970 g/kg);Herbicida;Cropchem Ltda - Porto Alegre; (Shandong Zhongnong Minchang Chemical Industry Co., Ltd<CHINA, REPUBLICA POPULAR>FABRICANTE);PT;II
TC16526;Terbutilazina Técnico Cropchem III;terbutilazina (triazina) (970 g/kg);Herbicida;Cropchem Ltda - Porto Alegre; (Zhanhua Goalsun Fine Chemical Co., Ltd.<CHINA, REPUBLICA POPULAR>FABRICANTE);PT;II
TC19126;Terbutilazina Técnico FB;terbutilazina (triazina) (970 g/kg);Herbicida;Agroallianz S.A; (Zhanhua Goalsun Fine Chemical Co., Ltd.<CHINA, REPUBLICA POPULAR>FABRICANTE);PT;II
TC02526;Terbutilazina Técnico Nortox ;terbutilazina (triazina) (970 g/kg);Herbicida;Nortox S.A. - Arapongas; (Zhanhua Goalsun Fine Chemical Co., Ltd.<CHINA, REPUBLICA POPULAR>FABRICANTE);PT;II
TC17723;Terrad'or Técnico;Tiafenacil (Uracila) (950 g/kg);Herbicida/Regulador de Crescimento;Farmhannong do Brasil Limitada; (FarmHannong Co. Ltd.  - Unidade Banwol<CORÉIA (DO SUL), REPÚBLICA DA>FABRICANTE);Não;III
02238701;Terrazole Técnico ;etridiazol (éter tiadiazólico) (950 g/kg);Fungicida;UPL do Brasil Indústria e Comércio de Insumos Agropecuários S.A. - Matriz Ituverava/SP ; (Lanxess Canadá CO/CIE <CANADÁ>FABRICANTE);II;II
4708;Tetraconazole Técnico ;tetraconazol (triazol) (940 g/kg);Fungicida;Gowan Produtos Agrícolas Ltda. - Matriz Campinas/SP; (Isagro S.p.A - Bussi sul Tirino (Pescara)<ITÁLIA>FABRICANTE) +  (Oxon Italia S.p.A<ITÁLIA>FABRICANTE) +  (Isagro S.p.A - Bussi sul Tirino (Pescara)<ITÁLIA>FABRICANTE);III;II
TC17323;Tetraconazole Técnico Udragon;tetraconazol (triazol) (960 g/kg);Fungicida;Syncrom Assessoria e Comércio de Produtos Agropecuários  Ltda.; (Zhejiang Udragon Bioscience Co. Ltd<CHINA, REPUBLICA POPULAR>FABRICANTE);PT;II
TC18623;Tetraconazole Técnico ZB;tetraconazol (triazol) (960 g/kg);Fungicida;Oxon Brasil Defensivos Agrícolas Ltda.; (Zhejiang Udragon Bioscience Co. Ltd<CHINA, REPUBLICA POPULAR>FABRICANTE) +  (Sipcam Nichino Brasil S. A. - Igarapava/SP<BRASIL>FABRICANTE);PT;II
09001;Thiabendazole Técnico;tiabendazol (benzimidazol) (985 g/kg);Fungicida;Syngenta Proteção de Cultivos Ltda.  São Paulo/SP; (Syngenta Production France S.A.S. - Aigues-Vives<FRANÇA>FABRICANTE) +  (Hikal Limited<ÍNDIA>FABRICANTE) +  (Jiangsu Noon Crop Science Co., Ltd.<CHINA, REPUBLICA POPULAR>FABRICANTE) +  (Guangan Lier Chemical Co., Ltd.<CHINA, REPUBLICA POPULAR>FABRICANTE);III;III
TC16121;Thiacloprid Técnico SAU;tiacloprido (neonicotinóide) (975 g/kg);Inseticida;Biorisk - Assessoria e Comércio de Produtos Agrícolas Ltda.; (Shandong United Pesticide Industry Co., Ltd.<CHINA, REPUBLICA POPULAR>FABRICANTE);PT;III
34617;Thiamethoxam GSP Técnico Helm;tiametoxam (neonicotinóide) (995 g/kg);Inseticida;Helm do Brasil Mercantil - São Paulo/SP; (GSP Crop Science Limited - Navrangpura<ÍNDIA>FABRICANTE);III;III
TC01623;Thiamethoxam SR Técnico Helm;tiametoxam (neonicotinóide) (980 g/kg);Inseticida;Helm do Brasil Mercantil - São Paulo/SP; (Shandong United Pesticide Industry Co., Ltd.<CHINA, REPUBLICA POPULAR>FABRICANTE) +  (Shijiazhuang Richem Co., Ltd - Zhaoxian<CHINA, REPUBLICA POPULAR>FABRICANTE);PT;III
35017;Thiamethoxam Tecnico Rotam;tiametoxam (neonicotinóide) (985 g/kg);Inseticida;Albaugh Agro Brasil Ltda.- São Paulo; (Shangyu Nutrichem Co., Ltd.<CHINA, REPUBLICA POPULAR>FABRICANTE);III;III
9898;Thiamethoxam Técnico;tiametoxam (neonicotinóide) (980 g/kg);Inseticida;Syngenta Proteção de Cultivos Ltda.  São Paulo/SP; (Viakem S.A. de C.V. - Unidade de San Nicolás de Los Garza<MÉXICO>FABRICANTE) +  (AlzChem Trostberg GmbH  -Trostberg<ALEMANHA>FABRICANTE) +  (Bharat Rasayan Ltd. - Unit II - Gujarat<ÍNDIA>FABRICANTE) +  (Deccan Fine Chemical (Índia) Private Limited - Telangana (Escritorio)<ÍNDIA>FABRICANTE) +  (Shandong Hailir Chemical Co., Ltd.<CHINA, REPUBLICA POPULAR>FABRICANTE) +  (Shandong Hailir Chemical Co., Ltd.<CHINA, REPUBLICA POPULAR>FABRICANTE);III;III
TC24426;Thiamethoxam Técnico Crystal;tiametoxam (neonicotinóide) (975 g/kg);Inseticida;Biorisk - Assessoria e Comércio de Produtos Agrícolas Ltda.; (Crystal Crop Protection Limited.<ÍNDIA>FABRICANTE);III;III
TC04722;Thiamethoxam Técnico Limuda;tiametoxam (neonicotinóide) (980 g/kg);Inseticida;Agrolimuda do Brasil Ltda - Guarulhos/SP; (Shandong Weifang Rainbow Chemical Co., Ltd. - Unidade Fabril 02<CHINA, REPUBLICA POPULAR>FABRICANTE);PT;III
TC01723;Thiamethoxam Técnico Sino-Agri;tiametoxam (neonicotinóide) (980 g/L);Inseticida;Lemma Agronegócios Importação e Exportação Ltda.; (Shijiazhuang Richem Co., Ltd - Zhaoxian<CHINA, REPUBLICA POPULAR>FABRICANTE);PT;III
35217;Thiamethoxam Técnico UPL;tiametoxam (neonicotinóide) (950 g/kg);Inseticida;UPL do Brasil Indústria e Comércio de Insumos Agropecuários S.A. - Matriz Ituverava/SP ; (GSP Crop Science Limited - Navrangpura<ÍNDIA>FABRICANTE) +  (Sinochem Ningbo Import e Export Corporation Ltd.<CHINA, REPUBLICA POPULAR>FABRICANTE);III;III
34917;Thiamethoxam Técnico UPL Brasil;tiametoxam (neonicotinóide) (980 g/kg);Inseticida;UPL do Brasil Indústria e Comércio de Insumos Agropecuários S.A. - Matriz Ituverava/SP ; (GSP Crop Science Limited - Navrangpura<ÍNDIA>FABRICANTE) +  (Sinochem Ningbo Import e Export Corporation Ltd.<CHINA, REPUBLICA POPULAR>FABRICANTE);III;III
TC14722;Thiamethoxam Técnico ZS;tiametoxam (neonicotinóide) (980 g/kg);Inseticida;Zhongshan Química do Brasil - Sorocaba/SP; (CAC Nantong Chemical Co. Ltd. - Jiangsu<CHINA, REPUBLICA POPULAR>FABRICANTE);PT;III
TC22725;Thiametoxam Técnico SAU;tiametoxam (neonicotinóide) (980 g/kg);Inseticida;Biorisk - Assessoria e Comércio de Produtos Agrícolas Ltda.; (Shandong United Pesticide Industry Co., Ltd.<CHINA, REPUBLICA POPULAR>FABRICANTE);PT;III
35717;Thiametoxan Técnico CCAB;tiametoxam (neonicotinóide) (980 g/kg);Inseticida;CCAB Agro S.A.   São Paulo; (Tecnomyl S.A. - Villeta<PARAGUAI>FABRICANTE) +  (Shangyu Nutrichem Co., Ltd.<CHINA, REPUBLICA POPULAR>FABRICANTE) +  (Yancheng South Chemical Co, Ltd<CHINA, REPUBLICA POPULAR>FABRICANTE) +  (Lianyungang Avilive Chemical Co, Ltd. - Jiangsu <CHINA, REPUBLICA POPULAR>FABRICANTE) +  (Hebei de Rich Chemical Co., Ltd.<CHINA, REPUBLICA POPULAR>FABRICANTE) +  (Shijiazhuang Richem Co., Ltd - Zhaoxian<CHINA, REPUBLICA POPULAR>FABRICANTE);III;III
01694;Thianosan Técnico;tiram (dimetilditiocarbamato) (980 g/kg);Fungicida;Taminco do Brasil Produtos Químicos Ltda; (Taminco N.V.<BÉLGICA>FABRICANTE);I;II
3313;Thidiazuron Técnico Avgust;tidiazurom (uréia) (965 g/kg);Herbicida;Avgust Crop Protection Importação e Exportação Ltda.; (Changzhou August Agrochem Company Limited<CHINA, REPUBLICA POPULAR>FABRICANTE);III;III
03505;Thidiazuron Técnico BCS;tidiazurom (uréia) (960 g/kg);Herbicida;Bayer S.A. - São Paulo/ SP; (Jiangsu Yangnong Chemical Co. Ltd<CHINA, REPUBLICA POPULAR>FABRICANTE);III;III
TC22325;Thidiazuron Técnico CCAB;tidiazurom (uréia) (980 g/kg);Herbicida/Regulador de Crescimento;CCAB Agro S.A.   São Paulo; (Max (Rudong) Chemicals Co., Ltd.<CHINA, REPUBLICA POPULAR>FABRICANTE);PT;III
7016;Thidiazuron Técnico UPL;tidiazurom (uréia) (974 g/kg);Herbicida/Regulador de Crescimento;UPL do Brasil Indústria e Comércio de Insumos Agropecuários S.A. - Matriz Ituverava/SP ; (Jiangsu Repont Pesticide Factory - Jintan<CHINA, REPUBLICA POPULAR>FABRICANTE);III;III
TC17120;Thiencarbazone Methyl Técnico;tiencarbazona metílica (triazolona) (960 g/kg);Herbicida;Bayer S.A. - São Paulo/ SP; (Bayer AG -Industriepark Höchst - Frankfurt <ALEMANHA>FABRICANTE) +  (Saltigo GmbH- Leverkusen<ALEMANHA>FABRICANTE) +  (Bayer Cropscience LP - Kansas City - Missouri<ESTADOS UNIDOS>FABRICANTE);Não;III
3611;Thiodi Técnico ;tiodicarbe (metilcarbamato de oxima) (980 g/kg);Inseticida;Sharda do Brasil Comércio de Produtos Químicos e Agroquímicos LTDA; (Shangdong Libang Chemical Industry Co., Ltd.<CHINA, REPUBLICA POPULAR>FABRICANTE);II;I
TC10520;Thiodicarb Tecnico SJ;tiodicarbe (metilcarbamato de oxima) (980 g/kg);Inseticida;Biorisk - Assessoria e Comércio de Produtos Agrícolas Ltda.; (Lianyungang Avilive Chemical Co, Ltd. - Jiangsu <CHINA, REPUBLICA POPULAR>FABRICANTE);PT;I
TC11720;Thiodicarb Técnico 980 AGCN;tiodicarbe (metilcarbamato de oxima) (980 g/kg);Inseticida;Agriconnection Importadora e Exportadora de Insumos Agrícolas - Barueri/SP; (Lianyungang Avilive Chemical Co, Ltd. - Jiangsu <CHINA, REPUBLICA POPULAR>FABRICANTE);PT;I
TC11420;Thiodicarb Técnico Jubaili;tiodicarbe (metilcarbamato de oxima) (980 g/kg);Inseticida;Jubailireg Brasil Ltda - São Paulo/SP; (Lianyungang Avilive Chemical Co, Ltd. - Jiangsu <CHINA, REPUBLICA POPULAR>FABRICANTE);PT;I
10108;Thiodicarb Técnico Rotam;tiodicarbe (metilcarbamato de oxima) (960 g/kg);Inseticida;Albaugh Agro Brasil Ltda.- São Paulo; (Nantong Rotam Chemistry Co. Ltd<CHINA, REPUBLICA POPULAR>FABRICANTE);II;I
01400;Thiophanate Methyl Técnico;tiofanato-metílico (benzimidazol (precursor de)) (940 g/kg);Fungicida;Sipcam Nichino Brasil S.A. - Uberaba/MG; (Rallis India Ltd. - Bangalore<ÍNDIA>FABRICANTE) +  (FarmHannong Co. Ltd.  - Unidade Banwol<CORÉIA (DO SUL), REPÚBLICA DA>FABRICANTE) +  (Anhui Guangxin Agrochemical Co., Ltd. - Anhui<CHINA, REPUBLICA POPULAR>FABRICANTE) +  (Jiangsu Lanfeng Biochemical Co. Ltd - Planta 2 Suhua<CHINA, REPUBLICA POPULAR>FABRICANTE);III;III
3708;Thiophanate-Methyl 98 Técnico Helm;tiofanato-metílico (benzimidazol (precursor de)) (980 g/kg);Fungicida;Helm do Brasil Mercantil - São Paulo/SP; (Tai Cang Pesticide Factory Co. Ltd - Jiangsu<CHINA, REPUBLICA POPULAR>FABRICANTE);III;III
10513;Thiophanate-methyl G Técnico Helm;tiofanato-metílico (benzimidazol (precursor de)) (970 g/kg);Fungicida;Helm do Brasil Mercantil - São Paulo/SP; (Anhui Guangxin Agrochemical Co., Ltd. - Anhui<CHINA, REPUBLICA POPULAR>FABRICANTE);III;III
1093;Thiram Técnico ALS I;tiram (dimetilditiocarbamato) (950 g/kg);Fungicida;UPL do Brasil Indústria e Comércio de Insumos Agropecuários S.A. - Matriz Ituverava/SP ; (Chemtura Corporation México S. DE R.L. DE C.V<MÉXICO>FABRICANTE);II;II
03006;Thiram Técnico ALS II;tiram (dimetilditiocarbamato) (960 g/kg);Fungicida;UPL do Brasil Indústria e Comércio de Insumos Agropecuários S.A. - Matriz Ituverava/SP ; (Taminco N.V.<BÉLGICA>FABRICANTE);I;II
7809;Thiram Técnico Flexsys;tiram (dimetilditiocarbamato) (970 g/kg);Fungicida;UPL do Brasil Indústria e Comércio de Insumos Agropecuários S.A. - Matriz Ituverava/SP ; (Flexsys<ALEMANHA>FABRICANTE);I;II
TC04426;Tiabendazol Técnico CHDS;tiabendazol (benzimidazol) (990 g/kg);Fungicida;CHDS do Brasil Comércio de Insumos Agrícolas Ltda - São Miguel do Iguaçu/PR   ; (Jiangsu Noon Crop Science Co., Ltd.<CHINA, REPUBLICA POPULAR>FABRICANTE);PT;III
TC12226;Tiabendazol Técnico Rainbow;tiabendazol (benzimidazol) (980 g/kg);Fungicida;Rainbow Defensivos Agrícolas Ltda.- Porto Alegre /RS ; (Jiangsu Noon Crop Science Co., Ltd.<CHINA, REPUBLICA POPULAR>FABRICANTE);PT;III
TC11220;Tiacloprido Ascenza Técnico;tiacloprido (neonicotinóide) (975 g/kg);Inseticida;Ascenza Brasil Ltda - Hortolândia/SP; (Shangdong United Pesticide Industry Co. Ltd.<CHINA, REPUBLICA POPULAR>FABRICANTE);PT;III
TC13226;Tiacloprido Técnico Rainbow ;tiacloprido (neonicotinóide) (980 g/kg);Inseticida;Rainbow Defensivos Agrícolas Ltda.- Porto Alegre /RS ; (Shandong Weifang Rainbow Chemical Co., Ltd. - Unidade Fabril 01<CHINA, REPUBLICA POPULAR>FABRICANTE);PT;III
41019;Tiametoxam Ascenza Técnico;tiametoxam (neonicotinóide) (980 g/kg);Inseticida;Ascenza Brasil Ltda - Hortolândia/SP; (Rudong Zhongyi Chemical Co., Ltd.<CHINA, REPUBLICA POPULAR>FABRICANTE) +  (Shandong United Pesticide Industry Co., Ltd.<CHINA, REPUBLICA POPULAR>FABRICANTE) +  (Yongnong Biosciences Co., Ltd.<CHINA, REPUBLICA POPULAR>FABRICANTE) +  (Shandong Hailir Chemical Co., Ltd.<CHINA, REPUBLICA POPULAR>FABRICANTE);PT;III
34817;Tiametoxam Tecnico Sumitomo;tiametoxam (neonicotinóide) (995 g/kg);Inseticida;Sumitomo Chemical Brasil Indústria Química S.A. - Maracanaú/CE; (GSP Crop Science Limited - Navrangpura<ÍNDIA>FABRICANTE);III;III
TC20625;Tiametoxam Técnico Adama 3;tiametoxam (neonicotinóide) (980 g/kg);Inseticida;Adama Brasil S.A.- Londrina/PR; (Insecticides (India) Limited - Rajasthan<ÍNDIA>FABRICANTE);PT;III
TC15920;Tiametoxam Técnico Adama Brasil;tiametoxam (neonicotinóide) (980 g/kg);Inseticida;Adama Brasil S.A.- Londrina/PR; (Yongnong Biosciences Co., Ltd.<CHINA, REPUBLICA POPULAR>FABRICANTE) +  (Rudong Zhongyi Chemical Co., Ltd.<CHINA, REPUBLICA POPULAR>FABRICANTE) +  (Shandong United Pesticide Industry Co., Ltd.<CHINA, REPUBLICA POPULAR>FABRICANTE);PT;III
TC14222;Tiametoxam Técnico Agrisor ;tiametoxam (neonicotinóide) (980 g/kg);Inseticida;CAC Quimica do Brasil Ltda; (CAC Nantong Chemical Co. Ltd. - Jiangsu<CHINA, REPUBLICA POPULAR>FABRICANTE);PT;III
TC06023;Tiametoxam Técnico Agristar;tiametoxam (neonicotinóide) (985 g/kg);Inseticida;Albaugh Agro Brasil Ltda.- São Paulo; (Shangyu Nutrichem Co., Ltd.<CHINA, REPUBLICA POPULAR>FABRICANTE);PT;III
TC27722;Tiametoxam Técnico Albaugh;tiametoxam (neonicotinóide) (980 g/kg);Inseticida;Albaugh Agro Brasil Ltda.- São Paulo; (Shijiazhuang Richem Co., Ltd - Zhaoxian<CHINA, REPUBLICA POPULAR>FABRICANTE);PT;III
35817;Tiametoxam Técnico Alta;tiametoxam (neonicotinóide) (995 g/kg);Inseticida;ALTA - America Latina Tecnologia Agrícola Ltda.- Curitiba; (GSP Crop Science Limited - Navrangpura<ÍNDIA>FABRICANTE);III;III
15819;Tiametoxam Técnico Betachem;tiametoxam (neonicotinóide) (980 g/kg);Inseticida;Acrom Agroindustrial Ltda- Londrina/PR; (Hebei de Rich Chemical Co., Ltd.<CHINA, REPUBLICA POPULAR>FABRICANTE);III;III
TC15123;Tiametoxam Técnico Cropchem;tiametoxam (neonicotinóide) (980 g/kg);Inseticida;Cropchem Ltda - Porto Alegre; (Shijiazhuang Baofeng Chemical Co. Ltd - Er Shi Li Pu Town<CHINA, REPUBLICA POPULAR>FABRICANTE) +  (Shijiazhuang Richem Co., LTD<CHINA, REPUBLICA POPULAR>FABRICANTE);PT;III
TC16226;Tiametoxam Técnico Cropchem II;tiametoxam (neonicotinóide) (980 g/kg);Inseticida;Cropchem Ltda - Porto Alegre; (Crystal Crop Protection Limited.<ÍNDIA>FABRICANTE);PT;III
TC16326;Tiametoxam Técnico FB II;tiametoxam (neonicotinóide) (980 g/kg);Inseticida;Agroallianz S.A; (Shandong Hailir Chemical Co., Ltd.<CHINA, REPUBLICA POPULAR>FABRICANTE);PT;III
37117;Tiametoxam Técnico HG;tiametoxam (neonicotinóide) (980 g/kg);Inseticida;Hailir Brasil Defensivos Agricolas Ltda - São Paulo/SP; (Shandong Hailir Chemical Co., Ltd.<CHINA, REPUBLICA POPULAR>FABRICANTE);III;III
TC01726;Tiametoxam Técnico Hy-Green;tiametoxam (neonicotinóide) (980 g/kg);Inseticida;Changqing do Brasil Produtos Agrícolas Ltda; (Jiangsu Changqing Agrochemical Co., Ltd - Yangzhou<CHINA, REPUBLICA POPULAR>FABRICANTE);PT;III
39818;Tiametoxam Técnico IN;tiametoxam (neonicotinóide) (980 g/kg);Inseticida;CHDS do Brasil Comércio de Insumos Agrícolas Ltda - São Miguel do Iguaçu/PR   ; (Shandong Hailir Chemical Co., Ltd.<CHINA, REPUBLICA POPULAR>FABRICANTE);III;III
35117;Tiametoxam Técnico ME2;tiametoxam (neonicotinóide) (985 g/kg);Inseticida;UPL do Brasil Indústria e Comércio de Insumos Agropecuários S.A. - Matriz Ituverava/SP ; (Shangyu Nutrichem Co., Ltd.<CHINA, REPUBLICA POPULAR>FABRICANTE);III;III
TC29525;Tiametoxam Técnico OF;tiametoxam (neonicotinóide) (980 g/kg);Inseticida;Ouro Fino Química S.A. - Uberaba; (Crystal Crop Protection Limited.<ÍNDIA>FABRICANTE);PT;III
TC27822;Tiametoxam Técnico OF I;tiametoxam (neonicotinóide) (980 g/kg);Inseticida;Ouro Fino Química S.A. - Uberaba; (Shijiazhuang Richem Co., Ltd - Zhaoxian<CHINA, REPUBLICA POPULAR>FABRICANTE);PT;III
TC23025;Tiametoxam Técnico OF II;tiametoxam (neonicotinóide) (980 g/kg);Inseticida;Ouro Fino Química S.A. - Uberaba; (Insecticides (India) Limited - Rajasthan<ÍNDIA>FABRICANTE);PT;III
02118;Tiametoxam Técnico Ouro Fino;tiametoxam (neonicotinóide) (980 g/kg);Inseticida;Ouro Fino Química S.A. - Uberaba; (Lianyungang Avilive Chemical Co, Ltd. - Jiangsu <CHINA, REPUBLICA POPULAR>FABRICANTE);III;III
35317;Tiametoxam Técnico Proventis;tiametoxam (neonicotinóide) (985 g/kg);Inseticida;Proventis Lifescience Defensivos Agrícolas Ltda; (Shangyu Nutrichem Co., Ltd.<CHINA, REPUBLICA POPULAR>FABRICANTE) +  (Yancheng South Chemical Co, Ltd<CHINA, REPUBLICA POPULAR>FABRICANTE);III;III
41119;Tiametoxam Técnico Rainbow;tiametoxam (neonicotinóide) (980 g/kg);Inseticida;Rainbow Defensivos Agrícolas Ltda.- Porto Alegre /RS ; (Shandong Weifang Rainbow Chemical Co., Ltd. - Unidade Fabril 01<CHINA, REPUBLICA POPULAR>FABRICANTE);PT;III
TC16123;Tiametoxam Técnico Sulphur Mills;tiametoxam (neonicotinóide) (990 g/kg);Inseticida;SM Agrocare Brasil Importação Comércio e Serviços Agrícolas Ltda; (SML Limited  Unit I - Panoli<ÍNDIA>FABRICANTE);PT;III
TC01823;Tiametoxam Técnico Sulphur Mills II;tiametoxam (neonicotinóide) (980 g/kg);Inseticida;SM Agrocare Brasil Importação Comércio e Serviços Agrícolas Ltda; (Shijiazhuang Richem Co., Ltd - Zhaoxian<CHINA, REPUBLICA POPULAR>FABRICANTE);PT;III
35417;Tiametoxam Técnico Sumitomo BR;tiametoxam (neonicotinóide) (985 g/kg);Inseticida;Sumitomo Chemical Brasil Indústria Química S.A. - Maracanaú/CE; (Shangyu Nutrichem Co., Ltd.<CHINA, REPUBLICA POPULAR>FABRICANTE);III;III
35517;Tiametoxam Técnico Tecnomyl;tiametoxam (neonicotinóide) (980 g/kg);Inseticida;Tecnomyl Brasil Distribuidora de Produtos Agrícolas Ltda - Foz do Iguaçu; (Tecnomyl S.A. - Villeta<PARAGUAI>FABRICANTE) +  (Shangyu Nutrichem Co., Ltd.<CHINA, REPUBLICA POPULAR>FABRICANTE) +  (Yancheng South Chemical Co, Ltd<CHINA, REPUBLICA POPULAR>FABRICANTE) +  (Lianyungang Avilive Chemical Co, Ltd. - Jiangsu <CHINA, REPUBLICA POPULAR>FABRICANTE);III;III
10019;Tiametoxam Técnico YNG;tiametoxam (neonicotinóide) (980 g/kg);Inseticida;Yonon Brasil Defensivos Agricolas Ltda; (Yongnong Biosciences Co., Ltd.<CHINA, REPUBLICA POPULAR>FABRICANTE);III;III
34717;Tiametoxan Técnico Nortox;tiametoxam (neonicotinóide) (985 g/kg);Inseticida;Nortox S.A. - Arapongas; (Shangyu Nutrichem Co., Ltd.<CHINA, REPUBLICA POPULAR>FABRICANTE) +  (Yancheng South Chemical Co, Ltd<CHINA, REPUBLICA POPULAR>FABRICANTE);III;III
TC11023;Tiametoxan Técnico Nortox CH;tiametoxam (neonicotinóide) (980 g/kg);Inseticida;Nortox S.A. - Arapongas; (Shijiazhuang Richem Co., Ltd - Zhaoxian<CHINA, REPUBLICA POPULAR>FABRICANTE) +  (Anhui Guangxin Agrochemical Co., Ltd. - Anhui<CHINA, REPUBLICA POPULAR>FABRICANTE) +  (CAC Nantong Chemical Co. Ltd. - Jiangsu<CHINA, REPUBLICA POPULAR>FABRICANTE);PT;III
TC18224;Tidiazurom Técnico Rainbow ;tidiazurom (uréia) (980 g/kg);Herbicida;Rainbow Defensivos Agrícolas Ltda.- Porto Alegre /RS ; (Shandong Weifang Rainbow Chemical Co., Ltd. - Unidade Fabril 01<CHINA, REPUBLICA POPULAR>FABRICANTE);PT;III
TC20525;Tidiazurom Técnico SL;tidiazurom (uréia) (980 g/kg);Herbicida/Regulador de Crescimento;Soloeste Industria, Comercio, Importacao e Exportacao Ltda - ME; (Max (Rudong) Chemicals Co., Ltd.<CHINA, REPUBLICA POPULAR>FABRICANTE);PT;III
TC05926;Tidiazuron Técnico Nortox;tidiazurom (uréia) (980 g/kg);Herbicida;Nortox S.A. - Arapongas; (Jiangsu Repont Agrochemical Co. Ltd  - Rudong<CHINA, REPUBLICA POPULAR>FABRICANTE);PT;III
TC17426;Tidiazuron Técnico Repont ;tidiazurom (uréia) (980 g/kg);Herbicida/Regulador de Crescimento;Solagro Soluções Agrícolas Ltda - São Paulo/SP; (Jiangsu Repont Agrochemical Co. Ltd  - Rudong<CHINA, REPUBLICA POPULAR>FABRICANTE);PT;III
04898;Tiger Técnico;piriproxifem (éter piridiloxipropílico) (950 g/kg);Inseticida;Sumitomo Chemical Brasil Indústria Química S.A. - Maracanaú/CE; (Sumitomo Chemical Company, Ltd - (Fábrica) - Misawa<JAPÃO>FABRICANTE) +  (Rudong Zhongyi Chemical Co., Ltd.<CHINA, REPUBLICA POPULAR>FABRICANTE) +  (Sumitomo Chemical India Limited. <ÍNDIA>FABRICANTE);III;II
TC20322;Tiodicarb Técnico Nortox II;tiodicarbe (metilcarbamato de oxima) (975 g/kg);Inseticida;Nortox S.A. - Arapongas; (Henan Jinpeng Chemicals Co., Ltd<CHINA, REPUBLICA POPULAR>FABRICANTE);PT;I
11316;Tiodicarbe Tecnico Sumitomo;tiobencarbe (tiocarbamato) (980 g/kg);Inseticida;Sumitomo Chemical Brasil Indústria Química S.A. - Maracanaú/CE; (Yancheng South Chemical Co, Ltd<CHINA, REPUBLICA POPULAR>FABRICANTE);II;I
TC22022;Tiodicarbe Técnico Agrolead ;tiodicarbe (metilcarbamato de oxima) (975 g/kg);Inseticida;Agro-Lead Brasil Assessoria em Produtos Agrícolas Ltda - EPP;;PT;I
TC21322;Tiodicarbe Técnico Albaugh;tiodicarbe (metilcarbamato de oxima) (975 g/kg);Inseticida;Albaugh Agro Brasil Ltda.- São Paulo; (Henan Jinpeng Chemicals Co., Ltd<CHINA, REPUBLICA POPULAR>FABRICANTE);PT;I
13916;Tiodicarbe Técnico CCAB;tiodicarbe (metilcarbamato de oxima) (980 g/kg);Inseticida;CCAB Agro S.A.   São Paulo; (Lianyungang Avilive Chemical Co, Ltd. - Jiangsu <CHINA, REPUBLICA POPULAR>FABRICANTE);II;I
3014;Tiodicarbe Técnico Consagro;tiodicarbe (metilcarbamato de oxima) (970 g/kg);Inseticida;Albaugh Agro Brasil Ltda.- São Paulo;;II;I
TC11520;Tiodicarbe Técnico Ouro Fino;tiodicarbe (metilcarbamato de oxima) (980 g/kg);Inseticida;Ouro Fino Química S.A. - Uberaba; (Lianyungang Avilive Chemical Co, Ltd. - Jiangsu <CHINA, REPUBLICA POPULAR>FABRICANTE);PT;I
11616;Tiodicarbe Técnico Proventis;tiodicarbe (metilcarbamato de oxima) (980 g/kg);Inseticida;Proventis Lifescience Defensivos Agrícolas Ltda; (Jiangsu Changlong Agrochemical Co., Ltd.<CHINA, REPUBLICA POPULAR>FABRICANTE) +  (Yancheng South Chemical Co, Ltd<CHINA, REPUBLICA POPULAR>FABRICANTE);II;I
TC12424;Tiodicarbe Técnico Rainbow;tiodicarbe (metilcarbamato de oxima) (980 g/kg);Inseticida;Rainbow Defensivos Agrícolas Ltda.- Porto Alegre /RS ; (Shandong Weifang Rainbow Chemical Co., Ltd. - Unidade Fabril 01<CHINA, REPUBLICA POPULAR>FABRICANTE);PT;I
TC11620;Tiodicarbe Técnico SN-Cropchem;tiodicarbe (metilcarbamato de oxima) (980 g/kg);Inseticida;Cropchem Ltda - Porto Alegre;;PT;I
12116;Tiodicarbe Técnico Sinochem;tiodicarbe (metilcarbamato de oxima) (980 g/kg);Inseticida;Sinochem Agro do Brasil Ltda. ; (Lianyungang Avilive Chemical Co, Ltd. - Jiangsu <CHINA, REPUBLICA POPULAR>FABRICANTE);II;I
11416;Tiodicarbe Técnico Sumitomo BR;tiodicarbe (metilcarbamato de oxima) (980 g/kg);Inseticida;Sumitomo Chemical Brasil Indústria Química S.A. - Maracanaú/CE; (Lianyungang Avilive Chemical Co, Ltd. - Jiangsu <CHINA, REPUBLICA POPULAR>FABRICANTE);II;I
14016;Tiodicarbe Técnico Tecnomyl;tiodicarbe (metilcarbamato de oxima) (980 g/kg);Inseticida;Tecnomyl Brasil Distribuidora de Produtos Agrícolas Ltda - Foz do Iguaçu; (Yancheng South Chemical Co, Ltd<CHINA, REPUBLICA POPULAR>FABRICANTE) +  (Lianyungang Avilive Chemical Co, Ltd. - Jiangsu <CHINA, REPUBLICA POPULAR>FABRICANTE);II;I
15919;Tiofanato Metil Técnico Nortox;tiofanato-metílico (benzimidazol (precursor de)) (975 g/kg);Fungicida;Nortox S.A. - Arapongas; (Jiangsu Lanfeng Biochemical Co. Ltd - Planta 2 Suhua<CHINA, REPUBLICA POPULAR>FABRICANTE);IV;III
27216;Tiofanato Metílico Técnico Cropchem;tiofanato-metílico (benzimidazol (precursor de)) (980 g/kg);Fungicida;Cropchem Ltda - Porto Alegre; (Ningxia Ruitai Technology Co. Ltd.<CHINA, REPUBLICA POPULAR>FABRICANTE);IV;III
02819;Tiofanato Metílico Técnico Fersol ;tiofanato-metílico (benzimidazol (precursor de)) (970 g/kg);Fungicida;Ameribrás Indústria e Comércio Ltda.; (Anhui Guangxin Agrochemical Co., Ltd. - Anhui<CHINA, REPUBLICA POPULAR>FABRICANTE) +  (Ningxia Ruitai Technology Co. Ltd.<CHINA, REPUBLICA POPULAR>FABRICANTE);IV;III
25616;Tiofanato Técnico CCAB;tiofanato-metílico (benzimidazol (precursor de)) (980 g/kg);Fungicida;CCAB Agro S.A.   São Paulo; (Jiangxi Heyi Chemical Co., Ltd.<CHINA, REPUBLICA POPULAR>FABRICANTE) +  (Ningxia Ruitai Technology Co. Ltd.<CHINA, REPUBLICA POPULAR>FABRICANTE);IV;III
TC12321;Tiofanato Técnico Sinon;tiofanato-metílico (benzimidazol (precursor de)) (980 g/kg);Fungicida;Sinon do Brasil Ltda. - Porto Alegre /RS.; (Sinon Corporation - Taichuan<TAIWAN (ILHA FORMOSA)>FABRICANTE);PT;III
TC02224;Tiofanato-Metílico Técnico AGX;tiofanato-metílico (benzimidazol (precursor de)) (970 g/kg);Fungicida;AGX DO BRASIL LTDA; (Anhui Guangxin Agrochemical Co., Ltd. - Anhui<CHINA, REPUBLICA POPULAR>FABRICANTE);PT;III
27316;Tiofanato-Metílico Técnico Agristar;tiofanato-metílico (benzimidazol (precursor de)) (980 g/kg);Fungicida;Albaugh Agro Brasil Ltda.- São Paulo; (Jiangxi Heyi Chemical Co., Ltd.<CHINA, REPUBLICA POPULAR>FABRICANTE) +  (Ningxia Ruitai Technology Co. Ltd.<CHINA, REPUBLICA POPULAR>FABRICANTE);IV;III
26916;Tiofanato-Metílico Técnico Globachem;tiofanato-metílico (benzimidazol (precursor de)) (980 g/kg);Fungicida;Globachem Proteção de Cultivos do Brasil Ltda. - Campinas/SP; (Ningxia Ruitai Technology Co. Ltd.<CHINA, REPUBLICA POPULAR>FABRICANTE) +  (Jiangxi Heyi Chemical Co., Ltd.<CHINA, REPUBLICA POPULAR>FABRICANTE);IV;III
02619;Tiofanato-Metílico Técnico SUP;tiofanato-metílico (benzimidazol (precursor de)) (970 g/kg);Fungicida;Sipcam Nichino Brasil S.A. - Uberaba/MG; (Anhui Guangxin Agrochemical Co., Ltd. - Anhui<CHINA, REPUBLICA POPULAR>FABRICANTE) +  (Jiangsu Lanfeng Biochemical Co. Ltd - Planta 2 Suhua<CHINA, REPUBLICA POPULAR>FABRICANTE);IV;III
02719;Tiofanato-Metílico Técnico Tide;tiofanato-metílico (benzimidazol (precursor de)) (980 g/kg);Fungicida;Tide do Brasil Ltda - Porto Alegre/RS; (Jiangsu Lanfeng Biochemical Co. Ltd - Planta 2 Suhua<CHINA, REPUBLICA POPULAR>FABRICANTE);IV;III
18418;Tiofanato-metilico Tecnico Mega;tiofanato-metílico (benzimidazol (precursor de)) (980 g/kg);Fungicida;Meghmani Organics Biodefensivos e Agrícolas do Brasil Ltda - Campinas/SP;;IV;III
10413;Tiofanato-metilico Tecnico Pilarquim;tiofanato-metílico (benzimidazol (precursor de)) (987.5 g/kg);Fungicida;Pilarquim Br Comercial Ltda.- São Paulo;;III;III
24719;Tiofanato-metílico Técnico Adama ;tiofanato-metílico (benzimidazol (precursor de)) (980 g/kg);Fungicida;Adama Brasil S.A.- Londrina/PR; (Jiangsu Lanfeng Biochemical Co. Ltd - Planta 2 Suhua<CHINA, REPUBLICA POPULAR>FABRICANTE);IV;III
02919;Tiofanato-metílico Técnico Consagro;tiofanato-metílico (benzimidazol (precursor de)) (970 g/kg);Fungicida;Albaugh Agro Brasil Ltda.- São Paulo; (Anhui Guangxin Agrochemical Co., Ltd. - Anhui<CHINA, REPUBLICA POPULAR>FABRICANTE);IV;III
27116;Tiofanato-metílico Técnico Proventis;tiofanato-metílico (benzimidazol (precursor de)) (980 g/kg);Fungicida;Proventis Lifescience Defensivos Agrícolas Ltda; (Jiangxi Heyi Chemical Co., Ltd.<CHINA, REPUBLICA POPULAR>FABRICANTE) +  (Ningxia Ruitai Technology Co. Ltd.<CHINA, REPUBLICA POPULAR>FABRICANTE);II;III
TC09723;Tolpyralate Técnico ISK ;Tolpiralate (Benzoylpyrazole ) (941 g/kg);Herbicida;ISK Biosciences do Brasil Defensivos Agricolas Ltda; (Ishihara Sangyo Kaisha  LTD (Sede)<JAPÃO>FABRICANTE) +  (FarmHannong Co. Ltd. - Unidade Gumi<CORÉIA (DO SUL), REPÚBLICA DA>FABRICANTE) +  (Sanjjan India Limited - Mumbai<ÍNDIA>FABRICANTE) +  (Universal Chemicals & Industries Pvt. Ltd.<ÍNDIA>FABRICANTE);Não;III
04397;Topgan Técnico;imazaquim (imidazolinona) (950 g/kg);Herbicida;Adama Brasil S.A.- Londrina/PR; (Adama Brasil S.A.- Londrina/PR<BRASIL>FABRICANTE) +  (Adama Brasil S.A. - Taquari<BRASIL>FABRICANTE);III;III
595;Trebon Técnico;etofenproxi (éter difenílico) (972 g/kg);Inseticida;Sipcam Nichino Brasil S.A. - Uberaba/MG; (Mitsui Chemicals INC. - Fukuoka<JAPÃO>FABRICANTE) +  (Sipcam Nichino Brasil S.A. - Uberaba/MG<BRASIL>FABRICANTE);III;II
906;Triadimenol Técnico C Dhanuka;triadimenol (triazol) (970 g/kg);Fungicida;Solagro Soluções Agrícolas Ltda - São Paulo/SP; (Jiangsu Sword Agrochemical Co. Ltd<CHINA, REPUBLICA POPULAR>FABRICANTE) +  (Jiangsu Sword Agrochemicals Co. Ltd. - Jianhu<CHINA, REPUBLICA POPULAR>FABRICANTE);II;III
8299;Triadimenol Técnico M Dhanuka;triadimenol (triazol) (970 g/kg);Fungicida;Solagro Soluções Agrícolas Ltda - São Paulo/SP; (Adama Agricultural Solutions Ltd. - Beer Sheva<ISRAEL>FABRICANTE);III;III
30019;Trichlopyr-Butotyl Técnico Lier;Triclopir-butotílico (ácido piridiniloxialcanóico) (980 g/kg);Herbicida;Foison do Brasil Defensivos Agrícolas e Comércio Ltda; (Lier Chemical Co. Ltd.<CHINA, REPUBLICA POPULAR>FABRICANTE);III;II
0778599;Triciclazol Técnico 950;triciclazol (benzotiazol) (950 g/kg);Fungicida;CTVA Proteção de Cultivos Ltda - Barueri (Tamboré); (Kumiai Chemical Industry Co. Ltd. - Shizuoka Planta<JAPÃO>FABRICANTE) +  (NACL Industries Limited <ÍNDIA>FABRICANTE) +  (Deccan Fine Chemicals (India) Limited - Andhra Pradesh<ÍNDIA>FABRICANTE) +  (Jiangsu Changqing Agrochemical Co., Ltd - Yangzhou<CHINA, REPUBLICA POPULAR>FABRICANTE);II;II
3415;Triclopir Bee Técnico Milenia;Triclopir-butotílico (ácido piridiniloxialcanóico) (969 g/kg);Herbicida;Adama Brasil S.A.- Londrina/PR; (Hebei Wanquan Lihua Chemicals Co. Ltd<CHINA, REPUBLICA POPULAR>FABRICANTE);III;II
TC19826;Triclopir Butotílico Técnico Adama Brasil;Triclopir-butotílico (ácido piridiniloxialcanóico) (970 g/kg);Herbicida;Adama Brasil S.A.- Londrina/PR; (Aimco Pesticides Ltd.  <ÍNDIA>FABRICANTE);PT;II
TC04423;Triclopir Butotílico Técnico FMC;Triclopir-butotílico (ácido piridiniloxialcanóico) (980 g/kg);Herbicida;FMC Química do Brasil Ltda. - Campinas/SP; (Max (Rudong) Chemicals Co., Ltd.<CHINA, REPUBLICA POPULAR>FABRICANTE);PT;II
TC08526;Triclopir Butotílico Técnico Nortox III;Triclopir-butotílico (ácido piridiniloxialcanóico) (970 g/kg);Herbicida;Nortox S.A. - Arapongas; (Aimco Pesticides Ltd.  <ÍNDIA>FABRICANTE);PT;II
TC06824;Triclopir Butotílico Técnico Nortox V;Triclopir-butotílico (ácido piridiniloxialcanóico) (980 g/kg);Herbicida;Nortox S.A. - Arapongas; (Jiangsu Fengshang Group Co. Ltd<CHINA, REPUBLICA POPULAR>FABRICANTE);III;II
TC12320;Triclopir Butotílico Técnico Rainbow;Triclopir-butotílico (ácido piridiniloxialcanóico) (980 g/kg);Herbicida;Rainbow Defensivos Agrícolas Ltda.- Porto Alegre /RS ;;PT;II
TC04624;Triclopir Tecnico CropChem III;Triclopir-butotílico (ácido piridiniloxialcanóico) (980 g/kg);Herbicida;Cropchem Ltda - Porto Alegre; (Jiangsu Fengshang Group Co. Ltd<CHINA, REPUBLICA POPULAR>FABRICANTE);PT;II
TC14920;Triclopir Técnico Adama BR;Triclopir-butotílico (ácido piridiniloxialcanóico) (970 g/kg);Herbicida;Adama Brasil S.A.- Londrina/PR; (Shandong Weifang Rainbow Chemical Co., Ltd. - Unidade Fabril 02<CHINA, REPUBLICA POPULAR>FABRICANTE);PT;II
30119;Triclopir Técnico BRA;Triclopir-butotílico (ácido piridiniloxialcanóico) (980 g/kg);Herbicida;BRA Defensivos Agrícolas Ltda - Piracicaba/SP; (Lier Chemical Co. Ltd.<CHINA, REPUBLICA POPULAR>FABRICANTE);III;II
TC07324;Triclopir Técnico Cropchem;Triclopir-butotílico (ácido piridiniloxialcanóico) (980 g/kg);Herbicida;Cropchem Ltda - Porto Alegre; (Jiangsu Fengshang Group Co. Ltd<CHINA, REPUBLICA POPULAR>FABRICANTE);PT;II
TC06224;Triclopir Técnico Ihara I;Triclopir-butotílico (ácido piridiniloxialcanóico) (980 g/kg);Herbicida;Iharabras S.A. Indústria Químicas - Sorocaba; (Lier Chemical Co. Ltd.<CHINA, REPUBLICA POPULAR>FABRICANTE);PT;II
TC10726;Triclopir Técnico Ihara II;Triclopir-butotílico (ácido piridiniloxialcanóico) (970 g/kg);Herbicida;Iharabras S.A. Indústria Químicas - Sorocaba; (Gharda Chemical Limited - Lote Plant<ÍNDIA>FABRICANTE);PT;II
29819;Triclopir Técnico Ouro Fino;Triclopir-butotílico (ácido piridiniloxialcanóico) (980 g/kg);Herbicida;Ouro Fino Química S.A. - Uberaba; (Lier Chemical Co. Ltd.<CHINA, REPUBLICA POPULAR>FABRICANTE);III;II
29919;Triclopir Técnico Pilarquim ;Triclopir-butotílico (ácido piridiniloxialcanóico) (980 g/kg);Herbicida;Pilarquim Br Comercial Ltda.- São Paulo; (Lier Chemical Co. Ltd.<CHINA, REPUBLICA POPULAR>FABRICANTE);III;II
TC06924;Triclopir Técnico Proventis;Triclopir-butotílico (ácido piridiniloxialcanóico) (969 g/kg);Herbicida;Proventis Lifescience Defensivos Agrícolas Ltda; (Hebei Wanquan Lihua Chemicals Co. Ltd<CHINA, REPUBLICA POPULAR>FABRICANTE);PT;II
12018;Triclopir Técnico Tecnomyl;Triclopir-butotílico (ácido piridiniloxialcanóico) (969 g/kg);Herbicida;Tecnomyl Brasil Distribuidora de Produtos Agrícolas Ltda - Foz do Iguaçu;;III;II
30219;Triclopir Técnico Tide;Triclopir-butotílico (ácido piridiniloxialcanóico) (980 g/kg);Herbicida;Tide do Brasil Ltda - Porto Alegre/RS; (Lier Chemical Co. Ltd.<CHINA, REPUBLICA POPULAR>FABRICANTE);III;II
29719;Triclopir-Butotílico Técnico Adama ;Triclopir-butotílico (ácido piridiniloxialcanóico) (980 g/kg);Herbicida;Adama Brasil S.A.- Londrina/PR; (Lier Chemical Co. Ltd.<CHINA, REPUBLICA POPULAR>FABRICANTE);III;II
TC05824;Triclopir-Butotílico Técnico Adama 2;Triclopir-butotílico (ácido piridiniloxialcanóico) (980 g/kg);Herbicida;Adama Brasil S.A.- Londrina/PR; (Jiangsu Fengshang Group Co. Ltd<CHINA, REPUBLICA POPULAR>FABRICANTE);PT;II
TC05224;Triclopir-Butotílico Técnico Albaugh FGS;Triclopir-butotílico (ácido piridiniloxialcanóico) (980 g/kg);Herbicida;Albaugh Agro Brasil Ltda.- São Paulo; (Jiangsu Fengshang Group Co. Ltd<CHINA, REPUBLICA POPULAR>FABRICANTE);PT;II
12818;Triclopir-Butotílico Técnico Sumitomo;Triclopir-butotílico (ácido piridiniloxialcanóico) (969 g/kg);Herbicida;Sumitomo Chemical Brasil Indústria Química S.A. - Maracanaú/CE; (Hebei Wanquan Lihua Chemicals Co. Ltd<CHINA, REPUBLICA POPULAR>FABRICANTE);III;II
TC04026;Triclopir-butotílico Técnico Gharda;Triclopir-butotílico (ácido piridiniloxialcanóico) (970 g/kg);Herbicida;Gharda do Brasil Soluções Agrícolas Ltda. ; (Gharda Chemical Limited - Lote Plant<ÍNDIA>FABRICANTE);PT;II
30319;Triclopyr BEE Técnico;Triclopir-butotílico (ácido piridiniloxialcanóico) (980 g/kg);Herbicida;Globachem Proteção de Cultivos do Brasil Ltda. - Campinas/SP;;III;II
0528598;Triclopyr Ester Butoxi Etilico Técnico;Triclopir-butotílico (ácido piridiniloxialcanóico) (960 g/kg);Herbicida;CTVA Proteção de Cultivos Ltda - Barueri (Tamboré); (Corteva Agriscience LLC - Midland - Michigan<ESTADOS UNIDOS>FABRICANTE);III;II
6808;Triclopyr Ester Técnico Volcano;Triclopir-butotílico (ácido piridiniloxialcanóico) (980 g/kg);Herbicida;UPL do Brasil Indústria e Comércio de Insumos Agropecuários S.A. - Matriz Ituverava/SP ; (Volcano Agroscience (PTY) Ltd.<ÁFRICA DO SUL>FABRICANTE);III;II
TC09024;Triclopyr Técnico Agrogill;Triclopir-butotílico (ácido piridiniloxialcanóico) (980 g/kg);Herbicida;Agrogill Chemicals Ltda; (Jiangsu Fengshang Group Co. Ltd<CHINA, REPUBLICA POPULAR>FABRICANTE);PT;II
11918;Triclopyr Técnico CCAB;Triclopir-butotílico (ácido piridiniloxialcanóico) (969 g/kg);Herbicida;CCAB Agro S.A.   São Paulo; (Hebei Wanquan Lihua Chemicals Co. Ltd<CHINA, REPUBLICA POPULAR>FABRICANTE);III;II
TC18624;Triclopyr Técnico CCAB II;Triclopir-butotílico (ácido piridiniloxialcanóico) (980 g/kg);Herbicida;CCAB Agro S.A.   São Paulo; (Max (Rudong) Chemicals Co., Ltd.<CHINA, REPUBLICA POPULAR>FABRICANTE) +  (Jiangsu Fengshang Group Co. Ltd<CHINA, REPUBLICA POPULAR>FABRICANTE);PT;II
TC05524;Triclopyr Técnico Ihara III;Triclopir-butotílico (ácido piridiniloxialcanóico) (980 g/kg);Herbicida;Iharabras S.A. Indústria Químicas - Sorocaba; (Jiangsu Fengshang Group Co. Ltd<CHINA, REPUBLICA POPULAR>FABRICANTE);PT;II
TC04924;Triclopyr-Butotyl Technical UPL;Triclopir-butotílico (ácido piridiniloxialcanóico) (980 g/L);Herbicida;UPL do Brasil Indústria e Comércio de Insumos Agropecuários S.A. - Matriz Ituverava/SP ; (Max (Rudong) Chemicals Co., Ltd.<CHINA, REPUBLICA POPULAR>FABRICANTE);PT;II
39319;Triclopyr-Butotyl Técnico Sino-Agri;Triclopir-butotílico (ácido piridiniloxialcanóico) (980 g/kg);Herbicida;Lemma Agronegócios Importação e Exportação Ltda.; (Lier Chemical Co. Ltd.<CHINA, REPUBLICA POPULAR>FABRICANTE);PT;II
TC00224;Tricyclazole Técnico Indofil;triciclazol (benzotiazol) (980 g/kg);Fungicida;Indofil Industries do Brasil Ltda.; (Indofil Industries Limited  Planta Azad Nagar - Thane<ÍNDIA>FABRICANTE);PT;II
3728200;Trifenil Hidróxido de Estanho Técnico;hidróxido de fentina (organoestânico) (950 g/kg);Fungicida;Syngenta Proteção de Cultivos Ltda.  São Paulo/SP; (PMC Organometallix, Inc. - Carrallton<ESTADOS UNIDOS>FABRICANTE);II;I
8915;Trifloxissulfurom Sódico Técnico CCAB;trifloxissulfurom-sódico (sulfoniluréia) (960 g/kg);Herbicida;CCAB Agro S.A.   São Paulo; (Jiangxi Synica Enterprise Co Ltd<CHINA, REPUBLICA POPULAR>FABRICANTE) +  (Tecnomyl S.A. - Villeta<PARAGUAI>FABRICANTE);II;III
8315;Trifloxissulfurom Sódico Técnico TECNOMYL;trifloxissulfurom-sódico (sulfoniluréia) (945.7 g/kg);Herbicida;Tecnomyl Brasil Distribuidora de Produtos Agrícolas Ltda - Foz do Iguaçu; (Jiangxi Synica Enterprise Co Ltd<CHINA, REPUBLICA POPULAR>FABRICANTE) +  (Tecnomyl S.A. - Villeta<PARAGUAI>FABRICANTE);II;II
TC12221;Trifloxistrobin Técnico CHD'S;trifloxistrobina (estrobilurina) (975 g/kg);Fungicida;CHDS do Brasil Comércio de Insumos Agrícolas Ltda - São Miguel do Iguaçu/PR   ; (Yongnong Biosciences Co., Ltd.<CHINA, REPUBLICA POPULAR>FABRICANTE);PT;II
TC17825;Trifloxistrobin Técnico Nortox;trifloxistrobina (estrobilurina) (980 g/kg);Fungicida;Nortox S.A. - Arapongas; (Yancheng HuiHuang Chemical Co., Ltd.<CHINA, REPUBLICA POPULAR>FABRICANTE);PT;II
TC17525;Trifloxistrobin Técnico Nortox II;trifloxistrobina (estrobilurina) (980 g/kg);Fungicida;Nortox S.A. - Arapongas; (Jiangsu Corechem Co. Ltd.<CHINA, REPUBLICA POPULAR>FABRICANTE);PT;II
TC12021;Trifloxistrobin Técnico Nortox III;trifloxistrobina (estrobilurina) (975 g/kg);Fungicida;Nortox S.A. - Arapongas; (Yongnong Biosciences Co., Ltd.<CHINA, REPUBLICA POPULAR>FABRICANTE);PT;II
TC24625;Trifloxistrobin Técnico Nortox IV;trifloxistrobina (estrobilurina) (980 g/kg);Fungicida;Nortox S.A. - Arapongas; (Zhejiang Udragon Bioscience Co. Ltd<CHINA, REPUBLICA POPULAR>FABRICANTE) +  (Ningbo Sunjoy Agroscience Co., Ltd.<CHINA, REPUBLICA POPULAR>FABRICANTE);PT;II
TC03723;Trifloxistrobin Técnico Perterra;trifloxistrobina (estrobilurina) (980 g/kg);Fungicida;Perterra Insumos Agropecuários S.A.  São Paulo/SP; (Jiangsu Jiannong ABA Agrochemical Co., Ltd.<CHINA, REPUBLICA POPULAR>FABRICANTE);PT;II
TC02022;Trifloxistrobin Técnico Sinon;trifloxistrobina (estrobilurina) (980 g/kg);Fungicida;Sinon do Brasil Ltda. - Porto Alegre /RS.; (Jiangsu Flag Chemical Industry Co., Ltd.<CHINA, REPUBLICA POPULAR>FABRICANTE);PT;II
TC11421;Trifloxistrobin Técnico YNG;trifloxistrobina (estrobilurina) (975 g/kg);Fungicida;Yonon Brasil Defensivos Agricolas Ltda; (Yongnong Biosciences Co., Ltd.<CHINA, REPUBLICA POPULAR>FABRICANTE);PT;II
TC18221;Trifloxistrobina Tradecorp Técnico;trifloxistrobina (estrobilurina) (975 g/kg);Fungicida;Ascenza Brasil Ltda - Hortolândia/SP; (Jiangsu Flag Chemical Industry Co., Ltd.<CHINA, REPUBLICA POPULAR>FABRICANTE) +  (Yongnong Biosciences Co., Ltd.<CHINA, REPUBLICA POPULAR>FABRICANTE);PT;II
TC08725;Trifloxistrobina Técnico Albaugh 03;trifloxistrobina (estrobilurina) (980 g/kg);Fungicida;Albaugh Agro Brasil Ltda.- São Paulo; (Zhejiang Udragon Bioscience Co. Ltd<CHINA, REPUBLICA POPULAR>FABRICANTE);PT;II
TC10923;Trifloxistrobina Técnico CAC;trifloxistrobina (estrobilurina) (980 g/kg);Fungicida;CAC Quimica do Brasil Ltda; (Jiangxi Tianyu Chemical Co., Ltd.<CHINA, REPUBLICA POPULAR>FABRICANTE);PT;II
TC12121;Trifloxistrobina Técnico CropChem;trifloxistrobina (estrobilurina) (975 g/kg);Fungicida;Cropchem Ltda - Porto Alegre; (Zhejiang Bosst Cropscience Co., Ltd<CHINA, REPUBLICA POPULAR>FABRICANTE) +  (Yongnong Biosciences Co., Ltd.<CHINA, REPUBLICA POPULAR>FABRICANTE);PT;II
TC22225;Trifloxistrobina Técnico CropChem II;trifloxistrobina (estrobilurina) (980 g/kg);Fungicida;Cropchem Ltda - Porto Alegre; (Jiangsu Corechem Co. Ltd.<CHINA, REPUBLICA POPULAR>FABRICANTE);PT;II
TC22425;Trifloxistrobina Técnico JYTFS;trifloxistrobina (estrobilurina) (980 g/kg);Fungicida;Biorisk - Assessoria e Comércio de Produtos Agrícolas Ltda.; (Jiangsu Corechem Co. Ltd.<CHINA, REPUBLICA POPULAR>FABRICANTE);PT;II
TC10821;Trifloxistrobina Técnico Ouro Fino;trifloxistrobina (estrobilurina) (975 g/kg);Fungicida;Ouro Fino Química S.A. - Uberaba; (Yongnong Biosciences Co., Ltd.<CHINA, REPUBLICA POPULAR>FABRICANTE);PT;II
TC11221;Trifloxistrobina Técnico Rainbow;trifloxistrobina (estrobilurina) (980 g/kg);Fungicida;Rainbow Defensivos Agrícolas Ltda.- Porto Alegre /RS ; (Shandong Weifang Rainbow Chemical Co., Ltd. - Unidade Fabril 01<CHINA, REPUBLICA POPULAR>FABRICANTE);PT;II
TC25925;Trifloxistrobina Técnico Tecnomyl IV;trifloxistrobina (estrobilurina) (980 g/kg);Fungicida;Tecnomyl Brasil Distribuidora de Produtos Agrícolas Ltda - Foz do Iguaçu; (Jiangsu Corechem Co. Ltd.<CHINA, REPUBLICA POPULAR>FABRICANTE);PT;II
TC26025;Trifloxistrobina U Técnico Helm;trifloxistrobina (estrobilurina) (980 g/kg);Fungicida;Helm do Brasil Mercantil - São Paulo/SP; (Zhejiang Udragon Bioscience Co. Ltd<CHINA, REPUBLICA POPULAR>FABRICANTE);PT;II
09801;Trifloxystrobin Técnico;trifloxistrobina (estrobilurina) (960 g/kg);Fungicida;Bayer S.A. - São Paulo/ SP; (Bayer CropScience Schweiz AG - Muttenz<SUÍCA>FABRICANTE);II;II
TC11621;Trifloxystrobin Técnico 975 AGCN;trifloxistrobina (estrobilurina) (975 g/kg);Fungicida;Agriconnection Importadora e Exportadora de Insumos Agrícolas - Barueri/SP; (Yongnong Biosciences Co., Ltd.<CHINA, REPUBLICA POPULAR>FABRICANTE);PT;II
TC22025;Trifloxystrobin Técnico FB;trifloxistrobina (estrobilurina) (980 g/kg);Fungicida;Agroallianz S.A; (Yancheng HuiHuang Chemical Co., Ltd.<CHINA, REPUBLICA POPULAR>FABRICANTE);PT;II
TC18022;Trifloxystrobin Técnico FB II;trifloxistrobina (estrobilurina) (975 g/kg);Fungicida;Agroallianz S.A; (Yongnong Biosciences Co., Ltd.<CHINA, REPUBLICA POPULAR>FABRICANTE);PT;II
TC23225;Trifloxystrobin Técnico HH;trifloxistrobina (estrobilurina) (980 g/kg);Fungicida;Prospecta Soluções Biológicas Ltda, - Porto Alegre/RS; (Yancheng HuiHuang Chemical Co., Ltd.<CHINA, REPUBLICA POPULAR>FABRICANTE);PT;II
TC23022;Trifloxystrobin Técnico JN;trifloxistrobina (estrobilurina) (980 g/kg);Fungicida;Biorisk - Assessoria e Comércio de Produtos Agrícolas Ltda.; (Jiangsu Jiannong ABA Agrochemical Co., Ltd.<CHINA, REPUBLICA POPULAR>FABRICANTE);PT;II
TC22525;Trifloxystrobin Técnico NGC;trifloxistrobina (estrobilurina) (980 g/kg);Fungicida;NGC Agrosciences Brasil Ltda - Botucatu/SP; (Jiangsu Corechem Co. Ltd.<CHINA, REPUBLICA POPULAR>FABRICANTE);PT;II
TC22125;Trifloxystrobin Técnico Sino-Agri;trifloxistrobina (estrobilurina) (980 g/kg);Fungicida;Lemma Agronegócios Importação e Exportação Ltda.; (Yancheng HuiHuang Chemical Co., Ltd.<CHINA, REPUBLICA POPULAR>FABRICANTE) +  (Jiangsu Corechem Co. Ltd.<CHINA, REPUBLICA POPULAR>FABRICANTE) +  (CAC Nantong Chemical Co. Ltd. - Jiangsu<CHINA, REPUBLICA POPULAR>FABRICANTE);PT;II
TC17325;Trifloxystrobin Técnico UPL;trifloxistrobina (estrobilurina) (976 g/kg);Fungicida;UPL do Brasil Indústria e Comércio de Insumos Agropecuários S.A. - Matriz Ituverava/SP ; (UPL Limited - Unit 2 - Akleshwar<ÍNDIA>FABRICANTE);PT;II
TC08925;Trifloxystrobin Técnico Udragon;trifloxistrobina (estrobilurina) (980 g/kg);Fungicida;Syncrom Assessoria e Comércio de Produtos Agropecuários  Ltda.; (Zhejiang Udragon Bioscience Co. Ltd<CHINA, REPUBLICA POPULAR>FABRICANTE);PT;II
TC17125;Trifloxystrobin Técnico Wynca ;trifloxistrobina (estrobilurina) (980 g/kg);Fungicida;Wynca do Brasil Ltda  São Paulo ; (Jiangsu Corechem Co. Ltd.<CHINA, REPUBLICA POPULAR>FABRICANTE);PT;II
TC01126;Trifloxystrobin Técnico ZH;trifloxistrobina (estrobilurina) (980 g/kg);Fungicida;Prospecta Soluções Biológicas Ltda, - Porto Alegre/RS; (Liaoning Zhonghui Biotechnology Co.,Ltd<CHINA, REPUBLICA POPULAR>FABRICANTE);PT;II
06901;Trifloxysulfuron Sodium Técnico;trifloxissulfurom-sódico (sulfoniluréia) (890 g/kg);Herbicida;Syngenta Proteção de Cultivos Ltda.  São Paulo/SP; (Syngenta Crop Protection AG - Pratteln<SUÍCA>FABRICANTE) +  (Syngenta Crop Protection Münchwilen AG - Münchwilen<SUÍCA>FABRICANTE) +  (Syngenta Crop Protection AG - Monthey<SUÍCA>FABRICANTE) +  (Syngenta Grimsby Ltd <REINO UNIDO>FABRICANTE) +  (Bayer CropScience Schweiz AG - Muttenz<SUÍCA>FABRICANTE) +  (Syngenta Crop Protection Münchwilen AG - Münchwilen<SUÍCA>FABRICANTE) +  (Kischemicals Manufacturing & Mercantile LLC<HUNGRIA, REPUBLICA DA>FABRICANTE);II;III
TC06421;Triflumurom Técnico Flag;triflumurom (benzoiluréia) (990 g/kg);Inseticida;Biorisk - Assessoria e Comércio de Produtos Agrícolas Ltda.; (Jiangsu Flag Chemical Industry Co., Ltd.<CHINA, REPUBLICA POPULAR>FABRICANTE);PT;II
TC06521;Triflumuron Técnico Nortox;triflumurom (benzoiluréia) (990 g/kg);Inseticida;Nortox S.A. - Arapongas; (Jiangsu Flag Chemical Industry Co., Ltd.<CHINA, REPUBLICA POPULAR>FABRICANTE);PT;II
TC14821;Triflumuron Técnico RTM;triflumurom (benzoiluréia) (975 g/kg);Inseticida;Albaugh Agro Brasil Ltda.- São Paulo; (Tonghua Pesticide Chemical Industry Stock Co. Ltd.<CHINA, REPUBLICA POPULAR>FABRICANTE);PT;II
TC13624;Trifluralin Técnico FB;trifluralina (dinitroanilina) (965 g/kg);Herbicida;Agroallianz S.A; (Jiangsu Fengshang Group Co. Ltd<CHINA, REPUBLICA POPULAR>FABRICANTE);PT;II
2248591;"Trifluralina Técnica Defensa; Triflurex; ";trifluralina (dinitroanilina) (950 g/kg);Herbicida;Adama Brasil S.A.- Londrina/PR; (Adama Brasil S.A.- Londrina/PR<BRASIL>FABRICANTE);III;II
02694;Trifluralina Técnica Milenia;trifluralina (dinitroanilina) (930 g/kg);Herbicida;Adama Brasil S.A.- Londrina/PR; (Adama Brasil S.A. - Taquari<BRASIL>FABRICANTE) +  (Adama Brasil S.A.- Londrina/PR<BRASIL>FABRICANTE);III;II
1328298;Trifluralina Técnica Nortox;trifluralina (dinitroanilina) (950 g/kg);Herbicida;Nortox S.A. - Arapongas; (Nortox S.A. - Arapongas<BRASIL>FABRICANTE);II;II
TC13524;Trifluralina Técnico Adama;trifluralina (dinitroanilina) (965 g/kg);Herbicida;Adama Brasil S.A.- Londrina/PR; (Jiangsu Fengshang Group Co. Ltd<CHINA, REPUBLICA POPULAR>FABRICANTE);PT;II
TC00925;Trifluralina Técnico CropChem;trifluralina (dinitroanilina) (970 g/kg);Herbicida;Cropchem Ltda - Porto Alegre; (Jiangsu Fengshang Group Co. Ltd<CHINA, REPUBLICA POPULAR>FABRICANTE);PT;II
8599;Triflurex Agricur Técnico;trifluralina (dinitroanilina) (960 g/kg);Herbicida;Adama Brasil S.A.- Londrina/PR; (Adama Agricultural Solutions Ltd. - Ashdod <ISRAEL>FABRICANTE);III;II
02893;Trifmine Técnico;triflumizol (imidazol) (970 g/kg);Fungicida;Iharabras S.A. Indústria Químicas - Sorocaba; (Nippon Soda CO., LTD. (Takaoka Plant) (Fábrica)<JAPÃO>FABRICANTE) +  (Iharabras S.A. Indústria Químicas - Sorocaba<BRASIL>FABRICANTE);IV;III
16719;Trinexapac Ethyl Técnico UPL;trinexapaque-etílico (ácido dioxociclohexanocarboxílico) (975 g/kg);Herbicida/Regulador de Crescimento;UPL do Brasil Indústria e Comércio de Insumos Agropecuários S.A. - Matriz Ituverava/SP ; (Max (Rudong) Chemicals Co., Ltd.<CHINA, REPUBLICA POPULAR>FABRICANTE);IV;II
44619;Trinexapac JH Técnico Helm ;trinexapaque-etílico (ácido dioxociclohexanocarboxílico) (970 g/kg);Herbicida/Regulador de Crescimento;Helm do Brasil Mercantil - São Paulo/SP; (Jiangsu Huifeng Bio Agriculture Co. Ltd. - Dafeng<CHINA, REPUBLICA POPULAR>FABRICANTE);PT;III
14316;Trinexapac Tecnico Proventis;trinexapaque-etílico (ácido dioxociclohexanocarboxílico) (965 g/kg);Regulador de Crescimento;Proventis Lifescience Defensivos Agrícolas Ltda; (Adama Huifeng (Jiangsu) Ltd.<CHINA, REPUBLICA POPULAR>FABRICANTE);IV;III
14116;Trinexapac Técnico CCAB;trinexapaque-etílico (ácido dioxociclohexanocarboxílico) (965 g/kg);Regulador de Crescimento;CCAB Agro S.A.   São Paulo; (Adama Huifeng (Jiangsu) Ltd.<CHINA, REPUBLICA POPULAR>FABRICANTE);IV;III
TC12420;Trinexapac Técnico CCAB II;trinexapaque-etílico (ácido dioxociclohexanocarboxílico) (980 g/kg);Herbicida/Regulador de Crescimento;CCAB Agro S.A.   São Paulo; (Huaian Glory Chemical Co., Ltd.<CHINA, REPUBLICA POPULAR>FABRICANTE);PT;III
TC09524;Trinexapac Técnico Yangnong;trinexapaque-etílico (ácido dioxociclohexanocarboxílico) (980 g/kg);Regulador de Crescimento;Biorisk - Assessoria e Comércio de Produtos Agrícolas Ltda.; (Youjia Crop Protection Co Ltd<CHINA, REPUBLICA POPULAR>FABRICANTE);PT;II
TC09624;Trinexapac V Técnico Helm;trinexapaque-etílico (ácido dioxociclohexanocarboxílico) (980 g/kg);Regulador de Crescimento;Helm do Brasil Mercantil - São Paulo/SP; (Youth Chemical Co. Ltd. - Jiangsu<CHINA, REPUBLICA POPULAR>FABRICANTE) +  (Youjia Crop Protection Co Ltd<CHINA, REPUBLICA POPULAR>FABRICANTE);PT;II
16819;Trinexapaque Etil Técnico Milenia;trinexapaque-etílico (ácido dioxociclohexanocarboxílico) (975 g/kg);Regulador de Crescimento;Adama Brasil S.A.- Londrina/PR; (Max (Rudong) Chemicals Co., Ltd.<CHINA, REPUBLICA POPULAR>FABRICANTE);IV;III
44819;Trinexapaque Tecnico Tecnomyl;trinexapaque-etílico (ácido dioxociclohexanocarboxílico) (970 g/kg);Regulador de Crescimento;Tecnomyl Brasil Distribuidora de Produtos Agrícolas Ltda - Foz do Iguaçu;;PT;III
TC09724;Trinexapaque Técnico Tecnomyl II;trinexapaque-etílico (ácido dioxociclohexanocarboxílico) (980 g/kg);Regulador de Crescimento;Tecnomyl Brasil Distribuidora de Produtos Agrícolas Ltda - Foz do Iguaçu; (Youjia Crop Protection Co Ltd<CHINA, REPUBLICA POPULAR>FABRICANTE);PT;II
TC01521;Trinexapaque-Etílico Ascenza Técnico;trinexapaque-etílico (ácido dioxociclohexanocarboxílico) (980 g/kg);Regulador de Crescimento;Ascenza Brasil Ltda - Hortolândia/SP; (Huaian Glory Chemical Co., Ltd.<CHINA, REPUBLICA POPULAR>FABRICANTE);PT;III
44719;Trinexapaque-Etílico Técnico Adama ;trinexapaque-etílico (ácido dioxociclohexanocarboxílico) (970 g/kg);Regulador de Crescimento;Adama Brasil S.A.- Londrina/PR; (Adama Huifeng (Jiangsu) Ltd.<CHINA, REPUBLICA POPULAR>FABRICANTE);PT;III
TC09824;Trinexapaque-Etílico Técnico Adama BR;trinexapaque-etílico (ácido dioxociclohexanocarboxílico) (980 g/kg);Regulador de Crescimento;Adama Brasil S.A.- Londrina/PR; (Youjia Crop Protection Co Ltd<CHINA, REPUBLICA POPULAR>FABRICANTE);PT;II
17319;Trinexapaque-Etílico Técnico MAX;trinexapaque-etílico (ácido dioxociclohexanocarboxílico) (975 g/kg);Regulador de Crescimento;Maxunitech do Brasil Ltda; (Max (Rudong) Chemicals Co., Ltd.<CHINA, REPUBLICA POPULAR>FABRICANTE);IV;III
14216;Trinexapaque-Etílico Técnico ME2;trinexapaque-etílico (ácido dioxociclohexanocarboxílico) (965 g/kg);Regulador de Crescimento;UPL do Brasil Indústria e Comércio de Insumos Agropecuários S.A. - Matriz Ituverava/SP ; (Adama Huifeng (Jiangsu) Ltd.<CHINA, REPUBLICA POPULAR>FABRICANTE);IV;III
TC13320;Trinexapaque-Etílico Técnico OF;trinexapaque-etílico (ácido dioxociclohexanocarboxílico) (980 g/kg);Regulador de Crescimento;Ouro Fino Química S.A. - Uberaba; (Huaian Glory Chemical Co., Ltd.<CHINA, REPUBLICA POPULAR>FABRICANTE);PT;III
27719;Trinexapaque-Etílico Técnico Ouro Fino;trinexapaque-etílico (ácido dioxociclohexanocarboxílico) (970 g/kg);Regulador de Crescimento;Ouro Fino Química S.A. - Uberaba; (Max (Rudong) Chemicals Co., Ltd.<CHINA, REPUBLICA POPULAR>FABRICANTE) +  (Adama Huifeng (Jiangsu) Ltd.<CHINA, REPUBLICA POPULAR>FABRICANTE);IV;III
TC09424;Trinexapaque-Etílico Y Técnico Helm;trinexapaque-etílico (ácido dioxociclohexanocarboxílico) (980 g/kg);Regulador de Crescimento;Helm do Brasil Mercantil - São Paulo/SP; (Youjia Crop Protection Co Ltd<CHINA, REPUBLICA POPULAR>FABRICANTE);PT;II
39619;Trinexapaque-etílico Técnico Consagro;trinexapaque-etílico (ácido dioxociclohexanocarboxílico) (975 g/kg);Regulador de Crescimento;Albaugh Agro Brasil Ltda.- São Paulo; (Max (Rudong) Chemicals Co., Ltd.<CHINA, REPUBLICA POPULAR>FABRICANTE);PT;III
6508;Trinity Técnico;flutriafol (triazol) (950 g/kg);Fungicida;Globachem Proteção de Cultivos do Brasil Ltda. - Campinas/SP; (Changzhou Ruiping Chemical Co.Ltd. (ex-Wishchem Co., Ltd)<CHINA, REPUBLICA POPULAR>FABRICANTE);III;III
08195;Triticonazole Técnico;triticonazol (triazol) (950 g/kg);Fungicida;Basf Agricultural Solutions Brasil Ltda  São Paulo/SP; (Basf Agri-Production S.A. - Saint Aubin les Elbeuf<FRANÇA>FABRICANTE);III;II
TC13725;Tymirium Técnico;Ciclobutrifluram (Fenetilarilamida) (800 g/kg);Fungicida/Nematicida;Syngenta Proteção de Cultivos Ltda.  São Paulo/SP; (Syngenta Crop Protection AG - Monthey<SUÍCA>FABRICANTE) +  (Syngenta Crop Protection Münchwilen AG - Münchwilen<SUÍCA>FABRICANTE) +  (Syngenta Limited - Grangemouth<REINO UNIDO>FABRICANTE);Não;II
TC02626;Técnico Meganil;fipronil (pirazol) (980 g/kg);Cupinicida/Formicida/Inseticida;Meghmani Organics Biodefensivos e Agrícolas do Brasil Ltda - Campinas/SP; (Meghmani Organics Ltd. Unit I - Ankleshwar <ÍNDIA>FABRICANTE);PT;II
TC08025;V Acetamiprid Técnico;acetamiprido (neonicotinóide) (990 g/kg);Inseticida;Hemani Agro do Brasil Ltda; (Hemani Industries Limited - Unit III - Dahej<ÍNDIA>FABRICANTE);PT;II
TC12825;V Bifentrina Técnico ;bifentrina (piretróide) (980 g/kg);Inseticida;Hemani Agro do Brasil Ltda; (Hemani Industries Limited - Unit III - Dahej<ÍNDIA>FABRICANTE);PT;II
TC21725;V Lambda Cyhalothrin Técnico;lambda-cialotrina (piretróide) (970 g/kg);Inseticida;Hemani Agro do Brasil Ltda; (Hemani Industries Limited - Unit III - Dahej<ÍNDIA>FABRICANTE);PT;I
TC00726;V Metribuzin Técnico;metribuzim (triazinona) (970 g/kg);Herbicida;Hemani Agro do Brasil Ltda; (Hemani Crop Care Private Limited<ÍNDIA>FABRICANTE);PT;II
TC29325;V Permetrina Técnico;permetrina (piretróide) (950 g/kg);Formicida/Inseticida;Hemani Agro do Brasil Ltda; (Hemani Industries Limited - Unit III - Dahej<ÍNDIA>FABRICANTE);PT;II
TC09225;Vakero Técnico ;diclosulam (sulfonanilida triazolopirimidina) (970 g/kg);Herbicida;ANASAC Brasil Comercio e Locação de Máquinas Ltda.; (Jiangsu Agrochem Laboratory Co., Ltd - Changzhou <CHINA, REPUBLICA POPULAR>FABRICANTE);PT;II
TC08026;Valifenalate Técnico Isagro;valifenalate (dipeptídeos) (980 g/kg);Fungicida;Biorisk - Assessoria e Comércio de Produtos Agrícolas Ltda.; (PI Industries Ltd. (Industrial Plant)  Panoli<ÍNDIA>FABRICANTE);PT;IV
06797;Vezir Técnico;imazetapir (imidazolinona) (930 g/kg);Herbicida;Adama Brasil S.A.- Londrina/PR; (Adama Brasil S.A.- Londrina/PR<BRASIL>FABRICANTE);III;II
3198202;Vitavax Técnico;carboxina (carboxanilida) (970 g/kg);Fungicida;UPL do Brasil Indústria e Comércio de Insumos Agropecuários S.A. - Matriz Ituverava/SP ; (Lanxess Canadá CO/CIE <CANADÁ>FABRICANTE) +  (Yingde Greatchem Chemicals <CHINA, REPUBLICA POPULAR>FABRICANTE) +  (India Pesticides Limited<ÍNDIA>FABRICANTE);III;II
8209;Viviful Técnico;Proexadiona cálcica (Ciclohexadiona) (910 g/kg);Regulador de Crescimento;Iharabras S.A. Indústria Químicas - Sorocaba; (Kumiai Chemical Industry Co. Ltd. - Shizuoka Planta<JAPÃO>FABRICANTE) +  (K-I Chemical Industry Co., Ltd.<JAPÃO>FABRICANTE);III;IV
0216;Wiluron Técnico ;diurom (uréia) (970 g/kg);Herbicida;Willowood Agriscience Representação Comercial Ltda  Campinas/SP; (Shandong Weifang Rainbow Chemical Co., Ltd. - Unidade Fabril 01<CHINA, REPUBLICA POPULAR>FABRICANTE) +  (Jingma Chemicals Co., Ltd. - Zhejiang<CHINA, REPUBLICA POPULAR>FABRICANTE);III;II
14808;Xavante Técnico;fluopicolide (benzamida) (970 g/kg);Fungicida;Bayer S.A. - São Paulo/ SP; (Bayer AG - Dormagen<ALEMANHA>FABRICANTE) +  (Bayer CropScience Schweiz AG - Muttenz<SUÍCA>FABRICANTE) +  (Deccan Fine Chemicals (Índia) Pvt Ltd - Ankleshwar<ÍNDIA>FABRICANTE);III;II
TC00326;Xtend MEA Premix;Dicamba (Ácido Benzóico) (710 g/L);Herbicida;Monsanto do Brasil Ltda - São Paulo; (Bayer CropScience LLC - Lulling Plant<ESTADOS UNIDOS>FABRICANTE);Não;III
TC09320;Yamato Técnico; Piroxassulfona (pirazol) (964 g/kg);Herbicida;Iharabras S.A. Indústria Químicas - Sorocaba; (PI Industries Limited - Panoli<ÍNDIA>FABRICANTE) +  (Shanghai Qunli Chemical Co. Ltd.<CHINA, REPUBLICA POPULAR>FABRICANTE) +  (Ihara Chemical Industry Co., Ltd. - Fuji<JAPÃO>FABRICANTE) +  (PI Industries Ltd. - Jambusar<ÍNDIA>FABRICANTE);Não;II
14912;Zemaster Tecnico;diurom (uréia) (950 g/kg);Herbicida;Albaugh Agro Brasil Ltda.- São Paulo; (Jiangsu Kuaida Agrochemical Co., Ltd<CHINA, REPUBLICA POPULAR>FABRICANTE) +  (Jingma Chemicals Co., Ltd. - Zhejiang<CHINA, REPUBLICA POPULAR>FABRICANTE);III;II
TC09926;Zeta-Cipermetrina Técnico CHDS;zeta-cipermetrina (piretróide) (970 g/kg);Inseticida;CHDS do Brasil Comércio de Insumos Agrícolas Ltda - São Miguel do Iguaçu/PR   ; (Bharat Rasayan Ltd. - Unit II - Gujarat<ÍNDIA>FABRICANTE);PT;II
TC13726;Zeta-Cypermethrin Técnico Bharat;zeta-cipermetrina (piretróide) (970 g/kg);Inseticida;Biorisk - Assessoria e Comércio de Produtos Agrícolas Ltda.; (Bharat Rasayan Limited - Unit I - Rohtak <ÍNDIA>FABRICANTE);PT;II
013908;Zetacypermethrin Técnico FMC;zeta-cipermetrina (piretróide) (920 g/kg);Inseticida;FMC Química do Brasil Ltda. - Campinas/SP; (Meghmani Organics Ltd. Unit III - Chharodi<ÍNDIA>FABRICANTE) +  (Jiangsu Lanfeng Biochemical Co. Ltd - Planta 2 Suhua<CHINA, REPUBLICA POPULAR>FABRICANTE);II;II
04200;Zoxium Técnico;zoxamida (benzamida) (950 g/kg);Fungicida;Gowan Produtos Agrícolas Ltda. - Matriz Campinas/SP; (W. R. Grace & Co-Conn<ESTADOS UNIDOS>FABRICANTE);II;III
00504;Zoxium Técnico 950;zoxamida (benzamida) (950 g/kg);Fungicida;Gowan Produtos Agrícolas Ltda. - Matriz Campinas/SP; (W. R. Grace & Co-Conn<ESTADOS UNIDOS>FABRICANTE) +  (Dalian Chemphy Chemical CO. Ltd<CHINA, REPUBLICA POPULAR>FABRICANTE);II;III
2302;Ácido 2,4-D Técnico Atanor;2,4-D (ácido ariloxialcanóico) (973 g/kg);Herbicida;Albaugh Agro Brasil Ltda.- São Paulo;;IV;III
3895;Ácido Giberélico Técnico;ácido giberélico (giberelina) (850 g/kg);Regulador de Crescimento;Sumitomo Chemical Brasil Indústria Química S.A. - Maracanaú/CE; (Abbott Laboratories  - Illinois<ESTADOS UNIDOS>FABRICANTE) +  (Jiangxi New Reyphon Biochemical Co Ltd.<CHINA, REPUBLICA POPULAR>FABRICANTE) +  (Jiangsu Fengyuan Bioengineering Company<CHINA, REPUBLICA POPULAR>FABRICANTE) +  (Zhejiang Qianjiang Biochemical Co Ltd.<CHINA, REPUBLICA POPULAR>FABRICANTE) +  (Sichuan Lomon Bio Technology Co., Ltd. <CHINA, REPUBLICA POPULAR>FABRICANTE);IV;IV
TC04120;Ácido Giberélico Técnico GA3;ácido giberélico (giberelina) (893.4 g/kg);Regulador de Crescimento;Stoller do Brasil Ltda.; (Jiangsu Fengyuan Biochemical<CHINA, REPUBLICA POPULAR>FABRICANTE);Não;IV
47119;Ácido Indol Butírico Técnico ;ácido 4-indol-3-ilbutírico (ácido indolalcanóico) (970 g/kg);Regulador de Crescimento;Stoller do Brasil Ltda.; (Xinghua Mingwei Chemical Co., Ltd.<CHINA, REPUBLICA POPULAR>FABRICANTE);5;IV
658688;Óxido Cuproso Técnico;óxido cuproso (inorgânico) (929.6 g/kg);Fungicida;Albaugh Agro Brasil Ltda.- São Paulo; (Albaugh Agro Brasil Ltda.- Resende<BRASIL>FABRICANTE);IV;II
